experiment_id,experiment_label,fpr,tpr,threshold
path_c,Caminho C - Naive Bayes Gaussiano,0.0,0.0,inf
path_c,Caminho C - Naive Bayes Gaussiano,0.3316338354577057,0.44952032891731386,1.0
path_c,Caminho C - Naive Bayes Gaussiano,0.33232908458864424,0.45134764732754684,0.999999999996362
path_c,Caminho C - Naive Bayes Gaussiano,0.3325608342989571,0.45157606212882595,0.999999999992724
path_c,Caminho C - Naive Bayes Gaussiano,0.3332560834298957,0.45180447693010506,0.9999999999890861
path_c,Caminho C - Naive Bayes Gaussiano,0.33371958285052145,0.45180447693010506,0.9999999999854481
path_c,Caminho C - Naive Bayes Gaussiano,0.33371958285052145,0.45226130653266333,0.9999999999818101
path_c,Caminho C - Naive Bayes Gaussiano,0.3339513325608343,0.45248972133394244,0.9999999999781721
path_c,Caminho C - Naive Bayes Gaussiano,0.3341830822711472,0.45248972133394244,0.9999999999672582
path_c,Caminho C - Naive Bayes Gaussiano,0.33464658169177286,0.45248972133394244,0.9999999999599822
path_c,Caminho C - Naive Bayes Gaussiano,0.3348783314020857,0.45248972133394244,0.9999999999417923
path_c,Caminho C - Naive Bayes Gaussiano,0.3348783314020857,0.45271813613522155,0.9999999999272404
path_c,Caminho C - Naive Bayes Gaussiano,0.33557358053302433,0.45271813613522155,0.9999999998908606
path_c,Caminho C - Naive Bayes Gaussiano,0.33557358053302433,0.4531749657377798,0.9999999998726707
path_c,Caminho C - Naive Bayes Gaussiano,0.3358053302433372,0.4531749657377798,0.9999999998581188
path_c,Caminho C - Naive Bayes Gaussiano,0.3358053302433372,0.45340338053905893,0.9999999998508429
path_c,Caminho C - Naive Bayes Gaussiano,0.3365005793742758,0.45340338053905893,0.99999999965803
path_c,Caminho C - Naive Bayes Gaussiano,0.3365005793742758,0.45363179534033804,0.9999999996289262
path_c,Caminho C - Naive Bayes Gaussiano,0.33673232908458867,0.45363179534033804,0.9999999995925464
path_c,Caminho C - Naive Bayes Gaussiano,0.33673232908458867,0.4538602101416172,0.9999999995852704
path_c,Caminho C - Naive Bayes Gaussiano,0.33696407879490153,0.4540886249428963,0.9999999995488906
path_c,Caminho C - Naive Bayes Gaussiano,0.33696407879490153,0.4543170397441754,0.9999999995270628
path_c,Caminho C - Naive Bayes Gaussiano,0.33719582850521435,0.4543170397441754,0.9999999993815436
path_c,Caminho C - Naive Bayes Gaussiano,0.33719582850521435,0.4550022841480128,0.9999999991596269
path_c,Caminho C - Naive Bayes Gaussiano,0.3374275782155272,0.4550022841480128,0.9999999990905053
path_c,Caminho C - Naive Bayes Gaussiano,0.3374275782155272,0.4556875285518502,0.999999998635758
path_c,Caminho C - Naive Bayes Gaussiano,0.3376593279258401,0.4556875285518502,0.9999999986102921
path_c,Caminho C - Naive Bayes Gaussiano,0.3376593279258401,0.4563727729556875,0.99999999829015
path_c,Caminho C - Naive Bayes Gaussiano,0.3383545770567787,0.4563727729556875,0.9999999980718712
path_c,Caminho C - Naive Bayes Gaussiano,0.3383545770567787,0.4568296025582458,0.9999999979081622
path_c,Caminho C - Naive Bayes Gaussiano,0.33858632676709155,0.4568296025582458,0.9999999978426786
path_c,Caminho C - Naive Bayes Gaussiano,0.33858632676709155,0.4570580173595249,0.999999997431587
path_c,Caminho C - Naive Bayes Gaussiano,0.3388180764774044,0.4570580173595249,0.9999999974024831
path_c,Caminho C - Naive Bayes Gaussiano,0.3388180764774044,0.457286432160804,0.9999999973078957
path_c,Caminho C - Naive Bayes Gaussiano,0.3390498261877173,0.457286432160804,0.9999999971041689
path_c,Caminho C - Naive Bayes Gaussiano,0.3390498261877173,0.4600274097761535,0.9999999950814527
path_c,Caminho C - Naive Bayes Gaussiano,0.33928157589803015,0.4600274097761535,0.9999999949650373
path_c,Caminho C - Naive Bayes Gaussiano,0.33928157589803015,0.46162631338510735,0.999999993309757
path_c,Caminho C - Naive Bayes Gaussiano,0.33951332560834296,0.46162631338510735,0.9999999931969796
path_c,Caminho C - Naive Bayes Gaussiano,0.33951332560834296,0.4623115577889447,0.9999999922256393
path_c,Caminho C - Naive Bayes Gaussiano,0.33974507531865583,0.4623115577889447,0.9999999917854439
path_c,Caminho C - Naive Bayes Gaussiano,0.33974507531865583,0.46253997259022384,0.9999999917308742
path_c,Caminho C - Naive Bayes Gaussiano,0.33974507531865583,0.4629968021927821,0.9999999910214683
path_c,Caminho C - Naive Bayes Gaussiano,0.33974507531865583,0.47647327546825036,0.9999998968160124
path_c,Caminho C - Naive Bayes Gaussiano,0.3399768250289687,0.47647327546825036,0.9999998966814072
path_c,Caminho C - Naive Bayes Gaussiano,0.3399768250289687,0.47670169026952947,0.9999998944695163
path_c,Caminho C - Naive Bayes Gaussiano,0.34020857473928157,0.47670169026952947,0.9999998922394355
path_c,Caminho C - Naive Bayes Gaussiano,0.34020857473928157,0.4769301050708086,0.9999998886705788
path_c,Caminho C - Naive Bayes Gaussiano,0.34044032444959443,0.4769301050708086,0.9999998882449352
path_c,Caminho C - Naive Bayes Gaussiano,0.34044032444959443,0.47738693467336685,0.9999998848834433
path_c,Caminho C - Naive Bayes Gaussiano,0.34044032444959443,0.47784376427592506,0.9999998819730606
path_c,Caminho C - Naive Bayes Gaussiano,0.34044032444959443,0.47852900867976245,0.9999998671846785
path_c,Caminho C - Naive Bayes Gaussiano,0.3406720741599073,0.47852900867976245,0.9999998554521985
path_c,Caminho C - Naive Bayes Gaussiano,0.3406720741599073,0.4803563270899954,0.9999997831437448
path_c,Caminho C - Naive Bayes Gaussiano,0.34090382387022017,0.4803563270899954,0.9999997604900559
path_c,Caminho C - Naive Bayes Gaussiano,0.34090382387022017,0.481498401096391,0.9999996194383853
path_c,Caminho C - Naive Bayes Gaussiano,0.3413673232908459,0.481498401096391,0.999999585576092
path_c,Caminho C - Naive Bayes Gaussiano,0.3413673232908459,0.4821836455002284,0.9999994257051924
path_c,Caminho C - Naive Bayes Gaussiano,0.34159907300115877,0.4821836455002284,0.9999994200517767
path_c,Caminho C - Naive Bayes Gaussiano,0.34159907300115877,0.4826404751027867,0.9999993853163758
path_c,Caminho C - Naive Bayes Gaussiano,0.34183082271147164,0.4826404751027867,0.9999993144922503
path_c,Caminho C - Naive Bayes Gaussiano,0.34183082271147164,0.4837825491091823,0.9999990940018063
path_c,Caminho C - Naive Bayes Gaussiano,0.34206257242178445,0.4837825491091823,0.9999990516339444
path_c,Caminho C - Naive Bayes Gaussiano,0.34206257242178445,0.48446779351301966,0.9999986821648733
path_c,Caminho C - Naive Bayes Gaussiano,0.3422943221320973,0.48446779351301966,0.9999986253906525
path_c,Caminho C - Naive Bayes Gaussiano,0.3422943221320973,0.48469620831429877,0.9999985271217089
path_c,Caminho C - Naive Bayes Gaussiano,0.34275782155272305,0.48469620831429877,0.9999983668944571
path_c,Caminho C - Naive Bayes Gaussiano,0.34275782155272305,0.4849246231155779,0.9999982554597164
path_c,Caminho C - Naive Bayes Gaussiano,0.3429895712630359,0.4849246231155779,0.9999980655066405
path_c,Caminho C - Naive Bayes Gaussiano,0.3429895712630359,0.485153037916857,0.9999980240665048
path_c,Caminho C - Naive Bayes Gaussiano,0.3432213209733488,0.485153037916857,0.9999979982914763
path_c,Caminho C - Naive Bayes Gaussiano,0.3432213209733488,0.48675194152581086,0.9999972766891708
path_c,Caminho C - Naive Bayes Gaussiano,0.34345307068366165,0.48675194152581086,0.999997270824765
path_c,Caminho C - Naive Bayes Gaussiano,0.34345307068366165,0.48698035632708997,0.9999970531651107
path_c,Caminho C - Naive Bayes Gaussiano,0.34414831981460026,0.48698035632708997,0.9999969066277669
path_c,Caminho C - Naive Bayes Gaussiano,0.34414831981460026,0.4892645043398812,0.99999407201114
path_c,Caminho C - Naive Bayes Gaussiano,0.34438006952491307,0.4892645043398812,0.9999940205777018
path_c,Caminho C - Naive Bayes Gaussiano,0.34438006952491307,0.4897213339424395,0.999993663894266
path_c,Caminho C - Naive Bayes Gaussiano,0.34461181923522594,0.4897213339424395,0.9999935256337671
path_c,Caminho C - Naive Bayes Gaussiano,0.34461181923522594,0.4929191411603472,0.999988877880247
path_c,Caminho C - Naive Bayes Gaussiano,0.3448435689455388,0.4929191411603472,0.9999872436105398
path_c,Caminho C - Naive Bayes Gaussiano,0.3448435689455388,0.49337597076290546,0.9999867770167149
path_c,Caminho C - Naive Bayes Gaussiano,0.3448435689455388,0.4940612151667428,0.9999865910275251
path_c,Caminho C - Naive Bayes Gaussiano,0.34530706836616454,0.4940612151667428,0.9999857505714562
path_c,Caminho C - Naive Bayes Gaussiano,0.34530706836616454,0.49566011877569666,0.9999842627804847
path_c,Caminho C - Naive Bayes Gaussiano,0.34600231749710314,0.49566011877569666,0.999983299361097
path_c,Caminho C - Naive Bayes Gaussiano,0.34600231749710314,0.49634536317953404,0.9999809858843577
path_c,Caminho C - Naive Bayes Gaussiano,0.3464658169177289,0.49634536317953404,0.9999783054179252
path_c,Caminho C - Naive Bayes Gaussiano,0.3464658169177289,0.49840109639104613,0.999972392040064
path_c,Caminho C - Naive Bayes Gaussiano,0.34669756662804174,0.49840109639104613,0.9999716724825329
path_c,Caminho C - Naive Bayes Gaussiano,0.34669756662804174,0.4995431703974417,0.9999691974677415
path_c,Caminho C - Naive Bayes Gaussiano,0.3471610660486674,0.4995431703974417,0.9999673220400555
path_c,Caminho C - Naive Bayes Gaussiano,0.3471610660486674,0.5006852444038373,0.9999622065527188
path_c,Caminho C - Naive Bayes Gaussiano,0.3473928157589803,0.5006852444038373,0.9999621093095873
path_c,Caminho C - Naive Bayes Gaussiano,0.3473928157589803,0.5009136592051165,0.9999614792502827
path_c,Caminho C - Naive Bayes Gaussiano,0.34762456546929316,0.5009136592051165,0.999961247974716
path_c,Caminho C - Naive Bayes Gaussiano,0.34762456546929316,0.5011420740063957,0.9999600584133672
path_c,Caminho C - Naive Bayes Gaussiano,0.347856315179606,0.5011420740063957,0.9999592084266554
path_c,Caminho C - Naive Bayes Gaussiano,0.347856315179606,0.5052535404294198,0.9999469631497658
path_c,Caminho C - Naive Bayes Gaussiano,0.3480880648899189,0.5052535404294198,0.9999461938238325
path_c,Caminho C - Naive Bayes Gaussiano,0.3480880648899189,0.5079945180447692,0.9999386543831609
path_c,Caminho C - Naive Bayes Gaussiano,0.34831981460023176,0.5079945180447692,0.999938179707092
path_c,Caminho C - Naive Bayes Gaussiano,0.34831981460023176,0.5089081772498858,0.9999360878552739
path_c,Caminho C - Naive Bayes Gaussiano,0.3485515643105446,0.5089081772498858,0.9999346209460692
path_c,Caminho C - Naive Bayes Gaussiano,0.3485515643105446,0.509365006852444,0.9999330483991795
path_c,Caminho C - Naive Bayes Gaussiano,0.3487833140208575,0.509365006852444,0.9999327154264154
path_c,Caminho C - Naive Bayes Gaussiano,0.3487833140208575,0.5095934216537231,0.9999318679911687
path_c,Caminho C - Naive Bayes Gaussiano,0.34901506373117036,0.5095934216537231,0.9999315806395672
path_c,Caminho C - Naive Bayes Gaussiano,0.34901506373117036,0.5102786660575606,0.999928052102357
path_c,Caminho C - Naive Bayes Gaussiano,0.3492468134414832,0.5102786660575606,0.9999274610207994
path_c,Caminho C - Naive Bayes Gaussiano,0.3492468134414832,0.511192325262677,0.9999242959373691
path_c,Caminho C - Naive Bayes Gaussiano,0.34947856315179604,0.511192325262677,0.9999241615606146
path_c,Caminho C - Naive Bayes Gaussiano,0.34947856315179604,0.5127912288716309,0.9999179462916841
path_c,Caminho C - Naive Bayes Gaussiano,0.3497103128621089,0.5127912288716309,0.9999179256296602
path_c,Caminho C - Naive Bayes Gaussiano,0.3497103128621089,0.5134764732754683,0.9999139582343357
path_c,Caminho C - Naive Bayes Gaussiano,0.35017381228273464,0.5134764732754683,0.9999135717105944
path_c,Caminho C - Naive Bayes Gaussiano,0.35017381228273464,0.5139333028780265,0.9999120152534332
path_c,Caminho C - Naive Bayes Gaussiano,0.3504055619930475,0.5139333028780265,0.9999112192212547
path_c,Caminho C - Naive Bayes Gaussiano,0.3504055619930475,0.5159890360895386,0.9999013051886686
path_c,Caminho C - Naive Bayes Gaussiano,0.35086906141367324,0.5159890360895386,0.9998995294352342
path_c,Caminho C - Naive Bayes Gaussiano,0.35086906141367324,0.5166742804933759,0.9998983992075958
path_c,Caminho C - Naive Bayes Gaussiano,0.3511008111239861,0.5166742804933759,0.9998966774013344
path_c,Caminho C - Naive Bayes Gaussiano,0.3511008111239861,0.5189584285061672,0.9998842132144219
path_c,Caminho C - Naive Bayes Gaussiano,0.351332560834299,0.5189584285061672,0.999882596517814
path_c,Caminho C - Naive Bayes Gaussiano,0.351332560834299,0.5198720877112837,0.9998771338431147
path_c,Caminho C - Naive Bayes Gaussiano,0.35156431054461185,0.5198720877112837,0.9998758998548557
path_c,Caminho C - Naive Bayes Gaussiano,0.35156431054461185,0.5214709913202376,0.9998661641731091
path_c,Caminho C - Naive Bayes Gaussiano,0.35179606025492466,0.5214709913202376,0.9998586721754801
path_c,Caminho C - Naive Bayes Gaussiano,0.35179606025492466,0.5219278209227958,0.999856954406095
path_c,Caminho C - Naive Bayes Gaussiano,0.35179606025492466,0.522384650525354,0.9998505188171396
path_c,Caminho C - Naive Bayes Gaussiano,0.3520278099652375,0.522384650525354,0.9998489739815023
path_c,Caminho C - Naive Bayes Gaussiano,0.3520278099652375,0.5242119689355871,0.9998251905177234
path_c,Caminho C - Naive Bayes Gaussiano,0.3522595596755504,0.5242119689355871,0.9998232971225177
path_c,Caminho C - Naive Bayes Gaussiano,0.3522595596755504,0.5255824577432617,0.9998065869769981
path_c,Caminho C - Naive Bayes Gaussiano,0.35249130938586326,0.5255824577432617,0.9998065696744802
path_c,Caminho C - Naive Bayes Gaussiano,0.35249130938586326,0.5260392873458201,0.9998050566491987
path_c,Caminho C - Naive Bayes Gaussiano,0.35272305909617613,0.5260392873458201,0.9998035766816635
path_c,Caminho C - Naive Bayes Gaussiano,0.35272305909617613,0.5271813613522156,0.9997981790179502
path_c,Caminho C - Naive Bayes Gaussiano,0.352954808806489,0.5271813613522156,0.9997973629260781
path_c,Caminho C - Naive Bayes Gaussiano,0.352954808806489,0.5287802649611695,0.9997901387137984
path_c,Caminho C - Naive Bayes Gaussiano,0.35318655851680186,0.5287802649611695,0.9997901165522456
path_c,Caminho C - Naive Bayes Gaussiano,0.35318655851680186,0.5294655093650068,0.9997870302816599
path_c,Caminho C - Naive Bayes Gaussiano,0.3536500579374276,0.5294655093650068,0.9997843852376458
path_c,Caminho C - Naive Bayes Gaussiano,0.3536500579374276,0.5310644129739607,0.999773959765262
path_c,Caminho C - Naive Bayes Gaussiano,0.3541135573580533,0.5310644129739607,0.9997727145746059
path_c,Caminho C - Naive Bayes Gaussiano,0.3541135573580533,0.5326633165829145,0.999764469334264
path_c,Caminho C - Naive Bayes Gaussiano,0.35434530706836614,0.5326633165829145,0.9997625424652905
path_c,Caminho C - Naive Bayes Gaussiano,0.35434530706836614,0.5331201461854728,0.9997519670566896
path_c,Caminho C - Naive Bayes Gaussiano,0.354577056778679,0.5331201461854728,0.9997507706920201
path_c,Caminho C - Naive Bayes Gaussiano,0.354577056778679,0.5340338053905893,0.999742985300326
path_c,Caminho C - Naive Bayes Gaussiano,0.35504055619930475,0.5340338053905893,0.9997332852279286
path_c,Caminho C - Naive Bayes Gaussiano,0.35504055619930475,0.535175879396985,0.999714264774553
path_c,Caminho C - Naive Bayes Gaussiano,0.3552723059096176,0.535175879396985,0.9997138487451521
path_c,Caminho C - Naive Bayes Gaussiano,0.3552723059096176,0.5354042941982641,0.9997135328226006
path_c,Caminho C - Naive Bayes Gaussiano,0.3555040556199305,0.5354042941982641,0.9997119340738096
path_c,Caminho C - Naive Bayes Gaussiano,0.3555040556199305,0.5358611238008223,0.9997095938497634
path_c,Caminho C - Naive Bayes Gaussiano,0.35573580533024335,0.5358611238008223,0.9997068470243151
path_c,Caminho C - Naive Bayes Gaussiano,0.35573580533024335,0.5363179534033805,0.9997026136527871
path_c,Caminho C - Naive Bayes Gaussiano,0.3561993047508691,0.5363179534033805,0.9996955615126788
path_c,Caminho C - Naive Bayes Gaussiano,0.3561993047508691,0.5365463682046596,0.9996919428941448
path_c,Caminho C - Naive Bayes Gaussiano,0.35643105446118195,0.5365463682046596,0.999689354050973
path_c,Caminho C - Naive Bayes Gaussiano,0.35643105446118195,0.5367747830059388,0.9996869210858118
path_c,Caminho C - Naive Bayes Gaussiano,0.35666280417149476,0.5367747830059388,0.9996821000516387
path_c,Caminho C - Naive Bayes Gaussiano,0.35666280417149476,0.5374600274097762,0.9996718976024679
path_c,Caminho C - Naive Bayes Gaussiano,0.3571263035921205,0.5374600274097762,0.9996632128189867
path_c,Caminho C - Naive Bayes Gaussiano,0.3571263035921205,0.5379168570123344,0.9996617711636284
path_c,Caminho C - Naive Bayes Gaussiano,0.35735805330243336,0.5379168570123344,0.9996613016595283
path_c,Caminho C - Naive Bayes Gaussiano,0.35735805330243336,0.5381452718136135,0.9996607766516492
path_c,Caminho C - Naive Bayes Gaussiano,0.35758980301274623,0.5381452718136135,0.9996604711760496
path_c,Caminho C - Naive Bayes Gaussiano,0.35758980301274623,0.5397441754225674,0.9996469113712588
path_c,Caminho C - Naive Bayes Gaussiano,0.3578215527230591,0.5397441754225674,0.999646731762218
path_c,Caminho C - Naive Bayes Gaussiano,0.3578215527230591,0.5399725902238465,0.9996362084881902
path_c,Caminho C - Naive Bayes Gaussiano,0.35805330243337197,0.5399725902238465,0.9996356400245723
path_c,Caminho C - Naive Bayes Gaussiano,0.35805330243337197,0.5404294198264048,0.9996337370893719
path_c,Caminho C - Naive Bayes Gaussiano,0.35828505214368483,0.5404294198264048,0.9996250328796875
path_c,Caminho C - Naive Bayes Gaussiano,0.35828505214368483,0.5411146642302421,0.9996216762972423
path_c,Caminho C - Naive Bayes Gaussiano,0.3585168018539977,0.5411146642302421,0.9996204224665912
path_c,Caminho C - Naive Bayes Gaussiano,0.3585168018539977,0.5413430790315212,0.9996195929262223
path_c,Caminho C - Naive Bayes Gaussiano,0.35874855156431057,0.5413430790315212,0.9996184133355422
path_c,Caminho C - Naive Bayes Gaussiano,0.35874855156431057,0.5420283234353586,0.9996124240196794
path_c,Caminho C - Naive Bayes Gaussiano,0.3589803012746234,0.5420283234353586,0.999612182351528
path_c,Caminho C - Naive Bayes Gaussiano,0.3589803012746234,0.5440840566468708,0.9995958122022718
path_c,Caminho C - Naive Bayes Gaussiano,0.35921205098493625,0.5440840566468708,0.9995936134844469
path_c,Caminho C - Naive Bayes Gaussiano,0.35921205098493625,0.5447693010507081,0.9995799388383109
path_c,Caminho C - Naive Bayes Gaussiano,0.3594438006952491,0.5447693010507081,0.9995789988089913
path_c,Caminho C - Naive Bayes Gaussiano,0.3594438006952491,0.5449977158519872,0.9995723439400116
path_c,Caminho C - Naive Bayes Gaussiano,0.359675550405562,0.5449977158519872,0.9995708695133917
path_c,Caminho C - Naive Bayes Gaussiano,0.359675550405562,0.5454545454545454,0.9995649589521817
path_c,Caminho C - Naive Bayes Gaussiano,0.35990730011587485,0.5454545454545454,0.9995606109300502
path_c,Caminho C - Naive Bayes Gaussiano,0.35990730011587485,0.5456829602558245,0.9995439215564506
path_c,Caminho C - Naive Bayes Gaussiano,0.3601390498261877,0.5456829602558245,0.9995422107531766
path_c,Caminho C - Naive Bayes Gaussiano,0.3601390498261877,0.5459113750571037,0.9995401514273959
path_c,Caminho C - Naive Bayes Gaussiano,0.36060254924681345,0.5459113750571037,0.9995200220843125
path_c,Caminho C - Naive Bayes Gaussiano,0.36060254924681345,0.5465966194609411,0.9995182749051373
path_c,Caminho C - Naive Bayes Gaussiano,0.3608342989571263,0.5465966194609411,0.9995128161698489
path_c,Caminho C - Naive Bayes Gaussiano,0.3608342989571263,0.5468250342622202,0.9995036894351609
path_c,Caminho C - Naive Bayes Gaussiano,0.3610660486674392,0.5468250342622202,0.9995025666654909
path_c,Caminho C - Naive Bayes Gaussiano,0.3610660486674392,0.5470534490634993,0.9995016322940844
path_c,Caminho C - Naive Bayes Gaussiano,0.36129779837775206,0.5470534490634993,0.9994957161135538
path_c,Caminho C - Naive Bayes Gaussiano,0.36129779837775206,0.5488807674737323,0.9994549865247366
path_c,Caminho C - Naive Bayes Gaussiano,0.36152954808806487,0.5488807674737323,0.9994478804792875
path_c,Caminho C - Naive Bayes Gaussiano,0.36152954808806487,0.5493375970762906,0.999441725996909
path_c,Caminho C - Naive Bayes Gaussiano,0.36176129779837773,0.5493375970762906,0.9994410650109017
path_c,Caminho C - Naive Bayes Gaussiano,0.36176129779837773,0.5500228414801279,0.9994354233048525
path_c,Caminho C - Naive Bayes Gaussiano,0.36245654692931634,0.5500228414801279,0.9994204876042142
path_c,Caminho C - Naive Bayes Gaussiano,0.36245654692931634,0.5518501598903609,0.9993733382126184
path_c,Caminho C - Naive Bayes Gaussiano,0.3626882966396292,0.5518501598903609,0.9993580630744259
path_c,Caminho C - Naive Bayes Gaussiano,0.3626882966396292,0.5523069894929191,0.9993443870189216
path_c,Caminho C - Naive Bayes Gaussiano,0.3633835457705678,0.5523069894929191,0.9993376736486684
path_c,Caminho C - Naive Bayes Gaussiano,0.3633835457705678,0.5527638190954773,0.9993275977410242
path_c,Caminho C - Naive Bayes Gaussiano,0.3638470451911935,0.5527638190954773,0.9993101480166342
path_c,Caminho C - Naive Bayes Gaussiano,0.3638470451911935,0.5529922338967566,0.9993081409597532
path_c,Caminho C - Naive Bayes Gaussiano,0.36407879490150635,0.5529922338967566,0.9992790734293557
path_c,Caminho C - Naive Bayes Gaussiano,0.36407879490150635,0.553905893101873,0.9992374199620783
path_c,Caminho C - Naive Bayes Gaussiano,0.3645422943221321,0.553905893101873,0.9992225529548531
path_c,Caminho C - Naive Bayes Gaussiano,0.3645422943221321,0.5543627227044312,0.9992066969359943
path_c,Caminho C - Naive Bayes Gaussiano,0.36477404403244496,0.5543627227044312,0.9991950498757776
path_c,Caminho C - Naive Bayes Gaussiano,0.36477404403244496,0.5545911375057103,0.9991772750917272
path_c,Caminho C - Naive Bayes Gaussiano,0.3650057937427578,0.5545911375057103,0.9991721204298741
path_c,Caminho C - Naive Bayes Gaussiano,0.3650057937427578,0.555733211512106,0.9991079473701291
path_c,Caminho C - Naive Bayes Gaussiano,0.3652375434530707,0.555733211512106,0.9990898934264814
path_c,Caminho C - Naive Bayes Gaussiano,0.3652375434530707,0.5564184559159433,0.9990513964604463
path_c,Caminho C - Naive Bayes Gaussiano,0.36546929316338356,0.5564184559159433,0.9990473482407128
path_c,Caminho C - Naive Bayes Gaussiano,0.36546929316338356,0.5566468707172225,0.9990045180976849
path_c,Caminho C - Naive Bayes Gaussiano,0.3659327925840093,0.5566468707172225,0.9989963817462003
path_c,Caminho C - Naive Bayes Gaussiano,0.3659327925840093,0.5568752855185016,0.9989863940022568
path_c,Caminho C - Naive Bayes Gaussiano,0.36639629200463497,0.5568752855185016,0.9989784654964626
path_c,Caminho C - Naive Bayes Gaussiano,0.36639629200463497,0.5571037003197807,0.9989744315132246
path_c,Caminho C - Naive Bayes Gaussiano,0.36662804171494784,0.5571037003197807,0.9989719992049823
path_c,Caminho C - Naive Bayes Gaussiano,0.36662804171494784,0.5587026039287346,0.9988494384715169
path_c,Caminho C - Naive Bayes Gaussiano,0.3670915411355736,0.5587026039287346,0.9988334087905489
path_c,Caminho C - Naive Bayes Gaussiano,0.3670915411355736,0.5589310187300137,0.9988056712066519
path_c,Caminho C - Naive Bayes Gaussiano,0.36732329084588644,0.5589310187300137,0.9987817600818021
path_c,Caminho C - Naive Bayes Gaussiano,0.36732329084588644,0.5591594335312928,0.9987567838543279
path_c,Caminho C - Naive Bayes Gaussiano,0.3675550405561993,0.5591594335312928,0.9987457698670802
path_c,Caminho C - Naive Bayes Gaussiano,0.3675550405561993,0.559616263133851,0.9987160013051531
path_c,Caminho C - Naive Bayes Gaussiano,0.3677867902665122,0.559616263133851,0.9987025730900287
path_c,Caminho C - Naive Bayes Gaussiano,0.3677867902665122,0.5603015075376885,0.998656932772618
path_c,Caminho C - Naive Bayes Gaussiano,0.36801853997682504,0.5603015075376885,0.9986106224025058
path_c,Caminho C - Naive Bayes Gaussiano,0.36801853997682504,0.5612151667428049,0.9984707532646501
path_c,Caminho C - Naive Bayes Gaussiano,0.3682502896871379,0.5612151667428049,0.9983877822527104
path_c,Caminho C - Naive Bayes Gaussiano,0.3682502896871379,0.561443581544084,0.9983429691585872
path_c,Caminho C - Naive Bayes Gaussiano,0.3684820393974508,0.561443581544084,0.9983305251565645
path_c,Caminho C - Naive Bayes Gaussiano,0.3684820393974508,0.5616719963453631,0.9983238382856333
path_c,Caminho C - Naive Bayes Gaussiano,0.3687137891077636,0.5616719963453631,0.9983193885658364
path_c,Caminho C - Naive Bayes Gaussiano,0.3687137891077636,0.5619004111466424,0.9983139850738834
path_c,Caminho C - Naive Bayes Gaussiano,0.3691772885283893,0.5619004111466424,0.9982694664332821
path_c,Caminho C - Naive Bayes Gaussiano,0.3691772885283893,0.5628140703517588,0.9982208936529798
path_c,Caminho C - Naive Bayes Gaussiano,0.3694090382387022,0.5628140703517588,0.9981877018944516
path_c,Caminho C - Naive Bayes Gaussiano,0.3694090382387022,0.563270899954317,0.9981485262937693
path_c,Caminho C - Naive Bayes Gaussiano,0.36964078794901506,0.563270899954317,0.9981243103314664
path_c,Caminho C - Naive Bayes Gaussiano,0.36964078794901506,0.5639561443581544,0.9980527127921824
path_c,Caminho C - Naive Bayes Gaussiano,0.3698725376593279,0.5639561443581544,0.9980278430061518
path_c,Caminho C - Naive Bayes Gaussiano,0.3698725376593279,0.5641845591594336,0.9979870921426645
path_c,Caminho C - Naive Bayes Gaussiano,0.3701042873696408,0.5641845591594336,0.9979248798160055
path_c,Caminho C - Naive Bayes Gaussiano,0.3701042873696408,0.5644129739607127,0.9978862515405905
path_c,Caminho C - Naive Bayes Gaussiano,0.37056778679026653,0.5644129739607127,0.9978430194956747
path_c,Caminho C - Naive Bayes Gaussiano,0.37056778679026653,0.5646413887619918,0.9978340285020765
path_c,Caminho C - Naive Bayes Gaussiano,0.3707995365005794,0.5646413887619918,0.9977767089714288
path_c,Caminho C - Naive Bayes Gaussiano,0.3707995365005794,0.5657834627683874,0.9975907594482419
path_c,Caminho C - Naive Bayes Gaussiano,0.37103128621089226,0.5657834627683874,0.9975396600405863
path_c,Caminho C - Naive Bayes Gaussiano,0.37103128621089226,0.5666971219735039,0.9973504422073436
path_c,Caminho C - Naive Bayes Gaussiano,0.37149478563151794,0.5666971219735039,0.9972530559478192
path_c,Caminho C - Naive Bayes Gaussiano,0.37149478563151794,0.5671539515760621,0.997240118385178
path_c,Caminho C - Naive Bayes Gaussiano,0.3717265353418308,0.5671539515760621,0.9972344848476191
path_c,Caminho C - Naive Bayes Gaussiano,0.3717265353418308,0.5680676107811786,0.9971091572473058
path_c,Caminho C - Naive Bayes Gaussiano,0.3719582850521437,0.5680676107811786,0.9970937501242187
path_c,Caminho C - Naive Bayes Gaussiano,0.3719582850521437,0.5682960255824577,0.9970905111969586
path_c,Caminho C - Naive Bayes Gaussiano,0.37219003476245655,0.5682960255824577,0.997085820007964
path_c,Caminho C - Naive Bayes Gaussiano,0.37219003476245655,0.5685244403837368,0.9970674798534117
path_c,Caminho C - Naive Bayes Gaussiano,0.3724217844727694,0.5685244403837368,0.9970518981162839
path_c,Caminho C - Naive Bayes Gaussiano,0.3724217844727694,0.5708085883965281,0.9969390234611419
path_c,Caminho C - Naive Bayes Gaussiano,0.37288528389339515,0.5708085883965281,0.9968864071331309
path_c,Caminho C - Naive Bayes Gaussiano,0.37288528389339515,0.5710370031978073,0.9968729933705419
path_c,Caminho C - Naive Bayes Gaussiano,0.3733487833140209,0.5710370031978073,0.9968055908259026
path_c,Caminho C - Naive Bayes Gaussiano,0.3733487833140209,0.5714938328003655,0.9966598807781198
path_c,Caminho C - Naive Bayes Gaussiano,0.37404403244495943,0.5714938328003655,0.996379063199428
path_c,Caminho C - Naive Bayes Gaussiano,0.37404403244495943,0.5717222476016446,0.9963648824325076
path_c,Caminho C - Naive Bayes Gaussiano,0.37450753186558516,0.5717222476016446,0.9963485307562059
path_c,Caminho C - Naive Bayes Gaussiano,0.37450753186558516,0.5719506624029237,0.9963358800280834
path_c,Caminho C - Naive Bayes Gaussiano,0.37520278099652377,0.5719506624029237,0.996227845228158
path_c,Caminho C - Naive Bayes Gaussiano,0.37520278099652377,0.5728643216080402,0.9960151781173213
path_c,Caminho C - Naive Bayes Gaussiano,0.37543453070683663,0.5728643216080402,0.9959658309847667
path_c,Caminho C - Naive Bayes Gaussiano,0.37543453070683663,0.5730927364093193,0.9958530409223685
path_c,Caminho C - Naive Bayes Gaussiano,0.3756662804171495,0.5730927364093193,0.9958226212359521
path_c,Caminho C - Naive Bayes Gaussiano,0.3756662804171495,0.5733211512105985,0.995820281240598
path_c,Caminho C - Naive Bayes Gaussiano,0.37589803012746237,0.5733211512105985,0.9958050952785327
path_c,Caminho C - Naive Bayes Gaussiano,0.37589803012746237,0.5737779808131567,0.9956698714361454
path_c,Caminho C - Naive Bayes Gaussiano,0.3761297798377752,0.5737779808131567,0.9956164366237199
path_c,Caminho C - Naive Bayes Gaussiano,0.3761297798377752,0.5740063956144358,0.9955186567747685
path_c,Caminho C - Naive Bayes Gaussiano,0.37636152954808805,0.5740063956144358,0.9954709728800504
path_c,Caminho C - Naive Bayes Gaussiano,0.37636152954808805,0.5742348104157149,0.9954620080616784
path_c,Caminho C - Naive Bayes Gaussiano,0.37775202780996525,0.5742348104157149,0.9952068140835408
path_c,Caminho C - Naive Bayes Gaussiano,0.37775202780996525,0.5744632252169941,0.9951758722383235
path_c,Caminho C - Naive Bayes Gaussiano,0.3779837775202781,0.5744632252169941,0.9950892306715039
path_c,Caminho C - Naive Bayes Gaussiano,0.3779837775202781,0.5746916400182732,0.9950853928264038
path_c,Caminho C - Naive Bayes Gaussiano,0.37867902665121667,0.5746916400182732,0.9950137993569776
path_c,Caminho C - Naive Bayes Gaussiano,0.37867902665121667,0.5749200548195523,0.9948542657042724
path_c,Caminho C - Naive Bayes Gaussiano,0.37891077636152953,0.5749200548195523,0.9948031386511146
path_c,Caminho C - Naive Bayes Gaussiano,0.37891077636152953,0.5751484696208314,0.9947325593456929
path_c,Caminho C - Naive Bayes Gaussiano,0.37937427578215527,0.5751484696208314,0.9943858730313072
path_c,Caminho C - Naive Bayes Gaussiano,0.37937427578215527,0.5753768844221105,0.9943194295686987
path_c,Caminho C - Naive Bayes Gaussiano,0.37960602549246814,0.5753768844221105,0.9942727674306743
path_c,Caminho C - Naive Bayes Gaussiano,0.37960602549246814,0.5758337140246688,0.9941622217492461
path_c,Caminho C - Naive Bayes Gaussiano,0.3805330243337196,0.5758337140246688,0.9939616827979497
path_c,Caminho C - Naive Bayes Gaussiano,0.3805330243337196,0.5760621288259479,0.9938808965981454
path_c,Caminho C - Naive Bayes Gaussiano,0.3809965237543453,0.5760621288259479,0.9937868487406074
path_c,Caminho C - Naive Bayes Gaussiano,0.3809965237543453,0.5762905436272271,0.9937492607648374
path_c,Caminho C - Naive Bayes Gaussiano,0.38122827346465815,0.5762905436272271,0.9936056048692599
path_c,Caminho C - Naive Bayes Gaussiano,0.38122827346465815,0.5765189584285062,0.9934392572582935
path_c,Caminho C - Naive Bayes Gaussiano,0.381460023174971,0.5765189584285062,0.9933448770980325
path_c,Caminho C - Naive Bayes Gaussiano,0.381460023174971,0.5772042028323435,0.9929270957525849
path_c,Caminho C - Naive Bayes Gaussiano,0.3816917728852839,0.5772042028323435,0.9929116340294543
path_c,Caminho C - Naive Bayes Gaussiano,0.3816917728852839,0.5774326176336226,0.99288365916365
path_c,Caminho C - Naive Bayes Gaussiano,0.38192352259559675,0.5774326176336226,0.9928749591513878
path_c,Caminho C - Naive Bayes Gaussiano,0.38192352259559675,0.5781178620374601,0.992672769366065
path_c,Caminho C - Naive Bayes Gaussiano,0.3821552723059096,0.5781178620374601,0.9925543796155921
path_c,Caminho C - Naive Bayes Gaussiano,0.3821552723059096,0.5783462768387392,0.9924752188120164
path_c,Caminho C - Naive Bayes Gaussiano,0.38354577056778677,0.5783462768387392,0.9919724868288712
path_c,Caminho C - Naive Bayes Gaussiano,0.38354577056778677,0.5785746916400183,0.9919466601123464
path_c,Caminho C - Naive Bayes Gaussiano,0.3840092699884125,0.5785746916400183,0.9918151315401268
path_c,Caminho C - Naive Bayes Gaussiano,0.3840092699884125,0.5788031064412974,0.9915941483654103
path_c,Caminho C - Naive Bayes Gaussiano,0.3842410196987254,0.5788031064412974,0.9914461747077765
path_c,Caminho C - Naive Bayes Gaussiano,0.3842410196987254,0.5794883508451347,0.9912624906758165
path_c,Caminho C - Naive Bayes Gaussiano,0.38447276940903824,0.5794883508451347,0.9912236566152407
path_c,Caminho C - Naive Bayes Gaussiano,0.38447276940903824,0.579945180447693,0.9909480516024716
path_c,Caminho C - Naive Bayes Gaussiano,0.384936268829664,0.579945180447693,0.9907983148460758
path_c,Caminho C - Naive Bayes Gaussiano,0.384936268829664,0.5804020100502513,0.9906170643992858
path_c,Caminho C - Naive Bayes Gaussiano,0.3853997682502897,0.5804020100502513,0.9903914841696783
path_c,Caminho C - Naive Bayes Gaussiano,0.3853997682502897,0.5806304248515304,0.9903753954072669
path_c,Caminho C - Naive Bayes Gaussiano,0.38864426419466974,0.5806304248515304,0.9888190123208364
path_c,Caminho C - Naive Bayes Gaussiano,0.38864426419466974,0.5808588396528095,0.9887832291854972
path_c,Caminho C - Naive Bayes Gaussiano,0.3888760139049826,0.5808588396528095,0.9887299641189067
path_c,Caminho C - Naive Bayes Gaussiano,0.3888760139049826,0.5815440840566469,0.9886407442797384
path_c,Caminho C - Naive Bayes Gaussiano,0.39003476245654695,0.5815440840566469,0.9877956104823444
path_c,Caminho C - Naive Bayes Gaussiano,0.39003476245654695,0.581772498857926,0.9877706576930209
path_c,Caminho C - Naive Bayes Gaussiano,0.3902665121668598,0.581772498857926,0.9877073260622543
path_c,Caminho C - Naive Bayes Gaussiano,0.3902665121668598,0.5820009136592051,0.9876109033428632
path_c,Caminho C - Naive Bayes Gaussiano,0.3907300115874855,0.5820009136592051,0.9872585739446773
path_c,Caminho C - Naive Bayes Gaussiano,0.3907300115874855,0.5822293284604843,0.9871135693603341
path_c,Caminho C - Naive Bayes Gaussiano,0.39096176129779836,0.5822293284604843,0.9868660982537851
path_c,Caminho C - Naive Bayes Gaussiano,0.39096176129779836,0.5824577432617634,0.986720513746324
path_c,Caminho C - Naive Bayes Gaussiano,0.39188876013904983,0.5824577432617634,0.9861084422411762
path_c,Caminho C - Naive Bayes Gaussiano,0.39188876013904983,0.5829145728643216,0.9856876382520193
path_c,Caminho C - Naive Bayes Gaussiano,0.3946697566628042,0.5829145728643216,0.9834596892901333
path_c,Caminho C - Naive Bayes Gaussiano,0.3946697566628042,0.5833714024668799,0.9833144075801261
path_c,Caminho C - Naive Bayes Gaussiano,0.3951332560834299,0.5833714024668799,0.9831096008255077
path_c,Caminho C - Naive Bayes Gaussiano,0.3951332560834299,0.583599817268159,0.9830928525056548
path_c,Caminho C - Naive Bayes Gaussiano,0.3953650057937428,0.583599817268159,0.9829504401372207
path_c,Caminho C - Naive Bayes Gaussiano,0.3953650057937428,0.5842850616719963,0.9826133854951293
path_c,Caminho C - Naive Bayes Gaussiano,0.39652375434530707,0.5842850616719963,0.9818230703003658
path_c,Caminho C - Naive Bayes Gaussiano,0.39652375434530707,0.5845134764732755,0.9816381319906646
path_c,Caminho C - Naive Bayes Gaussiano,0.39675550405561993,0.5845134764732755,0.9814959904638356
path_c,Caminho C - Naive Bayes Gaussiano,0.39675550405561993,0.5849703060758337,0.9812185646094289
path_c,Caminho C - Naive Bayes Gaussiano,0.3969872537659328,0.5849703060758337,0.9810935959375903
path_c,Caminho C - Naive Bayes Gaussiano,0.3969872537659328,0.5856555504796711,0.9807961122697268
path_c,Caminho C - Naive Bayes Gaussiano,0.39721900347624567,0.5856555504796711,0.9807949411078852
path_c,Caminho C - Naive Bayes Gaussiano,0.39721900347624567,0.5863407948835084,0.9801933701408791
path_c,Caminho C - Naive Bayes Gaussiano,0.3986095017381228,0.5863407948835084,0.9788465666016045
path_c,Caminho C - Naive Bayes Gaussiano,0.3986095017381228,0.5865692096847875,0.9784695957191073
path_c,Caminho C - Naive Bayes Gaussiano,0.3995365005793743,0.5865692096847875,0.9775032453088198
path_c,Caminho C - Naive Bayes Gaussiano,0.3995365005793743,0.5867976244860666,0.9772919285786487
path_c,Caminho C - Naive Bayes Gaussiano,0.40092699884125144,0.5867976244860666,0.976197050325692
path_c,Caminho C - Naive Bayes Gaussiano,0.40092699884125144,0.5874828688899041,0.9755979230658618
path_c,Caminho C - Naive Bayes Gaussiano,0.40139049826187717,0.5874828688899041,0.975168212898917
path_c,Caminho C - Naive Bayes Gaussiano,0.40139049826187717,0.5883965280950205,0.9744912449086117
path_c,Caminho C - Naive Bayes Gaussiano,0.40231749710312864,0.5883965280950205,0.9741547704548283
path_c,Caminho C - Naive Bayes Gaussiano,0.40231749710312864,0.5888533576975788,0.9740400521655367
path_c,Caminho C - Naive Bayes Gaussiano,0.4025492468134415,0.5888533576975788,0.9730236793617201
path_c,Caminho C - Naive Bayes Gaussiano,0.4025492468134415,0.589081772498858,0.9721176404061348
path_c,Caminho C - Naive Bayes Gaussiano,0.4027809965237543,0.589081772498858,0.9720784524123227
path_c,Caminho C - Naive Bayes Gaussiano,0.4027809965237543,0.5893101873001371,0.9717439423003471
path_c,Caminho C - Naive Bayes Gaussiano,0.4041714947856315,0.5893101873001371,0.9703475860947343
path_c,Caminho C - Naive Bayes Gaussiano,0.4041714947856315,0.5895386021014162,0.9699603602151815
path_c,Caminho C - Naive Bayes Gaussiano,0.40463499420625726,0.5895386021014162,0.9698194403851802
path_c,Caminho C - Naive Bayes Gaussiano,0.40463499420625726,0.5897670169026953,0.9695489819326181
path_c,Caminho C - Naive Bayes Gaussiano,0.405098493626883,0.5897670169026953,0.9692952743490941
path_c,Caminho C - Naive Bayes Gaussiano,0.405098493626883,0.5902238465052535,0.9687316388239803
path_c,Caminho C - Naive Bayes Gaussiano,0.4055619930475087,0.5902238465052535,0.9681978678729627
path_c,Caminho C - Naive Bayes Gaussiano,0.4055619930475087,0.5904522613065326,0.9681883212254528
path_c,Caminho C - Naive Bayes Gaussiano,0.40579374275782154,0.5904522613065326,0.9680711985361992
path_c,Caminho C - Naive Bayes Gaussiano,0.40579374275782154,0.5906806761078118,0.9677287959211532
path_c,Caminho C - Naive Bayes Gaussiano,0.4060254924681344,0.5906806761078118,0.9676159538633821
path_c,Caminho C - Naive Bayes Gaussiano,0.4060254924681344,0.5909090909090909,0.9675242665975915
path_c,Caminho C - Naive Bayes Gaussiano,0.406720741599073,0.5909090909090909,0.9669212860998206
path_c,Caminho C - Naive Bayes Gaussiano,0.406720741599073,0.59113750571037,0.9668074334267087
path_c,Caminho C - Naive Bayes Gaussiano,0.4069524913093859,0.59113750571037,0.9663312345292722
path_c,Caminho C - Naive Bayes Gaussiano,0.4069524913093859,0.5915943353129283,0.9660502102907759
path_c,Caminho C - Naive Bayes Gaussiano,0.40718424101969874,0.5915943353129283,0.9656325953867508
path_c,Caminho C - Naive Bayes Gaussiano,0.40718424101969874,0.5920511649154865,0.9651980544505575
path_c,Caminho C - Naive Bayes Gaussiano,0.408342989571263,0.5920511649154865,0.963027816205071
path_c,Caminho C - Naive Bayes Gaussiano,0.408342989571263,0.5925079945180448,0.962294464949854
path_c,Caminho C - Naive Bayes Gaussiano,0.40880648899188876,0.5925079945180448,0.9614896457944407
path_c,Caminho C - Naive Bayes Gaussiano,0.40880648899188876,0.5927364093193239,0.9612686139045964
path_c,Caminho C - Naive Bayes Gaussiano,0.40903823870220163,0.5927364093193239,0.9607713932349013
path_c,Caminho C - Naive Bayes Gaussiano,0.40903823870220163,0.5936500685244404,0.9599357445389984
path_c,Caminho C - Naive Bayes Gaussiano,0.4092699884125145,0.5936500685244404,0.9597878355239596
path_c,Caminho C - Naive Bayes Gaussiano,0.4092699884125145,0.5938784833257195,0.9591240092366708
path_c,Caminho C - Naive Bayes Gaussiano,0.40973348783314023,0.5938784833257195,0.958861256461188
path_c,Caminho C - Naive Bayes Gaussiano,0.40973348783314023,0.5945637277295569,0.9583204286314246
path_c,Caminho C - Naive Bayes Gaussiano,0.4101969872537659,0.5945637277295569,0.9577690454093374
path_c,Caminho C - Naive Bayes Gaussiano,0.4101969872537659,0.594792142530836,0.9577567880795747
path_c,Caminho C - Naive Bayes Gaussiano,0.4108922363847045,0.594792142530836,0.9563836529228906
path_c,Caminho C - Naive Bayes Gaussiano,0.4108922363847045,0.5950205573321151,0.9552973093022138
path_c,Caminho C - Naive Bayes Gaussiano,0.4111239860950174,0.5950205573321151,0.9552854266215443
path_c,Caminho C - Naive Bayes Gaussiano,0.4111239860950174,0.5952489721333942,0.9533552643792114
path_c,Caminho C - Naive Bayes Gaussiano,0.41367323290845887,0.5952489721333942,0.9465009495628703
path_c,Caminho C - Naive Bayes Gaussiano,0.41367323290845887,0.5954773869346733,0.9432487163156923
path_c,Caminho C - Naive Bayes Gaussiano,0.41436848203939747,0.5954773869346733,0.9424414441166408
path_c,Caminho C - Naive Bayes Gaussiano,0.41436848203939747,0.5959342165372317,0.9409907553831801
path_c,Caminho C - Naive Bayes Gaussiano,0.4157589803012746,0.5959342165372317,0.9366882978793258
path_c,Caminho C - Naive Bayes Gaussiano,0.4157589803012746,0.5961626313385108,0.9327547635230813
path_c,Caminho C - Naive Bayes Gaussiano,0.41738122827346463,0.5961626313385108,0.9256352609266144
path_c,Caminho C - Naive Bayes Gaussiano,0.41738122827346463,0.5963910461397899,0.9248286799478437
path_c,Caminho C - Naive Bayes Gaussiano,0.4190034762456547,0.5963910461397899,0.9234015783439077
path_c,Caminho C - Naive Bayes Gaussiano,0.4190034762456547,0.596619460941069,0.9231666697782474
path_c,Caminho C - Naive Bayes Gaussiano,0.41946697566628044,0.596619460941069,0.9215454886476853
path_c,Caminho C - Naive Bayes Gaussiano,0.41946697566628044,0.5968478757423481,0.9214614301470277
path_c,Caminho C - Naive Bayes Gaussiano,0.4199304750869061,0.5968478757423481,0.919413070969308
path_c,Caminho C - Naive Bayes Gaussiano,0.4199304750869061,0.5970762905436272,0.9192469082737751
path_c,Caminho C - Naive Bayes Gaussiano,0.42039397450753185,0.5970762905436272,0.9164146002273927
path_c,Caminho C - Naive Bayes Gaussiano,0.42039397450753185,0.5973047053449063,0.9162572385369319
path_c,Caminho C - Naive Bayes Gaussiano,0.42178447276940906,0.5973047053449063,0.9082960508661363
path_c,Caminho C - Naive Bayes Gaussiano,0.42178447276940906,0.5975331201461854,0.9078433083483983
path_c,Caminho C - Naive Bayes Gaussiano,0.42271147161066047,0.5975331201461854,0.9043379269118201
path_c,Caminho C - Naive Bayes Gaussiano,0.42271147161066047,0.5977615349474646,0.9042683322947662
path_c,Caminho C - Naive Bayes Gaussiano,0.4231749710312862,0.5977615349474646,0.9027426094825478
path_c,Caminho C - Naive Bayes Gaussiano,0.4231749710312862,0.5979899497487438,0.8993656224913228
path_c,Caminho C - Naive Bayes Gaussiano,0.42363847045191194,0.5979899497487438,0.8961652257683657
path_c,Caminho C - Naive Bayes Gaussiano,0.42363847045191194,0.5989036089538602,0.8919072947448241
path_c,Caminho C - Naive Bayes Gaussiano,0.4245654692931634,0.5989036089538602,0.8870279548139187
path_c,Caminho C - Naive Bayes Gaussiano,0.4245654692931634,0.5993604385564184,0.8813053850149651
path_c,Caminho C - Naive Bayes Gaussiano,0.4257242178447277,0.5993604385564184,0.8758288193826926
path_c,Caminho C - Naive Bayes Gaussiano,0.4257242178447277,0.5995888533576976,0.8734797057012798
path_c,Caminho C - Naive Bayes Gaussiano,0.4264194669756663,0.5995888533576976,0.8697918196164521
path_c,Caminho C - Naive Bayes Gaussiano,0.4264194669756663,0.5998172681589767,0.8664197239480999
path_c,Caminho C - Naive Bayes Gaussiano,0.42688296639629203,0.5998172681589767,0.8632201992092482
path_c,Caminho C - Naive Bayes Gaussiano,0.42688296639629203,0.6000456829602558,0.8604947528327574
path_c,Caminho C - Naive Bayes Gaussiano,0.4289687137891078,0.6000456829602558,0.838376893945811
path_c,Caminho C - Naive Bayes Gaussiano,0.4289687137891078,0.600274097761535,0.8344042208975233
path_c,Caminho C - Naive Bayes Gaussiano,0.4296639629200463,0.600274097761535,0.8294995015445884
path_c,Caminho C - Naive Bayes Gaussiano,0.4296639629200463,0.6005025125628141,0.8274924490251683
path_c,Caminho C - Naive Bayes Gaussiano,0.4305909617612978,0.6005025125628141,0.8140296012942444
path_c,Caminho C - Naive Bayes Gaussiano,0.4305909617612978,0.6009593421653723,0.8035101812487804
path_c,Caminho C - Naive Bayes Gaussiano,0.4324449594438007,0.6009593421653723,0.7886338100430927
path_c,Caminho C - Naive Bayes Gaussiano,0.4324449594438007,0.6011877569666514,0.7881996270952024
path_c,Caminho C - Naive Bayes Gaussiano,0.433603707995365,0.6011877569666514,0.779132574105316
path_c,Caminho C - Naive Bayes Gaussiano,0.433603707995365,0.6014161717679306,0.7767961557467109
path_c,Caminho C - Naive Bayes Gaussiano,0.43406720741599075,0.6014161717679306,0.7682439792609959
path_c,Caminho C - Naive Bayes Gaussiano,0.43406720741599075,0.6016445865692097,0.766373134245025
path_c,Caminho C - Naive Bayes Gaussiano,0.4342989571263036,0.6016445865692097,0.7643098398620254
path_c,Caminho C - Naive Bayes Gaussiano,0.4342989571263036,0.6021014161717679,0.7627831594331772
path_c,Caminho C - Naive Bayes Gaussiano,0.4354577056778679,0.6021014161717679,0.7406252673814608
path_c,Caminho C - Naive Bayes Gaussiano,0.4354577056778679,0.6025582457743262,0.7233188224001903
path_c,Caminho C - Naive Bayes Gaussiano,0.43568945538818077,0.6025582457743262,0.722805446146611
path_c,Caminho C - Naive Bayes Gaussiano,0.43568945538818077,0.6030150753768844,0.7157359763248493
path_c,Caminho C - Naive Bayes Gaussiano,0.4361529548088065,0.6030150753768844,0.7123744830326436
path_c,Caminho C - Naive Bayes Gaussiano,0.4361529548088065,0.6037003197807218,0.7035173253761243
path_c,Caminho C - Naive Bayes Gaussiano,0.4370799536500579,0.6037003197807218,0.6929146150723375
path_c,Caminho C - Naive Bayes Gaussiano,0.4370799536500579,0.6039287345820009,0.691939343871274
path_c,Caminho C - Naive Bayes Gaussiano,0.4380069524913094,0.6039287345820009,0.6852632282480557
path_c,Caminho C - Naive Bayes Gaussiano,0.4380069524913094,0.60415714938328,0.6838944442202814
path_c,Caminho C - Naive Bayes Gaussiano,0.43823870220162225,0.60415714938328,0.6797982032649336
path_c,Caminho C - Naive Bayes Gaussiano,0.43823870220162225,0.6043855641845591,0.6788080238453813
path_c,Caminho C - Naive Bayes Gaussiano,0.4391657010428737,0.6043855641845591,0.6714302130711534
path_c,Caminho C - Naive Bayes Gaussiano,0.4391657010428737,0.6050708085883966,0.6654179395018318
path_c,Caminho C - Naive Bayes Gaussiano,0.43939745075318654,0.6050708085883966,0.6331261446311729
path_c,Caminho C - Naive Bayes Gaussiano,0.43939745075318654,0.6052992233896757,0.6325290191593644
path_c,Caminho C - Naive Bayes Gaussiano,0.43986095017381227,0.6052992233896757,0.6297477021955615
path_c,Caminho C - Naive Bayes Gaussiano,0.43986095017381227,0.6055276381909548,0.6291067319403969
path_c,Caminho C - Naive Bayes Gaussiano,0.4410196987253766,0.6055276381909548,0.6217147245994485
path_c,Caminho C - Naive Bayes Gaussiano,0.4410196987253766,0.6057560529922339,0.6193815220463047
path_c,Caminho C - Naive Bayes Gaussiano,0.4412514484356895,0.6057560529922339,0.6180072047502799
path_c,Caminho C - Naive Bayes Gaussiano,0.4412514484356895,0.605984467793513,0.610294343267724
path_c,Caminho C - Naive Bayes Gaussiano,0.4433371958285052,0.605984467793513,0.583381932174569
path_c,Caminho C - Naive Bayes Gaussiano,0.4433371958285052,0.6064412973960712,0.5801615126231683
path_c,Caminho C - Naive Bayes Gaussiano,0.4435689455388181,0.6064412973960712,0.5690757747830077
path_c,Caminho C - Naive Bayes Gaussiano,0.4435689455388181,0.6066697121973504,0.567326857885694
path_c,Caminho C - Naive Bayes Gaussiano,0.44495944380069524,0.6066697121973504,0.5485544144988691
path_c,Caminho C - Naive Bayes Gaussiano,0.44495944380069524,0.6071265417999087,0.5279387903148752
path_c,Caminho C - Naive Bayes Gaussiano,0.44820393974507533,0.6071265417999087,0.4471142969553476
path_c,Caminho C - Naive Bayes Gaussiano,0.44820393974507533,0.6075833714024669,0.4350488987406284
path_c,Caminho C - Naive Bayes Gaussiano,0.4484356894553882,0.6075833714024669,0.4349807339241994
path_c,Caminho C - Naive Bayes Gaussiano,0.4484356894553882,0.607811786203746,0.4337365853706692
path_c,Caminho C - Naive Bayes Gaussiano,0.44913093858632674,0.607811786203746,0.4157322539557851
path_c,Caminho C - Naive Bayes Gaussiano,0.44913093858632674,0.6084970306075834,0.41367672403708655
path_c,Caminho C - Naive Bayes Gaussiano,0.44982618771726535,0.6084970306075834,0.38623432351068404
path_c,Caminho C - Naive Bayes Gaussiano,0.44982618771726535,0.6087254454088625,0.3826491198510337
path_c,Caminho C - Naive Bayes Gaussiano,0.4500579374275782,0.6087254454088625,0.3787358864076607
path_c,Caminho C - Naive Bayes Gaussiano,0.4500579374275782,0.6089538602101416,0.375150405284727
path_c,Caminho C - Naive Bayes Gaussiano,0.4519119351100811,0.6089538602101416,0.35503236048439873
path_c,Caminho C - Naive Bayes Gaussiano,0.4519119351100811,0.6091822750114207,0.35221028538428006
path_c,Caminho C - Naive Bayes Gaussiano,0.45214368482039397,0.6091822750114207,0.3487129300137013
path_c,Caminho C - Naive Bayes Gaussiano,0.45214368482039397,0.6094106898126999,0.340522391335039
path_c,Caminho C - Naive Bayes Gaussiano,0.4542294322132097,0.6094106898126999,0.2650804571803706
path_c,Caminho C - Naive Bayes Gaussiano,0.4542294322132097,0.609639104613979,0.26243401985250897
path_c,Caminho C - Naive Bayes Gaussiano,0.4551564310544612,0.609639104613979,0.23279081879985003
path_c,Caminho C - Naive Bayes Gaussiano,0.4551564310544612,0.6098675194152581,0.23097945804732245
path_c,Caminho C - Naive Bayes Gaussiano,0.460486674391657,0.6098675194152581,0.1172687173866645
path_c,Caminho C - Naive Bayes Gaussiano,0.460486674391657,0.6100959342165372,0.11020651121523026
path_c,Caminho C - Naive Bayes Gaussiano,0.4607184241019699,0.6100959342165372,0.10453478196178242
path_c,Caminho C - Naive Bayes Gaussiano,0.4607184241019699,0.6103243490178164,0.10324875420755365
path_c,Caminho C - Naive Bayes Gaussiano,0.46095017381228276,0.6103243490178164,0.10109108583146646
path_c,Caminho C - Naive Bayes Gaussiano,0.46095017381228276,0.6105527638190955,0.10049930848205597
path_c,Caminho C - Naive Bayes Gaussiano,0.46141367323290844,0.6105527638190955,0.09513653191568384
path_c,Caminho C - Naive Bayes Gaussiano,0.46141367323290844,0.6107811786203746,0.09276272702029258
path_c,Caminho C - Naive Bayes Gaussiano,0.4632676709154114,0.6107811786203746,0.05030540022358148
path_c,Caminho C - Naive Bayes Gaussiano,0.4632676709154114,0.6110095934216537,0.0470383562810544
path_c,Caminho C - Naive Bayes Gaussiano,0.4648899188876014,0.6110095934216537,0.031047794447510265
path_c,Caminho C - Naive Bayes Gaussiano,0.4648899188876014,0.6112380082229328,0.030803042566083415
path_c,Caminho C - Naive Bayes Gaussiano,0.46628041714947854,0.6112380082229328,0.018115367628679293
path_c,Caminho C - Naive Bayes Gaussiano,0.46628041714947854,0.611466423024212,0.01776642008774451
path_c,Caminho C - Naive Bayes Gaussiano,0.47022016222479723,0.611466423024212,0.004583949162012407
path_c,Caminho C - Naive Bayes Gaussiano,0.47022016222479723,0.6116948378254911,0.0039818835455953504
path_c,Caminho C - Naive Bayes Gaussiano,0.4704519119351101,0.6116948378254911,0.003909250692122342
path_c,Caminho C - Naive Bayes Gaussiano,0.4704519119351101,0.6119232526267702,0.0038278291316572004
path_c,Caminho C - Naive Bayes Gaussiano,0.47068366164542297,0.6119232526267702,0.0037439150399186387
path_c,Caminho C - Naive Bayes Gaussiano,0.47068366164542297,0.6121516674280494,0.00343726859557113
path_c,Caminho C - Naive Bayes Gaussiano,0.4709154113557358,0.6121516674280494,0.0033344262333369827
path_c,Caminho C - Naive Bayes Gaussiano,0.4709154113557358,0.6123800822293285,0.0033182402786437583
path_c,Caminho C - Naive Bayes Gaussiano,0.47114716106604865,0.6123800822293285,0.0029393431491290655
path_c,Caminho C - Naive Bayes Gaussiano,0.47114716106604865,0.6128369118318867,0.002860914061352448
path_c,Caminho C - Naive Bayes Gaussiano,0.4713789107763615,0.6128369118318867,0.002750271530092408
path_c,Caminho C - Naive Bayes Gaussiano,0.4713789107763615,0.6130653266331658,0.002677606074521159
path_c,Caminho C - Naive Bayes Gaussiano,0.4720741599073001,0.6130653266331658,0.002203004807444915
path_c,Caminho C - Naive Bayes Gaussiano,0.4720741599073001,0.6142074006395615,0.0015319517782361057
path_c,Caminho C - Naive Bayes Gaussiano,0.4727694090382387,0.6142074006395615,0.0013266496662103352
path_c,Caminho C - Naive Bayes Gaussiano,0.4727694090382387,0.6144358154408406,0.0012065961345074582
path_c,Caminho C - Naive Bayes Gaussiano,0.47369640787949013,0.6144358154408406,0.001159888137529355
path_c,Caminho C - Naive Bayes Gaussiano,0.47369640787949013,0.6146642302421197,0.0011402021190972768
path_c,Caminho C - Naive Bayes Gaussiano,0.473928157589803,0.6146642302421197,0.0010800675166833002
path_c,Caminho C - Naive Bayes Gaussiano,0.473928157589803,0.6148926450433988,0.0010684145794771862
path_c,Caminho C - Naive Bayes Gaussiano,0.4753186558516802,0.6148926450433988,0.0007697672034907777
path_c,Caminho C - Naive Bayes Gaussiano,0.4753186558516802,0.6151210598446779,0.0007159429387688174
path_c,Caminho C - Naive Bayes Gaussiano,0.47670915411355735,0.6151210598446779,0.0005548180885719051
path_c,Caminho C - Naive Bayes Gaussiano,0.47670915411355735,0.615349474645957,0.0005480877365617755
path_c,Caminho C - Naive Bayes Gaussiano,0.47740440324449596,0.615349474645957,0.00039528660153300007
path_c,Caminho C - Naive Bayes Gaussiano,0.47740440324449596,0.6155778894472361,0.0003925651157031611
path_c,Caminho C - Naive Bayes Gaussiano,0.4787949015063731,0.6155778894472361,0.00021444477980807903
path_c,Caminho C - Naive Bayes Gaussiano,0.4787949015063731,0.6160347190497945,0.00020415922224970752
path_c,Caminho C - Naive Bayes Gaussiano,0.47925840092699884,0.6160347190497945,0.00016708415834089613
path_c,Caminho C - Naive Bayes Gaussiano,0.47925840092699884,0.6162631338510736,0.0001344819864205025
path_c,Caminho C - Naive Bayes Gaussiano,0.480648899188876,0.6162631338510736,0.0001136273364908377
path_c,Caminho C - Naive Bayes Gaussiano,0.480648899188876,0.6164915486523527,0.00010295984491607465
path_c,Caminho C - Naive Bayes Gaussiano,0.48296639629200466,0.6164915486523527,2.4197906622538124e-05
path_c,Caminho C - Naive Bayes Gaussiano,0.48296639629200466,0.6169483782549109,1.927475838195851e-05
path_c,Caminho C - Naive Bayes Gaussiano,0.4843568945538818,0.6169483782549109,1.5024800813605938e-05
path_c,Caminho C - Naive Bayes Gaussiano,0.4843568945538818,0.61717679305619,1.3519271263768323e-05
path_c,Caminho C - Naive Bayes Gaussiano,0.48482039397450755,0.61717679305619,1.2122889233780965e-05
path_c,Caminho C - Naive Bayes Gaussiano,0.48482039397450755,0.6174052078574692,9.781373417892946e-06
path_c,Caminho C - Naive Bayes Gaussiano,0.4850521436848204,0.6174052078574692,9.44902796888346e-06
path_c,Caminho C - Naive Bayes Gaussiano,0.4850521436848204,0.6178620374600274,8.574267305054921e-06
path_c,Caminho C - Naive Bayes Gaussiano,0.4855156431054461,0.6178620374600274,7.887760211129764e-06
path_c,Caminho C - Naive Bayes Gaussiano,0.4855156431054461,0.6180904522613065,7.244717552190767e-06
path_c,Caminho C - Naive Bayes Gaussiano,0.48667439165701043,0.6180904522613065,4.642515939588398e-06
path_c,Caminho C - Naive Bayes Gaussiano,0.48667439165701043,0.6183188670625857,4.1771113154661534e-06
path_c,Caminho C - Naive Bayes Gaussiano,0.4869061413673233,0.6183188670625857,3.956973288525962e-06
path_c,Caminho C - Naive Bayes Gaussiano,0.4869061413673233,0.6185472818638648,3.934229689560794e-06
path_c,Caminho C - Naive Bayes Gaussiano,0.4885283893395133,0.6185472818638648,1.4393604515131113e-06
path_c,Caminho C - Naive Bayes Gaussiano,0.4885283893395133,0.6187756966651439,1.4173472114191733e-06
path_c,Caminho C - Naive Bayes Gaussiano,0.4894553881807648,0.6187756966651439,1.1636789536665922e-06
path_c,Caminho C - Naive Bayes Gaussiano,0.4894553881807648,0.619004111466423,1.1598847573805607e-06
path_c,Caminho C - Naive Bayes Gaussiano,0.49061413673232906,0.619004111466423,1.0951057557108865e-06
path_c,Caminho C - Naive Bayes Gaussiano,0.49061413673232906,0.6192325262677022,1.0695630026683744e-06
path_c,Caminho C - Naive Bayes Gaussiano,0.4917728852838934,0.6192325262677022,9.076774027580089e-07
path_c,Caminho C - Naive Bayes Gaussiano,0.4917728852838934,0.6194609410689813,7.530159478149994e-07
path_c,Caminho C - Naive Bayes Gaussiano,0.494090382387022,0.6194609410689813,1.1494372325599059e-07
path_c,Caminho C - Naive Bayes Gaussiano,0.494090382387022,0.6196893558702604,1.1228503162577355e-07
path_c,Caminho C - Naive Bayes Gaussiano,0.49455388180764775,0.6196893558702604,6.758667308437811e-08
path_c,Caminho C - Naive Bayes Gaussiano,0.49455388180764775,0.6199177706715395,6.516789465864398e-08
path_c,Caminho C - Naive Bayes Gaussiano,0.49640787949015064,0.6199177706715395,2.3677147639458482e-08
path_c,Caminho C - Naive Bayes Gaussiano,0.49640787949015064,0.6201461854728186,2.1939403265054408e-08
path_c,Caminho C - Naive Bayes Gaussiano,0.4966396292004635,0.6201461854728186,2.013848733715131e-08
path_c,Caminho C - Naive Bayes Gaussiano,0.4966396292004635,0.620831429876656,1.4540158511582045e-08
path_c,Caminho C - Naive Bayes Gaussiano,0.49710312862108924,0.620831429876656,1.1583826403205218e-08
path_c,Caminho C - Naive Bayes Gaussiano,0.49710312862108924,0.6210598446779352,1.0108033974102167e-08
path_c,Caminho C - Naive Bayes Gaussiano,0.4973348783314021,0.6210598446779352,9.997466385184391e-09
path_c,Caminho C - Naive Bayes Gaussiano,0.4973348783314021,0.6215166742804934,9.532692496563908e-09
path_c,Caminho C - Naive Bayes Gaussiano,0.4977983777520278,0.6215166742804934,6.7477755305164256e-09
path_c,Caminho C - Naive Bayes Gaussiano,0.4977983777520278,0.6217450890817725,6.650538445417358e-09
path_c,Caminho C - Naive Bayes Gaussiano,0.49803012746234065,0.6217450890817725,3.3152465706997575e-09
path_c,Caminho C - Naive Bayes Gaussiano,0.49803012746234065,0.6222019186843307,3.0212258260779423e-09
path_c,Caminho C - Naive Bayes Gaussiano,0.4984936268829664,0.6222019186843307,2.3908983002015744e-09
path_c,Caminho C - Naive Bayes Gaussiano,0.4984936268829664,0.6226587482868889,1.714832290308359e-09
path_c,Caminho C - Naive Bayes Gaussiano,0.49872537659327926,0.6226587482868889,1.679490976245857e-09
path_c,Caminho C - Naive Bayes Gaussiano,0.49872537659327926,0.6228871630881682,1.6036634363567047e-09
path_c,Caminho C - Naive Bayes Gaussiano,0.4989571263035921,0.6228871630881682,1.1327797505518085e-09
path_c,Caminho C - Naive Bayes Gaussiano,0.4989571263035921,0.6231155778894473,1.110142899537905e-09
path_c,Caminho C - Naive Bayes Gaussiano,0.4996523754345307,0.6231155778894473,9.175801039725736e-10
path_c,Caminho C - Naive Bayes Gaussiano,0.4996523754345307,0.6233439926907264,8.981046565008703e-10
path_c,Caminho C - Naive Bayes Gaussiano,0.4998841251448436,0.6233439926907264,7.530605325713056e-10
path_c,Caminho C - Naive Bayes Gaussiano,0.4998841251448436,0.6235724074920055,7.168731033739886e-10
path_c,Caminho C - Naive Bayes Gaussiano,0.5005793742757821,0.6235724074920055,4.4211619406833167e-10
path_c,Caminho C - Naive Bayes Gaussiano,0.5005793742757821,0.6238008222932846,3.914483899271443e-10
path_c,Caminho C - Naive Bayes Gaussiano,0.5008111239860951,0.6238008222932846,3.5570339090205315e-10
path_c,Caminho C - Naive Bayes Gaussiano,0.5008111239860951,0.6247144814984011,2.838917641868661e-10
path_c,Caminho C - Naive Bayes Gaussiano,0.5010428736964079,0.6247144814984011,2.8110690956092763e-10
path_c,Caminho C - Naive Bayes Gaussiano,0.5010428736964079,0.6258565555047967,1.321305327408517e-10
path_c,Caminho C - Naive Bayes Gaussiano,0.5017381228273464,0.6258565555047967,8.138092852855414e-11
path_c,Caminho C - Naive Bayes Gaussiano,0.5017381228273464,0.6260849703060758,6.316807968733403e-11
path_c,Caminho C - Naive Bayes Gaussiano,0.5024333719582851,0.6260849703060758,3.562676889778498e-11
path_c,Caminho C - Naive Bayes Gaussiano,0.5024333719582851,0.6265417999086341,2.389135420449815e-11
path_c,Caminho C - Naive Bayes Gaussiano,0.5028968713789108,0.6265417999086341,2.0069141155766853e-11
path_c,Caminho C - Naive Bayes Gaussiano,0.5028968713789108,0.6267702147099132,1.9559652191076848e-11
path_c,Caminho C - Naive Bayes Gaussiano,0.5031286210892236,0.6267702147099132,1.7317862216096613e-11
path_c,Caminho C - Naive Bayes Gaussiano,0.5031286210892236,0.6269986295111923,1.7262178932319838e-11
path_c,Caminho C - Naive Bayes Gaussiano,0.5033603707995365,0.6269986295111923,1.6461211639155488e-11
path_c,Caminho C - Naive Bayes Gaussiano,0.5033603707995365,0.6272270443124714,1.6283857046286017e-11
path_c,Caminho C - Naive Bayes Gaussiano,0.5035921205098494,0.6272270443124714,1.4600071607544698e-11
path_c,Caminho C - Naive Bayes Gaussiano,0.5035921205098494,0.6274554591137506,1.3798474231988974e-11
path_c,Caminho C - Naive Bayes Gaussiano,0.5042873696407879,0.6274554591137506,9.49298368084928e-12
path_c,Caminho C - Naive Bayes Gaussiano,0.5042873696407879,0.6276838739150297,9.395981481500416e-12
path_c,Caminho C - Naive Bayes Gaussiano,0.5049826187717266,0.6276838739150297,5.5335518014185205e-12
path_c,Caminho C - Naive Bayes Gaussiano,0.5049826187717266,0.6279122887163088,5.4532215860806035e-12
path_c,Caminho C - Naive Bayes Gaussiano,0.5056778679026651,0.6279122887163088,4.605114547481971e-12
path_c,Caminho C - Naive Bayes Gaussiano,0.5056778679026651,0.6285975331201462,3.531751204740685e-12
path_c,Caminho C - Naive Bayes Gaussiano,0.5068366164542294,0.6285975331201462,2.721838728737011e-12
path_c,Caminho C - Naive Bayes Gaussiano,0.5068366164542294,0.6288259479214253,2.5601052518740166e-12
path_c,Caminho C - Naive Bayes Gaussiano,0.5070683661645423,0.6288259479214253,2.4181554487690123e-12
path_c,Caminho C - Naive Bayes Gaussiano,0.5070683661645423,0.6290543627227044,2.19829298958064e-12
path_c,Caminho C - Naive Bayes Gaussiano,0.5073001158748551,0.6290543627227044,2.14069800728057e-12
path_c,Caminho C - Naive Bayes Gaussiano,0.5073001158748551,0.6295111923252626,1.867799802629523e-12
path_c,Caminho C - Naive Bayes Gaussiano,0.507531865585168,0.6295111923252626,1.7338359302795005e-12
path_c,Caminho C - Naive Bayes Gaussiano,0.507531865585168,0.6297396071265418,1.5798820403402019e-12
path_c,Caminho C - Naive Bayes Gaussiano,0.5082271147161066,0.6297396071265418,1.2412741935762699e-12
path_c,Caminho C - Naive Bayes Gaussiano,0.5082271147161066,0.629968021927821,1.0811725645228433e-12
path_c,Caminho C - Naive Bayes Gaussiano,0.5086906141367323,0.629968021927821,8.922740399970898e-13
path_c,Caminho C - Naive Bayes Gaussiano,0.5086906141367323,0.6301964367291001,8.855721151984235e-13
path_c,Caminho C - Naive Bayes Gaussiano,0.5089223638470451,0.6301964367291001,8.605805965457552e-13
path_c,Caminho C - Naive Bayes Gaussiano,0.5089223638470451,0.6306532663316583,7.890098353743637e-13
path_c,Caminho C - Naive Bayes Gaussiano,0.5093858632676709,0.6306532663316583,5.593141211104413e-13
path_c,Caminho C - Naive Bayes Gaussiano,0.5093858632676709,0.6308816811329374,5.583942312396255e-13
path_c,Caminho C - Naive Bayes Gaussiano,0.5098493626882966,0.6308816811329374,4.1700200594535675e-13
path_c,Caminho C - Naive Bayes Gaussiano,0.5098493626882966,0.631795340338054,3.2496144944626265e-13
path_c,Caminho C - Naive Bayes Gaussiano,0.5100811123986095,0.631795340338054,3.2456657133197445e-13
path_c,Caminho C - Naive Bayes Gaussiano,0.5100811123986095,0.6322521699406122,3.0090808010556223e-13
path_c,Caminho C - Naive Bayes Gaussiano,0.5103128621089223,0.6322521699406122,2.609700964646345e-13
path_c,Caminho C - Naive Bayes Gaussiano,0.5103128621089223,0.6329374143444495,2.325350626897967e-13
path_c,Caminho C - Naive Bayes Gaussiano,0.5112398609501738,0.6329374143444495,1.7985855073498047e-13
path_c,Caminho C - Naive Bayes Gaussiano,0.5112398609501738,0.6336226587482869,1.4842289567623323e-13
path_c,Caminho C - Naive Bayes Gaussiano,0.5114716106604866,0.6336226587482869,1.4216357919482238e-13
path_c,Caminho C - Naive Bayes Gaussiano,0.5114716106604866,0.633851073549566,1.348091842334624e-13
path_c,Caminho C - Naive Bayes Gaussiano,0.5130938586326768,0.633851073549566,1.0264105459865693e-13
path_c,Caminho C - Naive Bayes Gaussiano,0.5130938586326768,0.6340794883508452,9.8166974087587e-14
path_c,Caminho C - Naive Bayes Gaussiano,0.5135573580533024,0.6340794883508452,8.054006420248647e-14
path_c,Caminho C - Naive Bayes Gaussiano,0.5135573580533024,0.6345363179534034,6.911909977951339e-14
path_c,Caminho C - Naive Bayes Gaussiano,0.5137891077636153,0.6345363179534034,6.8657486174722e-14
path_c,Caminho C - Naive Bayes Gaussiano,0.5137891077636153,0.6347647327546825,6.563528876701624e-14
path_c,Caminho C - Naive Bayes Gaussiano,0.5140208574739281,0.6347647327546825,5.6070407453860126e-14
path_c,Caminho C - Naive Bayes Gaussiano,0.5140208574739281,0.6354499771585199,4.998247499831948e-14
path_c,Caminho C - Naive Bayes Gaussiano,0.5144843568945539,0.6354499771585199,4.217607747849067e-14
path_c,Caminho C - Naive Bayes Gaussiano,0.5144843568945539,0.6359068067610781,3.471359864932346e-14
path_c,Caminho C - Naive Bayes Gaussiano,0.5156431054461182,0.6359068067610781,1.829977705247684e-14
path_c,Caminho C - Naive Bayes Gaussiano,0.5156431054461182,0.6361352215623572,1.573816463198223e-14
path_c,Caminho C - Naive Bayes Gaussiano,0.5165701042873696,0.6361352215623572,1.163434296149526e-14
path_c,Caminho C - Naive Bayes Gaussiano,0.5165701042873696,0.6368204659661946,9.159072765579894e-15
path_c,Caminho C - Naive Bayes Gaussiano,0.5170336037079953,0.6368204659661946,6.711732633958588e-15
path_c,Caminho C - Naive Bayes Gaussiano,0.5170336037079953,0.6370488807674737,5.790146931631814e-15
path_c,Caminho C - Naive Bayes Gaussiano,0.5172653534183083,0.6370488807674737,5.338339310126258e-15
path_c,Caminho C - Naive Bayes Gaussiano,0.5172653534183083,0.6372772955687529,5.221824725817983e-15
path_c,Caminho C - Naive Bayes Gaussiano,0.5174971031286211,0.6372772955687529,4.7151886632161325e-15
path_c,Caminho C - Naive Bayes Gaussiano,0.5174971031286211,0.637505710370032,4.062787114948254e-15
path_c,Caminho C - Naive Bayes Gaussiano,0.5179606025492468,0.637505710370032,3.762747295040018e-15
path_c,Caminho C - Naive Bayes Gaussiano,0.5179606025492468,0.6377341251713111,3.734002129977199e-15
path_c,Caminho C - Naive Bayes Gaussiano,0.5181923522595597,0.6377341251713111,3.4977639467494524e-15
path_c,Caminho C - Naive Bayes Gaussiano,0.5181923522595597,0.6381909547738693,2.9872755404507326e-15
path_c,Caminho C - Naive Bayes Gaussiano,0.5186558516801854,0.6381909547738693,2.5002267588005368e-15
path_c,Caminho C - Naive Bayes Gaussiano,0.5186558516801854,0.6384193695751484,2.4089501176155813e-15
path_c,Caminho C - Naive Bayes Gaussiano,0.5188876013904983,0.6384193695751484,1.6791856008425091e-15
path_c,Caminho C - Naive Bayes Gaussiano,0.5188876013904983,0.6391046139789859,1.4080580291140325e-15
path_c,Caminho C - Naive Bayes Gaussiano,0.5191193511008111,0.6391046139789859,1.3088056729559583e-15
path_c,Caminho C - Naive Bayes Gaussiano,0.5191193511008111,0.6395614435815441,1.1339416453660085e-15
path_c,Caminho C - Naive Bayes Gaussiano,0.519351100811124,0.6395614435815441,1.0690676768257137e-15
path_c,Caminho C - Naive Bayes Gaussiano,0.519351100811124,0.6397898583828232,1.0583955398990716e-15
path_c,Caminho C - Naive Bayes Gaussiano,0.5195828505214368,0.6397898583828232,9.591817708380304e-16
path_c,Caminho C - Naive Bayes Gaussiano,0.5195828505214368,0.6400182731841023,9.379994168439322e-16
path_c,Caminho C - Naive Bayes Gaussiano,0.5200463499420626,0.6400182731841023,7.964503856751058e-16
path_c,Caminho C - Naive Bayes Gaussiano,0.5200463499420626,0.6404751027866605,7.354177003245266e-16
path_c,Caminho C - Naive Bayes Gaussiano,0.5212050984936268,0.6404751027866605,4.735419600286861e-16
path_c,Caminho C - Naive Bayes Gaussiano,0.5212050984936268,0.6407035175879398,4.078803403323629e-16
path_c,Caminho C - Naive Bayes Gaussiano,0.5232908458864426,0.6407035175879398,1.4800089058886088e-16
path_c,Caminho C - Naive Bayes Gaussiano,0.5232908458864426,0.641160347190498,1.147612216631637e-16
path_c,Caminho C - Naive Bayes Gaussiano,0.5235225955967555,0.641160347190498,1.1044320852476662e-16
path_c,Caminho C - Naive Bayes Gaussiano,0.5235225955967555,0.6413887619917771,8.011025118783224e-17
path_c,Caminho C - Naive Bayes Gaussiano,0.5239860950173812,0.6413887619917771,6.70889581779237e-17
path_c,Caminho C - Naive Bayes Gaussiano,0.5239860950173812,0.6416171767930562,6.609467297280089e-17
path_c,Caminho C - Naive Bayes Gaussiano,0.5246813441483198,0.6416171767930562,5.178989189900683e-17
path_c,Caminho C - Naive Bayes Gaussiano,0.5246813441483198,0.6418455915943353,5.1471428582454975e-17
path_c,Caminho C - Naive Bayes Gaussiano,0.5258400926998841,0.6418455915943353,2.808432143918844e-17
path_c,Caminho C - Naive Bayes Gaussiano,0.5258400926998841,0.6420740063956144,2.647236659955616e-17
path_c,Caminho C - Naive Bayes Gaussiano,0.5263035921205098,0.6420740063956144,1.86698750199349e-17
path_c,Caminho C - Naive Bayes Gaussiano,0.5263035921205098,0.6425308359981727,1.4585643394120645e-17
path_c,Caminho C - Naive Bayes Gaussiano,0.5265353418308227,0.6425308359981727,1.3270350508537737e-17
path_c,Caminho C - Naive Bayes Gaussiano,0.5265353418308227,0.642987665600731,9.89259752664245e-18
path_c,Caminho C - Naive Bayes Gaussiano,0.5272305909617613,0.642987665600731,9.007233666474328e-18
path_c,Caminho C - Naive Bayes Gaussiano,0.5272305909617613,0.6432160804020101,8.421208592821994e-18
path_c,Caminho C - Naive Bayes Gaussiano,0.5279258400926999,0.6432160804020101,6.077634412873606e-18
path_c,Caminho C - Naive Bayes Gaussiano,0.5279258400926999,0.6439013248058474,5.146716496018474e-18
path_c,Caminho C - Naive Bayes Gaussiano,0.5290845886442642,0.6439013248058474,4.530560667301312e-18
path_c,Caminho C - Naive Bayes Gaussiano,0.5290845886442642,0.6441297396071265,4.095657677925127e-18
path_c,Caminho C - Naive Bayes Gaussiano,0.52954808806489,0.6441297396071265,3.9891683783316055e-18
path_c,Caminho C - Naive Bayes Gaussiano,0.52954808806489,0.6448149840109639,3.314056123053397e-18
path_c,Caminho C - Naive Bayes Gaussiano,0.5297798377752028,0.6448149840109639,3.2160784517010164e-18
path_c,Caminho C - Naive Bayes Gaussiano,0.5297798377752028,0.645043398812243,3.114777585722715e-18
path_c,Caminho C - Naive Bayes Gaussiano,0.5300115874855157,0.645043398812243,2.8980238962056157e-18
path_c,Caminho C - Naive Bayes Gaussiano,0.5300115874855157,0.6455002284148013,2.4272351157429954e-18
path_c,Caminho C - Naive Bayes Gaussiano,0.530938586326767,0.6455002284148013,2.1367828689178e-18
path_c,Caminho C - Naive Bayes Gaussiano,0.530938586326767,0.6457286432160804,2.1174332226785093e-18
path_c,Caminho C - Naive Bayes Gaussiano,0.5318655851680185,0.6457286432160804,1.6928676241633748e-18
path_c,Caminho C - Naive Bayes Gaussiano,0.5318655851680185,0.6459570580173595,1.616784151659895e-18
path_c,Caminho C - Naive Bayes Gaussiano,0.5320973348783314,0.6459570580173595,1.5996569910911598e-18
path_c,Caminho C - Naive Bayes Gaussiano,0.5320973348783314,0.6461854728186387,1.535097509325053e-18
path_c,Caminho C - Naive Bayes Gaussiano,0.5325608342989572,0.6461854728186387,1.4818973481054648e-18
path_c,Caminho C - Naive Bayes Gaussiano,0.5325608342989572,0.6464138876199178,1.4715269837887949e-18
path_c,Caminho C - Naive Bayes Gaussiano,0.53279258400927,0.6464138876199178,1.4709823679412754e-18
path_c,Caminho C - Naive Bayes Gaussiano,0.53279258400927,0.6480127912288717,1.075140224080036e-18
path_c,Caminho C - Naive Bayes Gaussiano,0.5330243337195828,0.6480127912288717,1.0601467738729023e-18
path_c,Caminho C - Naive Bayes Gaussiano,0.5330243337195828,0.648698035632709,9.856721497166814e-19
path_c,Caminho C - Naive Bayes Gaussiano,0.5334878331402085,0.648698035632709,9.159865380700754e-19
path_c,Caminho C - Naive Bayes Gaussiano,0.5334878331402085,0.6493832800365463,8.1722962864894e-19
path_c,Caminho C - Naive Bayes Gaussiano,0.5337195828505215,0.6493832800365463,8.169148961857389e-19
path_c,Caminho C - Naive Bayes Gaussiano,0.5337195828505215,0.6498401096391047,7.275319706070391e-19
path_c,Caminho C - Naive Bayes Gaussiano,0.5339513325608343,0.6498401096391047,6.9598234067838055e-19
path_c,Caminho C - Naive Bayes Gaussiano,0.5339513325608343,0.6500685244403838,6.603686711177979e-19
path_c,Caminho C - Naive Bayes Gaussiano,0.5341830822711472,0.6500685244403838,6.545320636962857e-19
path_c,Caminho C - Naive Bayes Gaussiano,0.5341830822711472,0.6507537688442211,5.358936283853222e-19
path_c,Caminho C - Naive Bayes Gaussiano,0.53441483198146,0.6507537688442211,5.314665678725275e-19
path_c,Caminho C - Naive Bayes Gaussiano,0.53441483198146,0.6509821836455002,4.487607986199815e-19
path_c,Caminho C - Naive Bayes Gaussiano,0.5351100811123987,0.6509821836455002,3.9942504590636104e-19
path_c,Caminho C - Naive Bayes Gaussiano,0.5351100811123987,0.6518958428506167,3.285352769704146e-19
path_c,Caminho C - Naive Bayes Gaussiano,0.5355735805330243,0.6518958428506167,3.1878913605378705e-19
path_c,Caminho C - Naive Bayes Gaussiano,0.5355735805330243,0.6530379168570123,1.8969436842553597e-19
path_c,Caminho C - Naive Bayes Gaussiano,0.5365005793742758,0.6530379168570123,1.5750864743515872e-19
path_c,Caminho C - Naive Bayes Gaussiano,0.5365005793742758,0.6532663316582915,1.523492966107224e-19
path_c,Caminho C - Naive Bayes Gaussiano,0.5367323290845887,0.6532663316582915,1.4761331770443855e-19
path_c,Caminho C - Naive Bayes Gaussiano,0.5367323290845887,0.6537231612608497,1.3821442623916166e-19
path_c,Caminho C - Naive Bayes Gaussiano,0.5376593279258401,0.6537231612608497,1.3089875465131511e-19
path_c,Caminho C - Naive Bayes Gaussiano,0.5376593279258401,0.6539515760621288,1.2620650396585415e-19
path_c,Caminho C - Naive Bayes Gaussiano,0.5381228273464658,0.6539515760621288,1.199043195223517e-19
path_c,Caminho C - Naive Bayes Gaussiano,0.5381228273464658,0.654179990863408,1.0726630743312715e-19
path_c,Caminho C - Naive Bayes Gaussiano,0.5383545770567787,0.654179990863408,9.72695024751964e-20
path_c,Caminho C - Naive Bayes Gaussiano,0.5383545770567787,0.654408405664687,8.890363549273963e-20
path_c,Caminho C - Naive Bayes Gaussiano,0.5388180764774044,0.654408405664687,8.192956010160008e-20
path_c,Caminho C - Naive Bayes Gaussiano,0.5388180764774044,0.6546368204659662,8.035217666310667e-20
path_c,Caminho C - Naive Bayes Gaussiano,0.5390498261877172,0.6546368204659662,7.926896302579079e-20
path_c,Caminho C - Naive Bayes Gaussiano,0.5390498261877172,0.6548652352672453,7.438001721476621e-20
path_c,Caminho C - Naive Bayes Gaussiano,0.539513325608343,0.6548652352672453,6.565769446470458e-20
path_c,Caminho C - Naive Bayes Gaussiano,0.539513325608343,0.6550936500685245,6.106985807144551e-20
path_c,Caminho C - Naive Bayes Gaussiano,0.5402085747392815,0.6550936500685245,4.7357410820308124e-20
path_c,Caminho C - Naive Bayes Gaussiano,0.5402085747392815,0.6555504796710827,3.977847815759353e-20
path_c,Caminho C - Naive Bayes Gaussiano,0.5404403244495944,0.6555504796710827,3.840656076578162e-20
path_c,Caminho C - Naive Bayes Gaussiano,0.5404403244495944,0.6560073092736409,3.63212346380961e-20
path_c,Caminho C - Naive Bayes Gaussiano,0.5409038238702202,0.6560073092736409,3.162386004748853e-20
path_c,Caminho C - Naive Bayes Gaussiano,0.5409038238702202,0.6564641388761991,2.9777694543123124e-20
path_c,Caminho C - Naive Bayes Gaussiano,0.541135573580533,0.6564641388761991,2.939277233069159e-20
path_c,Caminho C - Naive Bayes Gaussiano,0.541135573580533,0.6566925536774783,2.6982323380234406e-20
path_c,Caminho C - Naive Bayes Gaussiano,0.5415990730011587,0.6566925536774783,2.1619559615272434e-20
path_c,Caminho C - Naive Bayes Gaussiano,0.5415990730011587,0.6571493832800366,1.9667855162489936e-20
path_c,Caminho C - Naive Bayes Gaussiano,0.5436848203939745,0.6571493832800366,1.4783606459664702e-20
path_c,Caminho C - Naive Bayes Gaussiano,0.5436848203939745,0.6573777980813157,1.4651097213229014e-20
path_c,Caminho C - Naive Bayes Gaussiano,0.5439165701042874,0.6573777980813157,1.3498995065410319e-20
path_c,Caminho C - Naive Bayes Gaussiano,0.5439165701042874,0.6578346276838739,1.2994918069666001e-20
path_c,Caminho C - Naive Bayes Gaussiano,0.5441483198146002,0.6578346276838739,1.2934300094365478e-20
path_c,Caminho C - Naive Bayes Gaussiano,0.5441483198146002,0.658063042485153,1.2923507780095536e-20
path_c,Caminho C - Naive Bayes Gaussiano,0.5443800695249131,0.658063042485153,1.2528113449824528e-20
path_c,Caminho C - Naive Bayes Gaussiano,0.5443800695249131,0.6582914572864321,1.2443779670810948e-20
path_c,Caminho C - Naive Bayes Gaussiano,0.5450753186558517,0.6582914572864321,1.1778801916857986e-20
path_c,Caminho C - Naive Bayes Gaussiano,0.5450753186558517,0.6585198720877112,1.1708343785254075e-20
path_c,Caminho C - Naive Bayes Gaussiano,0.5455388180764774,0.6585198720877112,1.1257376435132101e-20
path_c,Caminho C - Naive Bayes Gaussiano,0.5455388180764774,0.6587482868889905,1.0459854023166822e-20
path_c,Caminho C - Naive Bayes Gaussiano,0.546234067207416,0.6587482868889905,9.430890468616694e-21
path_c,Caminho C - Naive Bayes Gaussiano,0.546234067207416,0.6589767016902696,8.932654709414437e-21
path_c,Caminho C - Naive Bayes Gaussiano,0.5469293163383546,0.6589767016902696,8.496732027077684e-21
path_c,Caminho C - Naive Bayes Gaussiano,0.5469293163383546,0.6594335312928278,8.249895222165338e-21
path_c,Caminho C - Naive Bayes Gaussiano,0.547856315179606,0.6594335312928278,6.489938073419566e-21
path_c,Caminho C - Naive Bayes Gaussiano,0.547856315179606,0.659890360895386,6.2688052006178905e-21
path_c,Caminho C - Naive Bayes Gaussiano,0.5483198146002317,0.659890360895386,6.095233899345895e-21
path_c,Caminho C - Naive Bayes Gaussiano,0.5483198146002317,0.6603471904979442,5.9188480688624815e-21
path_c,Caminho C - Naive Bayes Gaussiano,0.5485515643105446,0.6603471904979442,5.831295847935336e-21
path_c,Caminho C - Naive Bayes Gaussiano,0.5485515643105446,0.6605756052992234,5.802295521849001e-21
path_c,Caminho C - Naive Bayes Gaussiano,0.5497103128621089,0.6605756052992234,4.329354424727485e-21
path_c,Caminho C - Naive Bayes Gaussiano,0.5497103128621089,0.6608040201005025,3.920224406897043e-21
path_c,Caminho C - Naive Bayes Gaussiano,0.5501738122827347,0.6608040201005025,3.403570999289233e-21
path_c,Caminho C - Naive Bayes Gaussiano,0.5501738122827347,0.6614892645043399,3.1916607106851356e-21
path_c,Caminho C - Naive Bayes Gaussiano,0.5511008111239861,0.6614892645043399,2.6639975540327425e-21
path_c,Caminho C - Naive Bayes Gaussiano,0.5511008111239861,0.661717679305619,2.563092190477743e-21
path_c,Caminho C - Naive Bayes Gaussiano,0.5520278099652376,0.661717679305619,2.0851745475124073e-21
path_c,Caminho C - Naive Bayes Gaussiano,0.5520278099652376,0.6619460941068981,2.066053162806079e-21
path_c,Caminho C - Naive Bayes Gaussiano,0.5524913093858632,0.6619460941068981,1.8720064575921567e-21
path_c,Caminho C - Naive Bayes Gaussiano,0.5524913093858632,0.6621745089081772,1.8447320297896442e-21
path_c,Caminho C - Naive Bayes Gaussiano,0.552954808806489,0.6621745089081772,1.7122785568448115e-21
path_c,Caminho C - Naive Bayes Gaussiano,0.552954808806489,0.6628597533120146,1.2190172951374822e-21
path_c,Caminho C - Naive Bayes Gaussiano,0.5531865585168019,0.6628597533120146,1.0737683777743802e-21
path_c,Caminho C - Naive Bayes Gaussiano,0.5531865585168019,0.663544997715852,9.78914433407082e-22
path_c,Caminho C - Naive Bayes Gaussiano,0.5536500579374276,0.663544997715852,9.540372378270669e-22
path_c,Caminho C - Naive Bayes Gaussiano,0.5536500579374276,0.6640018273184103,8.381857820398014e-22
path_c,Caminho C - Naive Bayes Gaussiano,0.5550405561993047,0.6640018273184103,5.627964882007352e-22
path_c,Caminho C - Naive Bayes Gaussiano,0.5550405561993047,0.6642302421196894,5.544070934220641e-22
path_c,Caminho C - Naive Bayes Gaussiano,0.5559675550405562,0.6642302421196894,4.855364848185363e-22
path_c,Caminho C - Naive Bayes Gaussiano,0.5559675550405562,0.6644586569209685,4.528728077932064e-22
path_c,Caminho C - Naive Bayes Gaussiano,0.5564310544611819,0.6644586569209685,4.318490806623025e-22
path_c,Caminho C - Naive Bayes Gaussiano,0.5564310544611819,0.6646870717222476,4.3075660524846e-22
path_c,Caminho C - Naive Bayes Gaussiano,0.5568945538818076,0.6646870717222476,3.7817613452213736e-22
path_c,Caminho C - Naive Bayes Gaussiano,0.5568945538818076,0.6649154865235267,3.7009331574505034e-22
path_c,Caminho C - Naive Bayes Gaussiano,0.5575898030127462,0.6649154865235267,2.9563656469993e-22
path_c,Caminho C - Naive Bayes Gaussiano,0.5575898030127462,0.6653723161260849,2.6730066727425754e-22
path_c,Caminho C - Naive Bayes Gaussiano,0.5603707995365006,0.6653723161260849,1.314183296365253e-22
path_c,Caminho C - Naive Bayes Gaussiano,0.5603707995365006,0.665600730927364,1.2024123284936562e-22
path_c,Caminho C - Naive Bayes Gaussiano,0.5606025492468134,0.665600730927364,1.1736795946314772e-22
path_c,Caminho C - Naive Bayes Gaussiano,0.5606025492468134,0.6658291457286433,1.1659243437423544e-22
path_c,Caminho C - Naive Bayes Gaussiano,0.5608342989571263,0.6658291457286433,1.111662113130209e-22
path_c,Caminho C - Naive Bayes Gaussiano,0.5608342989571263,0.6660575605299224,1.0751246306244883e-22
path_c,Caminho C - Naive Bayes Gaussiano,0.5615295480880649,0.6660575605299224,9.58744748952804e-23
path_c,Caminho C - Naive Bayes Gaussiano,0.5615295480880649,0.6662859753312015,9.479313812749441e-23
path_c,Caminho C - Naive Bayes Gaussiano,0.5617612977983778,0.6662859753312015,7.786280987547929e-23
path_c,Caminho C - Naive Bayes Gaussiano,0.5617612977983778,0.6667428049337597,5.55545839913608e-23
path_c,Caminho C - Naive Bayes Gaussiano,0.5619930475086906,0.6667428049337597,4.358726231275438e-23
path_c,Caminho C - Naive Bayes Gaussiano,0.5619930475086906,0.6669712197350388,4.080020917709762e-23
path_c,Caminho C - Naive Bayes Gaussiano,0.5624565469293163,0.6669712197350388,3.164367958405351e-23
path_c,Caminho C - Naive Bayes Gaussiano,0.5624565469293163,0.6671996345363179,2.7580925393480487e-23
path_c,Caminho C - Naive Bayes Gaussiano,0.5626882966396292,0.6671996345363179,2.69590949925445e-23
path_c,Caminho C - Naive Bayes Gaussiano,0.5626882966396292,0.667428049337597,2.0939402472760234e-23
path_c,Caminho C - Naive Bayes Gaussiano,0.5633835457705678,0.667428049337597,1.2095168577207615e-23
path_c,Caminho C - Naive Bayes Gaussiano,0.5633835457705678,0.6676564641388762,1.173867914675639e-23
path_c,Caminho C - Naive Bayes Gaussiano,0.5640787949015064,0.6676564641388762,8.020620027600571e-24
path_c,Caminho C - Naive Bayes Gaussiano,0.5640787949015064,0.6678848789401554,7.971161293480347e-24
path_c,Caminho C - Naive Bayes Gaussiano,0.5645422943221321,0.6678848789401554,7.024877176825087e-24
path_c,Caminho C - Naive Bayes Gaussiano,0.5645422943221321,0.6683417085427136,6.406810666906498e-24
path_c,Caminho C - Naive Bayes Gaussiano,0.5661645422943221,0.6683417085427136,2.548168896307077e-24
path_c,Caminho C - Naive Bayes Gaussiano,0.5661645422943221,0.6703974417542257,8.855368562144045e-25
path_c,Caminho C - Naive Bayes Gaussiano,0.5666280417149478,0.6703974417542257,8.595261131301132e-25
path_c,Caminho C - Naive Bayes Gaussiano,0.5666280417149478,0.6706258565555048,7.819362918626788e-25
path_c,Caminho C - Naive Bayes Gaussiano,0.5673232908458864,0.6706258565555048,5.239143692366023e-25
path_c,Caminho C - Naive Bayes Gaussiano,0.5673232908458864,0.6708542713567839,4.601406665836587e-25
path_c,Caminho C - Naive Bayes Gaussiano,0.5677867902665121,0.6708542713567839,3.6139248641118423e-25
path_c,Caminho C - Naive Bayes Gaussiano,0.5677867902665121,0.671082686158063,3.5828255628304987e-25
path_c,Caminho C - Naive Bayes Gaussiano,0.568018539976825,0.671082686158063,2.6529051550144318e-25
path_c,Caminho C - Naive Bayes Gaussiano,0.568018539976825,0.6717679305619004,2.069452593611081e-25
path_c,Caminho C - Naive Bayes Gaussiano,0.5682502896871379,0.6717679305619004,1.7104525612787822e-25
path_c,Caminho C - Naive Bayes Gaussiano,0.5682502896871379,0.6719963453631795,1.6357444496042737e-25
path_c,Caminho C - Naive Bayes Gaussiano,0.5694090382387021,0.6719963453631795,9.448754079484737e-26
path_c,Caminho C - Naive Bayes Gaussiano,0.5694090382387021,0.672910004568296,6.948637790061718e-26
path_c,Caminho C - Naive Bayes Gaussiano,0.5696407879490151,0.672910004568296,6.073317571513633e-26
path_c,Caminho C - Naive Bayes Gaussiano,0.5696407879490151,0.6740520785746916,4.2862710050315007e-26
path_c,Caminho C - Naive Bayes Gaussiano,0.5701042873696408,0.6740520785746916,3.692152164381952e-26
path_c,Caminho C - Naive Bayes Gaussiano,0.5701042873696408,0.6749657377798082,2.8940978393940893e-26
path_c,Caminho C - Naive Bayes Gaussiano,0.5703360370799536,0.6749657377798082,2.434732645720963e-26
path_c,Caminho C - Naive Bayes Gaussiano,0.5703360370799536,0.6761078117862037,1.7711854058578566e-26
path_c,Caminho C - Naive Bayes Gaussiano,0.5705677867902665,0.6761078117862037,1.7676742860642543e-26
path_c,Caminho C - Naive Bayes Gaussiano,0.5705677867902665,0.676564641388762,1.7514002799605583e-26
path_c,Caminho C - Naive Bayes Gaussiano,0.5707995365005794,0.676564641388762,1.5262691158068703e-26
path_c,Caminho C - Naive Bayes Gaussiano,0.5707995365005794,0.6781635449977158,1.362142820446382e-26
path_c,Caminho C - Naive Bayes Gaussiano,0.5721900347624566,0.6781635449977158,1.1505142803790494e-26
path_c,Caminho C - Naive Bayes Gaussiano,0.5721900347624566,0.678391959798995,1.1213875626092832e-26
path_c,Caminho C - Naive Bayes Gaussiano,0.5726535341830823,0.678391959798995,9.803808198460638e-27
path_c,Caminho C - Naive Bayes Gaussiano,0.5726535341830823,0.6797624486066697,8.324850797775473e-27
path_c,Caminho C - Naive Bayes Gaussiano,0.5733487833140208,0.6797624486066697,7.31415879412875e-27
path_c,Caminho C - Naive Bayes Gaussiano,0.5733487833140208,0.680219278209228,6.837839097595795e-27
path_c,Caminho C - Naive Bayes Gaussiano,0.5740440324449595,0.680219278209228,5.7145518665448456e-27
path_c,Caminho C - Naive Bayes Gaussiano,0.5740440324449595,0.6804476930105071,5.618122553325987e-27
path_c,Caminho C - Naive Bayes Gaussiano,0.5745075318655851,0.6804476930105071,5.4856388705906286e-27
path_c,Caminho C - Naive Bayes Gaussiano,0.5745075318655851,0.6806761078117862,5.444377920951086e-27
path_c,Caminho C - Naive Bayes Gaussiano,0.574739281575898,0.6806761078117862,5.39771243561739e-27
path_c,Caminho C - Naive Bayes Gaussiano,0.574739281575898,0.6809045226130653,5.386985391326208e-27
path_c,Caminho C - Naive Bayes Gaussiano,0.5752027809965238,0.6809045226130653,5.1293518928759424e-27
path_c,Caminho C - Naive Bayes Gaussiano,0.5752027809965238,0.6818181818181818,4.7648127451768014e-27
path_c,Caminho C - Naive Bayes Gaussiano,0.5754345307068366,0.6818181818181818,4.555867459055604e-27
path_c,Caminho C - Naive Bayes Gaussiano,0.5754345307068366,0.6822750114207401,4.1666608201338e-27
path_c,Caminho C - Naive Bayes Gaussiano,0.5758980301274623,0.6822750114207401,4.009636216635383e-27
path_c,Caminho C - Naive Bayes Gaussiano,0.5758980301274623,0.6829602558245774,3.886817034964479e-27
path_c,Caminho C - Naive Bayes Gaussiano,0.576593279258401,0.6829602558245774,3.54910790492836e-27
path_c,Caminho C - Naive Bayes Gaussiano,0.576593279258401,0.6841023298309731,3.1179043244935474e-27
path_c,Caminho C - Naive Bayes Gaussiano,0.5770567786790266,0.6841023298309731,3.0609487673866378e-27
path_c,Caminho C - Naive Bayes Gaussiano,0.5770567786790266,0.6866148926450434,2.6431979012881484e-27
path_c,Caminho C - Naive Bayes Gaussiano,0.5772885283893395,0.6866148926450434,2.62562365085243e-27
path_c,Caminho C - Naive Bayes Gaussiano,0.5772885283893395,0.687756966651439,2.323455873407607e-27
path_c,Caminho C - Naive Bayes Gaussiano,0.5777520278099653,0.687756966651439,2.10330699102988e-27
path_c,Caminho C - Naive Bayes Gaussiano,0.5777520278099653,0.6879853814527181,2.092376431459402e-27
path_c,Caminho C - Naive Bayes Gaussiano,0.5779837775202781,0.6879853814527181,2.0830300023376796e-27
path_c,Caminho C - Naive Bayes Gaussiano,0.5779837775202781,0.6893558702603929,1.8729775323713953e-27
path_c,Caminho C - Naive Bayes Gaussiano,0.578215527230591,0.6893558702603929,1.85536585395723e-27
path_c,Caminho C - Naive Bayes Gaussiano,0.578215527230591,0.691411603471905,1.5944192881876508e-27
path_c,Caminho C - Naive Bayes Gaussiano,0.5784472769409038,0.691411603471905,1.5597511851794285e-27
path_c,Caminho C - Naive Bayes Gaussiano,0.5784472769409038,0.6936957514846962,1.1464423738829628e-27
path_c,Caminho C - Naive Bayes Gaussiano,0.5789107763615295,0.6936957514846962,1.0649960823716531e-27
path_c,Caminho C - Naive Bayes Gaussiano,0.5789107763615295,0.6939241662859753,1.0494808797102233e-27
path_c,Caminho C - Naive Bayes Gaussiano,0.5791425260718424,0.6939241662859753,1.0301419605701744e-27
path_c,Caminho C - Naive Bayes Gaussiano,0.5791425260718424,0.6941525810872544,9.947818099027877e-28
path_c,Caminho C - Naive Bayes Gaussiano,0.5793742757821553,0.6941525810872544,9.903811761460475e-28
path_c,Caminho C - Naive Bayes Gaussiano,0.5793742757821553,0.6948378254910919,9.472241540145637e-28
path_c,Caminho C - Naive Bayes Gaussiano,0.5796060254924681,0.6948378254910919,9.449465063716058e-28
path_c,Caminho C - Naive Bayes Gaussiano,0.5796060254924681,0.6955230698949292,8.794311741054958e-28
path_c,Caminho C - Naive Bayes Gaussiano,0.579837775202781,0.6955230698949292,8.422985864267617e-28
path_c,Caminho C - Naive Bayes Gaussiano,0.579837775202781,0.6957514846962083,8.12230566451802e-28
path_c,Caminho C - Naive Bayes Gaussiano,0.5800695249130938,0.6957514846962083,8.062978058590895e-28
path_c,Caminho C - Naive Bayes Gaussiano,0.5800695249130938,0.6962083142987665,7.8415966187859965e-28
path_c,Caminho C - Naive Bayes Gaussiano,0.5807647740440325,0.6962083142987665,7.025048377341378e-28
path_c,Caminho C - Naive Bayes Gaussiano,0.5807647740440325,0.6964367291000457,6.9127934813318606e-28
path_c,Caminho C - Naive Bayes Gaussiano,0.5809965237543453,0.6964367291000457,6.352349442869381e-28
path_c,Caminho C - Naive Bayes Gaussiano,0.5809965237543453,0.697121973503883,5.539798288880558e-28
path_c,Caminho C - Naive Bayes Gaussiano,0.5816917728852838,0.697121973503883,4.858439096254777e-28
path_c,Caminho C - Naive Bayes Gaussiano,0.5816917728852838,0.6973503883051622,4.5806401689871515e-28
path_c,Caminho C - Naive Bayes Gaussiano,0.5819235225955968,0.6973503883051622,3.9277910829574437e-28
path_c,Caminho C - Naive Bayes Gaussiano,0.5819235225955968,0.6975788031064413,3.740350208680236e-28
path_c,Caminho C - Naive Bayes Gaussiano,0.5823870220162225,0.6975788031064413,3.6435804427772047e-28
path_c,Caminho C - Naive Bayes Gaussiano,0.5823870220162225,0.6982640475102787,3.183120988897061e-28
path_c,Caminho C - Naive Bayes Gaussiano,0.5826187717265353,0.6982640475102787,3.0854603996163843e-28
path_c,Caminho C - Naive Bayes Gaussiano,0.5826187717265353,0.6994061215166743,2.4820132676309643e-28
path_c,Caminho C - Naive Bayes Gaussiano,0.583082271147161,0.6994061215166743,2.3321419895638176e-28
path_c,Caminho C - Naive Bayes Gaussiano,0.583082271147161,0.6998629511192326,2.066267810061632e-28
path_c,Caminho C - Naive Bayes Gaussiano,0.583314020857474,0.6998629511192326,1.87768688678992e-28
path_c,Caminho C - Naive Bayes Gaussiano,0.583314020857474,0.7000913659205117,1.700194629703031e-28
path_c,Caminho C - Naive Bayes Gaussiano,0.5837775202780997,0.7000913659205117,1.4745922325723372e-28
path_c,Caminho C - Naive Bayes Gaussiano,0.5837775202780997,0.7010050251256281,1.3711228634157836e-28
path_c,Caminho C - Naive Bayes Gaussiano,0.5842410196987253,0.7010050251256281,1.3256040915674348e-28
path_c,Caminho C - Naive Bayes Gaussiano,0.5842410196987253,0.7019186843307447,1.1232510464092352e-28
path_c,Caminho C - Naive Bayes Gaussiano,0.5844727694090383,0.7019186843307447,1.0753074216582008e-28
path_c,Caminho C - Naive Bayes Gaussiano,0.5844727694090383,0.7021470991320238,1.058954637018627e-28
path_c,Caminho C - Naive Bayes Gaussiano,0.5847045191193511,0.7021470991320238,1.050569903020544e-28
path_c,Caminho C - Naive Bayes Gaussiano,0.5847045191193511,0.7023755139333029,1.0148657656706687e-28
path_c,Caminho C - Naive Bayes Gaussiano,0.5851680185399768,0.7023755139333029,9.85828000477231e-29
path_c,Caminho C - Naive Bayes Gaussiano,0.5851680185399768,0.7028323435358611,9.4752639549058e-29
path_c,Caminho C - Naive Bayes Gaussiano,0.5853997682502897,0.7028323435358611,9.450407046435899e-29
path_c,Caminho C - Naive Bayes Gaussiano,0.5853997682502897,0.7035175879396985,7.556763273815188e-29
path_c,Caminho C - Naive Bayes Gaussiano,0.5856315179606025,0.7035175879396985,7.542986722713805e-29
path_c,Caminho C - Naive Bayes Gaussiano,0.5856315179606025,0.7037460027409776,7.411375307882022e-29
path_c,Caminho C - Naive Bayes Gaussiano,0.5858632676709155,0.7037460027409776,7.237384524138541e-29
path_c,Caminho C - Naive Bayes Gaussiano,0.5858632676709155,0.7039744175422568,7.056299638145135e-29
path_c,Caminho C - Naive Bayes Gaussiano,0.5867902665121668,0.7039744175422568,6.123239849301603e-29
path_c,Caminho C - Naive Bayes Gaussiano,0.5867902665121668,0.7051164915486523,5.584773050364164e-29
path_c,Caminho C - Naive Bayes Gaussiano,0.5872537659327925,0.7051164915486523,5.221723165705925e-29
path_c,Caminho C - Naive Bayes Gaussiano,0.5872537659327925,0.7053449063499315,5.193688800150492e-29
path_c,Caminho C - Naive Bayes Gaussiano,0.5877172653534183,0.7053449063499315,4.792499975691472e-29
path_c,Caminho C - Naive Bayes Gaussiano,0.5877172653534183,0.7055733211512106,4.635105634793507e-29
path_c,Caminho C - Naive Bayes Gaussiano,0.5879490150637312,0.7055733211512106,4.633864403857829e-29
path_c,Caminho C - Naive Bayes Gaussiano,0.5879490150637312,0.7060301507537688,4.56016630522316e-29
path_c,Caminho C - Naive Bayes Gaussiano,0.588180764774044,0.7060301507537688,4.4807768223369493e-29
path_c,Caminho C - Naive Bayes Gaussiano,0.588180764774044,0.7064869803563271,4.1426578981024405e-29
path_c,Caminho C - Naive Bayes Gaussiano,0.5884125144843569,0.7064869803563271,4.0930142719497454e-29
path_c,Caminho C - Naive Bayes Gaussiano,0.5884125144843569,0.7067153951576062,3.827536448022115e-29
path_c,Caminho C - Naive Bayes Gaussiano,0.5888760139049826,0.7067153951576062,3.629520408259442e-29
path_c,Caminho C - Naive Bayes Gaussiano,0.5888760139049826,0.7071722247601645,3.597353534920309e-29
path_c,Caminho C - Naive Bayes Gaussiano,0.5893395133256083,0.7071722247601645,3.5798708094056204e-29
path_c,Caminho C - Naive Bayes Gaussiano,0.5893395133256083,0.7074006395614436,3.5211950233942294e-29
path_c,Caminho C - Naive Bayes Gaussiano,0.5902665121668598,0.7074006395614436,3.0500890615064886e-29
path_c,Caminho C - Naive Bayes Gaussiano,0.5902665121668598,0.7076290543627227,3.0467656642524583e-29
path_c,Caminho C - Naive Bayes Gaussiano,0.591425260718424,0.7076290543627227,2.688249909651511e-29
path_c,Caminho C - Naive Bayes Gaussiano,0.591425260718424,0.7078574691640018,2.587395094604457e-29
path_c,Caminho C - Naive Bayes Gaussiano,0.591657010428737,0.7078574691640018,2.5189854001121956e-29
path_c,Caminho C - Naive Bayes Gaussiano,0.591657010428737,0.7080858839652809,2.5143485724060695e-29
path_c,Caminho C - Naive Bayes Gaussiano,0.5925840092699884,0.7080858839652809,2.3920862993111824e-29
path_c,Caminho C - Naive Bayes Gaussiano,0.5925840092699884,0.70831429876656,2.382401811540971e-29
path_c,Caminho C - Naive Bayes Gaussiano,0.593279258400927,0.70831429876656,2.2073882911431124e-29
path_c,Caminho C - Naive Bayes Gaussiano,0.593279258400927,0.7089995431703975,1.9682283177003075e-29
path_c,Caminho C - Naive Bayes Gaussiano,0.5951332560834299,0.7089995431703975,1.7082243080963487e-29
path_c,Caminho C - Naive Bayes Gaussiano,0.5951332560834299,0.7094563727729557,1.5415357044014337e-29
path_c,Caminho C - Naive Bayes Gaussiano,0.59675550405562,0.7094563727729557,1.3514690461156716e-29
path_c,Caminho C - Naive Bayes Gaussiano,0.59675550405562,0.7099132023755139,1.340297384933612e-29
path_c,Caminho C - Naive Bayes Gaussiano,0.5969872537659328,0.7099132023755139,1.3089852859447265e-29
path_c,Caminho C - Naive Bayes Gaussiano,0.5969872537659328,0.710141617176793,1.2651163028916572e-29
path_c,Caminho C - Naive Bayes Gaussiano,0.5981460023174971,0.710141617176793,1.165225697086981e-29
path_c,Caminho C - Naive Bayes Gaussiano,0.5981460023174971,0.7105984467793514,1.1507113873496346e-29
path_c,Caminho C - Naive Bayes Gaussiano,0.59837775202781,0.7105984467793514,1.0768860457358607e-29
path_c,Caminho C - Naive Bayes Gaussiano,0.59837775202781,0.7108268615806305,1.0340924105305877e-29
path_c,Caminho C - Naive Bayes Gaussiano,0.5988412514484357,0.7108268615806305,9.803069161385402e-30
path_c,Caminho C - Naive Bayes Gaussiano,0.5988412514484357,0.7110552763819096,9.446733618944714e-30
path_c,Caminho C - Naive Bayes Gaussiano,0.5995365005793742,0.7110552763819096,8.954468594551654e-30
path_c,Caminho C - Naive Bayes Gaussiano,0.5995365005793742,0.7112836911831887,8.084679828134824e-30
path_c,Caminho C - Naive Bayes Gaussiano,0.6,0.7112836911831887,7.656275503949658e-30
path_c,Caminho C - Naive Bayes Gaussiano,0.6,0.7115121059844678,7.32347659267186e-30
path_c,Caminho C - Naive Bayes Gaussiano,0.6002317497103129,0.7115121059844678,7.253643311014935e-30
path_c,Caminho C - Naive Bayes Gaussiano,0.6002317497103129,0.7117405207857469,7.131967855439914e-30
path_c,Caminho C - Naive Bayes Gaussiano,0.6004634994206257,0.7117405207857469,7.01798812395353e-30
path_c,Caminho C - Naive Bayes Gaussiano,0.6004634994206257,0.711968935587026,6.458127698696155e-30
path_c,Caminho C - Naive Bayes Gaussiano,0.6006952491309386,0.711968935587026,6.402624794977717e-30
path_c,Caminho C - Naive Bayes Gaussiano,0.6006952491309386,0.7121973503883051,5.916852216374755e-30
path_c,Caminho C - Naive Bayes Gaussiano,0.6011587485515643,0.7121973503883051,4.857263607727209e-30
path_c,Caminho C - Naive Bayes Gaussiano,0.6011587485515643,0.7126541799908634,4.325331695221948e-30
path_c,Caminho C - Naive Bayes Gaussiano,0.6018539976825029,0.7126541799908634,3.928895885509384e-30
path_c,Caminho C - Naive Bayes Gaussiano,0.6018539976825029,0.7131110095934217,3.486503986986486e-30
path_c,Caminho C - Naive Bayes Gaussiano,0.6037079953650057,0.7131110095934217,2.50188691236421e-30
path_c,Caminho C - Naive Bayes Gaussiano,0.6037079953650057,0.7133394243947008,2.4730799701637925e-30
path_c,Caminho C - Naive Bayes Gaussiano,0.6060254924681344,0.7133394243947008,1.9891309223758425e-30
path_c,Caminho C - Naive Bayes Gaussiano,0.6060254924681344,0.713796253997259,1.6888595469001437e-30
path_c,Caminho C - Naive Bayes Gaussiano,0.606720741599073,0.713796253997259,1.6046509066591266e-30
path_c,Caminho C - Naive Bayes Gaussiano,0.606720741599073,0.7140246687985381,1.60453166175359e-30
path_c,Caminho C - Naive Bayes Gaussiano,0.6071842410196987,0.7140246687985381,1.4857831563028852e-30
path_c,Caminho C - Naive Bayes Gaussiano,0.6071842410196987,0.7142530835998173,1.4660041133707058e-30
path_c,Caminho C - Naive Bayes Gaussiano,0.6088064889918887,0.7142530835998173,9.680553157216223e-31
path_c,Caminho C - Naive Bayes Gaussiano,0.6088064889918887,0.7144814984010964,9.21989625527051e-31
path_c,Caminho C - Naive Bayes Gaussiano,0.6101969872537659,0.7144814984010964,6.376008869555478e-31
path_c,Caminho C - Naive Bayes Gaussiano,0.6101969872537659,0.7147099132023755,6.127840863439157e-31
path_c,Caminho C - Naive Bayes Gaussiano,0.6115874855156431,0.7147099132023755,3.7318181669879816e-31
path_c,Caminho C - Naive Bayes Gaussiano,0.6115874855156431,0.7149383280036546,3.5105967027914698e-31
path_c,Caminho C - Naive Bayes Gaussiano,0.6125144843568946,0.7149383280036546,2.870441841086649e-31
path_c,Caminho C - Naive Bayes Gaussiano,0.6125144843568946,0.7153951576062129,2.659711538993218e-31
path_c,Caminho C - Naive Bayes Gaussiano,0.6129779837775203,0.7153951576062129,2.544227578409218e-31
path_c,Caminho C - Naive Bayes Gaussiano,0.6129779837775203,0.715623572407492,2.4372140805273603e-31
path_c,Caminho C - Naive Bayes Gaussiano,0.6146002317497103,0.715623572407492,1.365649050861161e-31
path_c,Caminho C - Naive Bayes Gaussiano,0.6146002317497103,0.7158519872087711,1.2902069037949374e-31
path_c,Caminho C - Naive Bayes Gaussiano,0.6155272305909618,0.7158519872087711,9.61500512487023e-32
path_c,Caminho C - Naive Bayes Gaussiano,0.6155272305909618,0.7160804020100503,8.107588864563991e-32
path_c,Caminho C - Naive Bayes Gaussiano,0.6178447276940904,0.7160804020100503,4.27820260002827e-32
path_c,Caminho C - Naive Bayes Gaussiano,0.6178447276940904,0.7163088168113294,3.915694407207462e-32
path_c,Caminho C - Naive Bayes Gaussiano,0.6190034762456547,0.7163088168113294,1.8669316528653815e-32
path_c,Caminho C - Naive Bayes Gaussiano,0.6190034762456547,0.7165372316126085,1.1553928752296681e-32
path_c,Caminho C - Naive Bayes Gaussiano,0.6199304750869061,0.7165372316126085,6.764905948701985e-33
path_c,Caminho C - Naive Bayes Gaussiano,0.6199304750869061,0.7169940612151667,5.498175342710523e-33
path_c,Caminho C - Naive Bayes Gaussiano,0.6203939745075319,0.7169940612151667,3.504284747018957e-33
path_c,Caminho C - Naive Bayes Gaussiano,0.6203939745075319,0.7176793056190041,2.304020622767632e-33
path_c,Caminho C - Naive Bayes Gaussiano,0.6206257242178447,0.7176793056190041,2.1488911394548265e-33
path_c,Caminho C - Naive Bayes Gaussiano,0.6206257242178447,0.7179077204202833,2.0282052188228845e-33
path_c,Caminho C - Naive Bayes Gaussiano,0.6210892236384704,0.7179077204202833,1.4945924690679558e-33
path_c,Caminho C - Naive Bayes Gaussiano,0.6210892236384704,0.7181361352215624,1.052460843590801e-33
path_c,Caminho C - Naive Bayes Gaussiano,0.6220162224797219,0.7181361352215624,7.061713475921332e-34
path_c,Caminho C - Naive Bayes Gaussiano,0.6220162224797219,0.7183645500228415,5.679539470666345e-34
path_c,Caminho C - Naive Bayes Gaussiano,0.6222479721900348,0.7183645500228415,4.629429199895243e-34
path_c,Caminho C - Naive Bayes Gaussiano,0.6222479721900348,0.7188213796253997,4.333021720513101e-34
path_c,Caminho C - Naive Bayes Gaussiano,0.6224797219003476,0.7188213796253997,3.896835025998542e-34
path_c,Caminho C - Naive Bayes Gaussiano,0.6224797219003476,0.719506624029237,3.2505034287546107e-34
path_c,Caminho C - Naive Bayes Gaussiano,0.6227114716106605,0.719506624029237,3.1872936854970524e-34
path_c,Caminho C - Naive Bayes Gaussiano,0.6227114716106605,0.7197350388305163,2.8733969606206043e-34
path_c,Caminho C - Naive Bayes Gaussiano,0.6231749710312862,0.7197350388305163,2.719676982770688e-34
path_c,Caminho C - Naive Bayes Gaussiano,0.6231749710312862,0.7208771128369118,1.5918822697064395e-34
path_c,Caminho C - Naive Bayes Gaussiano,0.6236384704519119,0.7208771128369118,1.4388643235425104e-34
path_c,Caminho C - Naive Bayes Gaussiano,0.6236384704519119,0.7215623572407492,1.308164074648672e-34
path_c,Caminho C - Naive Bayes Gaussiano,0.6238702201622248,0.7215623572407492,1.2819917837893511e-34
path_c,Caminho C - Naive Bayes Gaussiano,0.6238702201622248,0.7217907720420284,1.263410875112422e-34
path_c,Caminho C - Naive Bayes Gaussiano,0.6241019698725376,0.7217907720420284,1.1723197557980353e-34
path_c,Caminho C - Naive Bayes Gaussiano,0.6241019698725376,0.7224760164458657,1.056713508837459e-34
path_c,Caminho C - Naive Bayes Gaussiano,0.6247972190034763,0.7224760164458657,1.0022324850940658e-34
path_c,Caminho C - Naive Bayes Gaussiano,0.6247972190034763,0.7227044312471448,9.234972489569801e-35
path_c,Caminho C - Naive Bayes Gaussiano,0.625260718424102,0.7227044312471448,8.274842650747089e-35
path_c,Caminho C - Naive Bayes Gaussiano,0.625260718424102,0.7231612608497031,6.1299553706768e-35
path_c,Caminho C - Naive Bayes Gaussiano,0.6254924681344148,0.7231612608497031,6.116054165048134e-35
path_c,Caminho C - Naive Bayes Gaussiano,0.6254924681344148,0.7236180904522613,5.840579407425852e-35
path_c,Caminho C - Naive Bayes Gaussiano,0.6259559675550406,0.7236180904522613,5.425717302550484e-35
path_c,Caminho C - Naive Bayes Gaussiano,0.6259559675550406,0.7245317496573778,5.052900145007615e-35
path_c,Caminho C - Naive Bayes Gaussiano,0.6261877172653534,0.7245317496573778,4.832036755309516e-35
path_c,Caminho C - Naive Bayes Gaussiano,0.6261877172653534,0.7263590680676107,1.7842777199049568e-35
path_c,Caminho C - Naive Bayes Gaussiano,0.626882966396292,0.7263590680676107,1.6162686122655188e-35
path_c,Caminho C - Naive Bayes Gaussiano,0.626882966396292,0.7270443124714482,1.5086124063283566e-35
path_c,Caminho C - Naive Bayes Gaussiano,0.6271147161066049,0.7270443124714482,1.447134508476461e-35
path_c,Caminho C - Naive Bayes Gaussiano,0.6271147161066049,0.7281863864778437,9.583817396369629e-36
path_c,Caminho C - Naive Bayes Gaussiano,0.6275782155272306,0.7281863864778437,9.290427634224423e-36
path_c,Caminho C - Naive Bayes Gaussiano,0.6275782155272306,0.7284148012791228,8.274131106996961e-36
path_c,Caminho C - Naive Bayes Gaussiano,0.6294322132097335,0.7284148012791228,5.327285628646573e-36
path_c,Caminho C - Naive Bayes Gaussiano,0.6294322132097335,0.7286432160804021,5.22440610680023e-36
path_c,Caminho C - Naive Bayes Gaussiano,0.6296639629200463,0.7286432160804021,5.174480899297083e-36
path_c,Caminho C - Naive Bayes Gaussiano,0.6296639629200463,0.7288716308816812,5.096593199370908e-36
path_c,Caminho C - Naive Bayes Gaussiano,0.6301274623406721,0.7288716308816812,3.834267822132763e-36
path_c,Caminho C - Naive Bayes Gaussiano,0.6301274623406721,0.7297852900867976,3.0902555569491276e-36
path_c,Caminho C - Naive Bayes Gaussiano,0.6303592120509849,0.7297852900867976,3.0360280663387486e-36
path_c,Caminho C - Naive Bayes Gaussiano,0.6303592120509849,0.7302421196893558,2.84312187504058e-36
path_c,Caminho C - Naive Bayes Gaussiano,0.6312862108922364,0.7302421196893558,2.556905939040342e-36
path_c,Caminho C - Naive Bayes Gaussiano,0.6312862108922364,0.7306989492919141,2.4978476120691144e-36
path_c,Caminho C - Naive Bayes Gaussiano,0.6315179606025493,0.7306989492919141,2.321043430573716e-36
path_c,Caminho C - Naive Bayes Gaussiano,0.6315179606025493,0.7309273640931933,2.3093386134813383e-36
path_c,Caminho C - Naive Bayes Gaussiano,0.6317497103128621,0.7309273640931933,2.244590936441718e-36
path_c,Caminho C - Naive Bayes Gaussiano,0.6317497103128621,0.7316126084970306,1.996871011622051e-36
path_c,Caminho C - Naive Bayes Gaussiano,0.631981460023175,0.7316126084970306,1.930563985802012e-36
path_c,Caminho C - Naive Bayes Gaussiano,0.631981460023175,0.7320694380995888,1.3848808115348471e-36
path_c,Caminho C - Naive Bayes Gaussiano,0.6331402085747393,0.7320694380995888,9.819650981555205e-37
path_c,Caminho C - Naive Bayes Gaussiano,0.6331402085747393,0.732297852900868,9.77067625313354e-37
path_c,Caminho C - Naive Bayes Gaussiano,0.6333719582850521,0.732297852900868,9.643133269324227e-37
path_c,Caminho C - Naive Bayes Gaussiano,0.6333719582850521,0.7325262677021471,9.547367010924413e-37
path_c,Caminho C - Naive Bayes Gaussiano,0.6340672074159908,0.7325262677021471,7.671278467948807e-37
path_c,Caminho C - Naive Bayes Gaussiano,0.6340672074159908,0.7327546825034262,7.335200543609042e-37
path_c,Caminho C - Naive Bayes Gaussiano,0.6342989571263036,0.7327546825034262,6.25910693408288e-37
path_c,Caminho C - Naive Bayes Gaussiano,0.6342989571263036,0.7329830973047053,6.023805382759662e-37
path_c,Caminho C - Naive Bayes Gaussiano,0.6347624565469293,0.7329830973047053,5.657214140042958e-37
path_c,Caminho C - Naive Bayes Gaussiano,0.6347624565469293,0.7332115121059845,5.104195277133664e-37
path_c,Caminho C - Naive Bayes Gaussiano,0.635225955967555,0.7332115121059845,4.402870989255022e-37
path_c,Caminho C - Naive Bayes Gaussiano,0.635225955967555,0.7334399269072636,3.5734673770870347e-37
path_c,Caminho C - Naive Bayes Gaussiano,0.6356894553881808,0.7334399269072636,2.6686573730992336e-37
path_c,Caminho C - Naive Bayes Gaussiano,0.6356894553881808,0.7336683417085427,2.65662008070437e-37
path_c,Caminho C - Naive Bayes Gaussiano,0.6361529548088065,0.7336683417085427,2.5258632523475593e-37
path_c,Caminho C - Naive Bayes Gaussiano,0.6361529548088065,0.7338967565098219,2.4107115204753736e-37
path_c,Caminho C - Naive Bayes Gaussiano,0.6366164542294322,0.7338967565098219,2.0363533153085933e-37
path_c,Caminho C - Naive Bayes Gaussiano,0.6366164542294322,0.7343535861123801,1.829518506191645e-37
path_c,Caminho C - Naive Bayes Gaussiano,0.6373117033603708,0.7343535861123801,1.1380017141279298e-37
path_c,Caminho C - Naive Bayes Gaussiano,0.6373117033603708,0.7345820009136592,1.0617878760247924e-37
path_c,Caminho C - Naive Bayes Gaussiano,0.6377752027809965,0.7345820009136592,9.79758718251654e-38
path_c,Caminho C - Naive Bayes Gaussiano,0.6377752027809965,0.7348104157149383,9.187250927043691e-38
path_c,Caminho C - Naive Bayes Gaussiano,0.638702201622248,0.7348104157149383,8.13436827602186e-38
path_c,Caminho C - Naive Bayes Gaussiano,0.638702201622248,0.7352672453174965,7.056326522546628e-38
path_c,Caminho C - Naive Bayes Gaussiano,0.6393974507531865,0.7352672453174965,6.012789231875761e-38
path_c,Caminho C - Naive Bayes Gaussiano,0.6393974507531865,0.7354956601187757,5.463539090142314e-38
path_c,Caminho C - Naive Bayes Gaussiano,0.6405561993047508,0.7354956601187757,2.7176314312411744e-38
path_c,Caminho C - Naive Bayes Gaussiano,0.6405561993047508,0.735952489721334,2.5284151071525853e-38
path_c,Caminho C - Naive Bayes Gaussiano,0.6407879490150638,0.735952489721334,2.409681332577306e-38
path_c,Caminho C - Naive Bayes Gaussiano,0.6407879490150638,0.7361809045226131,2.4080777723364715e-38
path_c,Caminho C - Naive Bayes Gaussiano,0.6414831981460023,0.7361809045226131,1.954692286741367e-38
path_c,Caminho C - Naive Bayes Gaussiano,0.6414831981460023,0.7368661489264504,1.54013779804025e-38
path_c,Caminho C - Naive Bayes Gaussiano,0.6417149478563152,0.7368661489264504,1.5301184611583727e-38
path_c,Caminho C - Naive Bayes Gaussiano,0.6417149478563152,0.7380082229328461,1.065195078521601e-38
path_c,Caminho C - Naive Bayes Gaussiano,0.642178447276941,0.7380082229328461,9.836215137940436e-39
path_c,Caminho C - Naive Bayes Gaussiano,0.642178447276941,0.7382366377341252,8.498415702178519e-39
path_c,Caminho C - Naive Bayes Gaussiano,0.6426419466975666,0.7382366377341252,5.681740148437419e-39
path_c,Caminho C - Naive Bayes Gaussiano,0.6426419466975666,0.7400639561443582,3.661489998287795e-39
path_c,Caminho C - Naive Bayes Gaussiano,0.6428736964078795,0.7400639561443582,3.1474702589291605e-39
path_c,Caminho C - Naive Bayes Gaussiano,0.6428736964078795,0.7412060301507538,2.4069382226940977e-39
path_c,Caminho C - Naive Bayes Gaussiano,0.6431054461181923,0.7412060301507538,2.1281346167027647e-39
path_c,Caminho C - Naive Bayes Gaussiano,0.6431054461181923,0.7421196893558702,1.667859531896589e-39
path_c,Caminho C - Naive Bayes Gaussiano,0.643568945538818,0.7421196893558702,1.5543415824350542e-39
path_c,Caminho C - Naive Bayes Gaussiano,0.643568945538818,0.7432617633622659,1.0159514400248147e-39
path_c,Caminho C - Naive Bayes Gaussiano,0.643800695249131,0.7432617633622659,9.570959534838558e-40
path_c,Caminho C - Naive Bayes Gaussiano,0.643800695249131,0.743490178163545,9.048815394033632e-40
path_c,Caminho C - Naive Bayes Gaussiano,0.6440324449594438,0.743490178163545,7.776809977868087e-40
path_c,Caminho C - Naive Bayes Gaussiano,0.6440324449594438,0.7439470077661032,6.44420254596113e-40
path_c,Caminho C - Naive Bayes Gaussiano,0.6444959443800695,0.7439470077661032,4.636776770920101e-40
path_c,Caminho C - Naive Bayes Gaussiano,0.6444959443800695,0.7446322521699407,3.201418703841599e-40
path_c,Caminho C - Naive Bayes Gaussiano,0.6449594438006953,0.7446322521699407,2.307467288658366e-40
path_c,Caminho C - Naive Bayes Gaussiano,0.6449594438006953,0.7450890817724989,2.1954689447526902e-40
path_c,Caminho C - Naive Bayes Gaussiano,0.6456546929316338,0.7450890817724989,1.5678339738397412e-40
path_c,Caminho C - Naive Bayes Gaussiano,0.6456546929316338,0.7460027409776153,6.443377994940483e-41
path_c,Caminho C - Naive Bayes Gaussiano,0.6458864426419467,0.7460027409776153,5.995805469224658e-41
path_c,Caminho C - Naive Bayes Gaussiano,0.6458864426419467,0.7466879853814528,5.173716925265009e-41
path_c,Caminho C - Naive Bayes Gaussiano,0.6461181923522595,0.7466879853814528,4.0981938262812564e-41
path_c,Caminho C - Naive Bayes Gaussiano,0.6461181923522595,0.7469164001827319,3.191035479609578e-41
path_c,Caminho C - Naive Bayes Gaussiano,0.6463499420625725,0.7469164001827319,3.1113627624272886e-41
path_c,Caminho C - Naive Bayes Gaussiano,0.6463499420625725,0.7476016445865692,2.2161193020414763e-41
path_c,Caminho C - Naive Bayes Gaussiano,0.6468134414831982,0.7476016445865692,2.0203606025418558e-41
path_c,Caminho C - Naive Bayes Gaussiano,0.6468134414831982,0.7480584741891274,1.834037793604546e-41
path_c,Caminho C - Naive Bayes Gaussiano,0.647045191193511,0.7480584741891274,1.668152232228214e-41
path_c,Caminho C - Naive Bayes Gaussiano,0.647045191193511,0.748972133394244,1.3513523345763962e-41
path_c,Caminho C - Naive Bayes Gaussiano,0.6475086906141367,0.748972133394244,1.2959990581630305e-41
path_c,Caminho C - Naive Bayes Gaussiano,0.6475086906141367,0.7492005481955231,1.2288555602437657e-41
path_c,Caminho C - Naive Bayes Gaussiano,0.6477404403244496,0.7492005481955231,1.0381478144803926e-41
path_c,Caminho C - Naive Bayes Gaussiano,0.6477404403244496,0.7494289629968022,1.0364239567339369e-41
path_c,Caminho C - Naive Bayes Gaussiano,0.6479721900347625,0.7494289629968022,9.371135829153941e-42
path_c,Caminho C - Naive Bayes Gaussiano,0.6479721900347625,0.7501142074006396,8.507929113727292e-42
path_c,Caminho C - Naive Bayes Gaussiano,0.6482039397450753,0.7501142074006396,8.049115574335663e-42
path_c,Caminho C - Naive Bayes Gaussiano,0.6482039397450753,0.7514846962083143,6.46831337210961e-42
path_c,Caminho C - Naive Bayes Gaussiano,0.648667439165701,0.7514846962083143,6.041328273481006e-42
path_c,Caminho C - Naive Bayes Gaussiano,0.648667439165701,0.7517131110095934,5.960232936682002e-42
path_c,Caminho C - Naive Bayes Gaussiano,0.6488991888760139,0.7517131110095934,5.465441783537053e-42
path_c,Caminho C - Naive Bayes Gaussiano,0.6488991888760139,0.7519415258108726,5.226447926694282e-42
path_c,Caminho C - Naive Bayes Gaussiano,0.6491309385863268,0.7519415258108726,5.1686552944319473e-42
path_c,Caminho C - Naive Bayes Gaussiano,0.6491309385863268,0.7521699406121517,4.788787030387789e-42
path_c,Caminho C - Naive Bayes Gaussiano,0.6495944380069525,0.7521699406121517,4.422703446605403e-42
path_c,Caminho C - Naive Bayes Gaussiano,0.6495944380069525,0.7523983554134308,4.2699130063808046e-42
path_c,Caminho C - Naive Bayes Gaussiano,0.6498261877172653,0.7523983554134308,4.122545535463853e-42
path_c,Caminho C - Naive Bayes Gaussiano,0.6498261877172653,0.7526267702147099,3.9504180078338446e-42
path_c,Caminho C - Naive Bayes Gaussiano,0.650521436848204,0.7526267702147099,3.285521885939869e-42
path_c,Caminho C - Naive Bayes Gaussiano,0.650521436848204,0.7539972590223847,2.622314587235213e-42
path_c,Caminho C - Naive Bayes Gaussiano,0.6507531865585168,0.7539972590223847,2.5319853974496846e-42
path_c,Caminho C - Naive Bayes Gaussiano,0.6507531865585168,0.7544540886249429,2.1849226326413896e-42
path_c,Caminho C - Naive Bayes Gaussiano,0.6512166859791425,0.7544540886249429,1.8583428642414614e-42
path_c,Caminho C - Naive Bayes Gaussiano,0.6512166859791425,0.7558245774326177,1.7416424022775684e-42
path_c,Caminho C - Naive Bayes Gaussiano,0.6516801853997682,0.7558245774326177,1.7293161426834617e-42
path_c,Caminho C - Naive Bayes Gaussiano,0.6516801853997682,0.756509821836455,1.6621171732650717e-42
path_c,Caminho C - Naive Bayes Gaussiano,0.652143684820394,0.756509821836455,1.657133399482457e-42
path_c,Caminho C - Naive Bayes Gaussiano,0.652143684820394,0.7581087254454089,1.534364768407878e-42
path_c,Caminho C - Naive Bayes Gaussiano,0.6523754345307068,0.7581087254454089,1.523720728979468e-42
path_c,Caminho C - Naive Bayes Gaussiano,0.6523754345307068,0.758337140246688,1.5205967503810592e-42
path_c,Caminho C - Naive Bayes Gaussiano,0.6526071842410197,0.758337140246688,1.498197087053065e-42
path_c,Caminho C - Naive Bayes Gaussiano,0.6526071842410197,0.7587939698492462,1.4192867775783588e-42
path_c,Caminho C - Naive Bayes Gaussiano,0.6528389339513325,0.7587939698492462,1.4141279951004586e-42
path_c,Caminho C - Naive Bayes Gaussiano,0.6528389339513325,0.7590223846505254,1.3908629374955565e-42
path_c,Caminho C - Naive Bayes Gaussiano,0.6535341830822712,0.7590223846505254,1.3434854114978868e-42
path_c,Caminho C - Naive Bayes Gaussiano,0.6535341830822712,0.7599360438556418,1.2746887667817457e-42
path_c,Caminho C - Naive Bayes Gaussiano,0.653765932792584,0.7599360438556418,1.2495772090829827e-42
path_c,Caminho C - Naive Bayes Gaussiano,0.653765932792584,0.7624486066697121,1.063935058900693e-42
path_c,Caminho C - Naive Bayes Gaussiano,0.6546929316338355,0.7624486066697121,1.0072524209443473e-42
path_c,Caminho C - Naive Bayes Gaussiano,0.6546929316338355,0.7626770214709914,1.0022171705433605e-42
path_c,Caminho C - Naive Bayes Gaussiano,0.6549246813441483,0.7626770214709914,9.929380873402495e-43
path_c,Caminho C - Naive Bayes Gaussiano,0.6549246813441483,0.7635906806761078,9.000070989506958e-43
path_c,Caminho C - Naive Bayes Gaussiano,0.6551564310544612,0.7635906806761078,8.879541499101869e-43
path_c,Caminho C - Naive Bayes Gaussiano,0.6551564310544612,0.7642759250799451,7.986791671507868e-43
path_c,Caminho C - Naive Bayes Gaussiano,0.6560834298957127,0.7642759250799451,7.58619176238372e-43
path_c,Caminho C - Naive Bayes Gaussiano,0.6560834298957127,0.7651895842850617,7.23016018157726e-43
path_c,Caminho C - Naive Bayes Gaussiano,0.6565469293163384,0.7651895842850617,7.05151630601108e-43
path_c,Caminho C - Naive Bayes Gaussiano,0.6565469293163384,0.7663316582914573,6.226288944669193e-43
path_c,Caminho C - Naive Bayes Gaussiano,0.6567786790266512,0.7663316582914573,6.0139975168164266e-43
path_c,Caminho C - Naive Bayes Gaussiano,0.6567786790266512,0.7667884878940155,5.628772741762984e-43
path_c,Caminho C - Naive Bayes Gaussiano,0.657010428736964,0.7667884878940155,5.624167982877921e-43
path_c,Caminho C - Naive Bayes Gaussiano,0.657010428736964,0.7674737322978529,4.929240713241541e-43
path_c,Caminho C - Naive Bayes Gaussiano,0.657242178447277,0.7674737322978529,4.792726636333245e-43
path_c,Caminho C - Naive Bayes Gaussiano,0.657242178447277,0.767702147099132,4.670929954814153e-43
path_c,Caminho C - Naive Bayes Gaussiano,0.6574739281575898,0.767702147099132,4.6467577047124174e-43
path_c,Caminho C - Naive Bayes Gaussiano,0.6574739281575898,0.7681589767016903,4.1070168289234826e-43
path_c,Caminho C - Naive Bayes Gaussiano,0.6577056778679027,0.7681589767016903,3.912248859299386e-43
path_c,Caminho C - Naive Bayes Gaussiano,0.6577056778679027,0.7686158063042485,3.85535252563744e-43
path_c,Caminho C - Naive Bayes Gaussiano,0.6581691772885284,0.7686158063042485,3.4138189788302407e-43
path_c,Caminho C - Naive Bayes Gaussiano,0.6581691772885284,0.7693010507080859,3.2836076531035524e-43
path_c,Caminho C - Naive Bayes Gaussiano,0.6584009269988412,0.7693010507080859,3.283607653091607e-43
path_c,Caminho C - Naive Bayes Gaussiano,0.6584009269988412,0.769529465509365,3.20044857909958e-43
path_c,Caminho C - Naive Bayes Gaussiano,0.6586326767091542,0.769529465509365,2.981364785750992e-43
path_c,Caminho C - Naive Bayes Gaussiano,0.6586326767091542,0.7702147099132024,2.764921466275019e-43
path_c,Caminho C - Naive Bayes Gaussiano,0.658864426419467,0.7702147099132024,2.7605514291305716e-43
path_c,Caminho C - Naive Bayes Gaussiano,0.658864426419467,0.7706715395157606,2.6449955821797376e-43
path_c,Caminho C - Naive Bayes Gaussiano,0.6590961761297799,0.7706715395157606,2.579259890803206e-43
path_c,Caminho C - Naive Bayes Gaussiano,0.6590961761297799,0.7708999543170397,2.5538334270014566e-43
path_c,Caminho C - Naive Bayes Gaussiano,0.6593279258400927,0.7708999543170397,2.548611791939396e-43
path_c,Caminho C - Naive Bayes Gaussiano,0.6593279258400927,0.7713567839195979,2.493875224011831e-43
path_c,Caminho C - Naive Bayes Gaussiano,0.6595596755504055,0.7713567839195979,2.2896604584773927e-43
path_c,Caminho C - Naive Bayes Gaussiano,0.6595596755504055,0.7715851987208772,2.0762649773664746e-43
path_c,Caminho C - Naive Bayes Gaussiano,0.6597914252607184,0.7715851987208772,2.046150067554377e-43
path_c,Caminho C - Naive Bayes Gaussiano,0.6597914252607184,0.7722704431247145,1.821898258325799e-43
path_c,Caminho C - Naive Bayes Gaussiano,0.6602549246813442,0.7722704431247145,1.7139355563127487e-43
path_c,Caminho C - Naive Bayes Gaussiano,0.6602549246813442,0.7729556875285518,1.6549339710295153e-43
path_c,Caminho C - Naive Bayes Gaussiano,0.660486674391657,0.7729556875285518,1.5781541167151964e-43
path_c,Caminho C - Naive Bayes Gaussiano,0.660486674391657,0.7734125171311101,1.5201917938291237e-43
path_c,Caminho C - Naive Bayes Gaussiano,0.6607184241019699,0.7734125171311101,1.4962994779926037e-43
path_c,Caminho C - Naive Bayes Gaussiano,0.6607184241019699,0.7740977615349475,1.3968931081660075e-43
path_c,Caminho C - Naive Bayes Gaussiano,0.6609501738122827,0.7740977615349475,1.3353456766697724e-43
path_c,Caminho C - Naive Bayes Gaussiano,0.6609501738122827,0.7743261763362266,1.301549533830815e-43
path_c,Caminho C - Naive Bayes Gaussiano,0.6611819235225956,0.7743261763362266,1.2943631759111952e-43
path_c,Caminho C - Naive Bayes Gaussiano,0.6611819235225956,0.7775239835541343,8.321944009997358e-44
path_c,Caminho C - Naive Bayes Gaussiano,0.6614136732329085,0.7775239835541343,8.080440663242191e-44
path_c,Caminho C - Naive Bayes Gaussiano,0.6614136732329085,0.7777523983554134,7.933080461790116e-44
path_c,Caminho C - Naive Bayes Gaussiano,0.6618771726535342,0.7777523983554134,7.03535425606841e-44
path_c,Caminho C - Naive Bayes Gaussiano,0.6618771726535342,0.7784376427592508,5.493544596946426e-44
path_c,Caminho C - Naive Bayes Gaussiano,0.6623406720741599,0.7784376427592508,5.296068411557015e-44
path_c,Caminho C - Naive Bayes Gaussiano,0.6623406720741599,0.7788944723618091,5.06693190336622e-44
path_c,Caminho C - Naive Bayes Gaussiano,0.6625724217844727,0.7788944723618091,5.017763352598709e-44
path_c,Caminho C - Naive Bayes Gaussiano,0.6625724217844727,0.7791228871630882,4.674369153619731e-44
path_c,Caminho C - Naive Bayes Gaussiano,0.6628041714947857,0.7791228871630882,4.563080871079548e-44
path_c,Caminho C - Naive Bayes Gaussiano,0.6628041714947857,0.7800365463682046,4.083620567763234e-44
path_c,Caminho C - Naive Bayes Gaussiano,0.6632676709154114,0.7800365463682046,3.9842934544373005e-44
path_c,Caminho C - Naive Bayes Gaussiano,0.6632676709154114,0.7802649611694837,3.9330443224360183e-44
path_c,Caminho C - Naive Bayes Gaussiano,0.6634994206257242,0.7802649611694837,3.6286568661448966e-44
path_c,Caminho C - Naive Bayes Gaussiano,0.6634994206257242,0.780493375970763,3.6078632908417734e-44
path_c,Caminho C - Naive Bayes Gaussiano,0.6637311703360371,0.780493375970763,3.4683239340054747e-44
path_c,Caminho C - Naive Bayes Gaussiano,0.6637311703360371,0.7809502055733212,3.436046599917159e-44
path_c,Caminho C - Naive Bayes Gaussiano,0.6653534183082271,0.7809502055733212,2.853921835710423e-44
path_c,Caminho C - Naive Bayes Gaussiano,0.6653534183082271,0.7814070351758794,2.704665092425318e-44
path_c,Caminho C - Naive Bayes Gaussiano,0.66558516801854,0.7814070351758794,2.6576573270672386e-44
path_c,Caminho C - Naive Bayes Gaussiano,0.66558516801854,0.7816354499771585,2.6393037822928344e-44
path_c,Caminho C - Naive Bayes Gaussiano,0.6658169177288529,0.7816354499771585,2.6247973471683685e-44
path_c,Caminho C - Naive Bayes Gaussiano,0.6658169177288529,0.7818638647784376,2.528523382009683e-44
path_c,Caminho C - Naive Bayes Gaussiano,0.6660486674391657,0.7818638647784376,2.3033147837234296e-44
path_c,Caminho C - Naive Bayes Gaussiano,0.6660486674391657,0.7820922795797167,2.300966927680894e-44
path_c,Caminho C - Naive Bayes Gaussiano,0.6669756662804172,0.7820922795797167,2.0534017785297824e-44
path_c,Caminho C - Naive Bayes Gaussiano,0.6669756662804172,0.7823206943809959,2.0073348761595362e-44
path_c,Caminho C - Naive Bayes Gaussiano,0.6683661645422944,0.7823206943809959,1.644941476781029e-44
path_c,Caminho C - Naive Bayes Gaussiano,0.6683661645422944,0.7827775239835542,1.5492121959355104e-44
path_c,Caminho C - Naive Bayes Gaussiano,0.6688296639629201,0.7827775239835542,1.432643697390341e-44
path_c,Caminho C - Naive Bayes Gaussiano,0.6688296639629201,0.7830059387848333,1.430206857244235e-44
path_c,Caminho C - Naive Bayes Gaussiano,0.6695249130938586,0.7830059387848333,1.2725136346501402e-44
path_c,Caminho C - Naive Bayes Gaussiano,0.6695249130938586,0.7832343535861124,1.197825005406922e-44
path_c,Caminho C - Naive Bayes Gaussiano,0.6720741599073001,0.7832343535861124,9.181771746117881e-45
path_c,Caminho C - Naive Bayes Gaussiano,0.6720741599073001,0.7836911831886706,8.802179948542765e-45
path_c,Caminho C - Naive Bayes Gaussiano,0.6723059096176129,0.7836911831886706,8.767029938238614e-45
path_c,Caminho C - Naive Bayes Gaussiano,0.6723059096176129,0.784376427592508,8.20948256308878e-45
path_c,Caminho C - Naive Bayes Gaussiano,0.6725376593279259,0.784376427592508,8.105590397167084e-45
path_c,Caminho C - Naive Bayes Gaussiano,0.6725376593279259,0.7846048423937871,7.687353533437549e-45
path_c,Caminho C - Naive Bayes Gaussiano,0.6732329084588644,0.7846048423937871,7.276324508488415e-45
path_c,Caminho C - Naive Bayes Gaussiano,0.6732329084588644,0.7848332571950662,7.252160527914717e-45
path_c,Caminho C - Naive Bayes Gaussiano,0.6734646581691773,0.7848332571950662,6.878607850931299e-45
path_c,Caminho C - Naive Bayes Gaussiano,0.6734646581691773,0.7850616719963454,6.463267903870762e-45
path_c,Caminho C - Naive Bayes Gaussiano,0.6736964078794901,0.7850616719963454,6.447178880944338e-45
path_c,Caminho C - Naive Bayes Gaussiano,0.6736964078794901,0.7852900867976245,6.392287443361603e-45
path_c,Caminho C - Naive Bayes Gaussiano,0.6739281575898031,0.7852900867976245,6.155239968358265e-45
path_c,Caminho C - Naive Bayes Gaussiano,0.6739281575898031,0.7857469164001827,5.812023184547738e-45
path_c,Caminho C - Naive Bayes Gaussiano,0.6753186558516802,0.7857469164001827,5.025500696665169e-45
path_c,Caminho C - Naive Bayes Gaussiano,0.6753186558516802,0.786203746002741,4.9509530811262306e-45
path_c,Caminho C - Naive Bayes Gaussiano,0.6755504055619931,0.786203746002741,4.892489127662087e-45
path_c,Caminho C - Naive Bayes Gaussiano,0.6755504055619931,0.7864321608040201,4.76708037712833e-45
path_c,Caminho C - Naive Bayes Gaussiano,0.6757821552723059,0.7864321608040201,4.7085615763223945e-45
path_c,Caminho C - Naive Bayes Gaussiano,0.6757821552723059,0.7866605756052992,4.644949868016106e-45
path_c,Caminho C - Naive Bayes Gaussiano,0.6764774044032444,0.7866605756052992,4.1909310897127553e-45
path_c,Caminho C - Naive Bayes Gaussiano,0.6764774044032444,0.7868889904065783,3.987179203597032e-45
path_c,Caminho C - Naive Bayes Gaussiano,0.6767091541135574,0.7868889904065783,3.9803850491813734e-45
path_c,Caminho C - Naive Bayes Gaussiano,0.6767091541135574,0.7878026496116949,3.256043136351635e-45
path_c,Caminho C - Naive Bayes Gaussiano,0.6783314020857474,0.7878026496116949,2.9151935673553306e-45
path_c,Caminho C - Naive Bayes Gaussiano,0.6783314020857474,0.788031064412974,2.883056422553139e-45
path_c,Caminho C - Naive Bayes Gaussiano,0.6785631517960603,0.788031064412974,2.8597894760957264e-45
path_c,Caminho C - Naive Bayes Gaussiano,0.6785631517960603,0.7882594792142531,2.799529231223452e-45
path_c,Caminho C - Naive Bayes Gaussiano,0.6787949015063731,0.7882594792142531,2.6800761037054465e-45
path_c,Caminho C - Naive Bayes Gaussiano,0.6787949015063731,0.7884878940155322,2.5936735190748404e-45
path_c,Caminho C - Naive Bayes Gaussiano,0.6792584009269989,0.7884878940155322,2.5017438824295747e-45
path_c,Caminho C - Naive Bayes Gaussiano,0.6792584009269989,0.7889447236180904,2.4732567676970012e-45
path_c,Caminho C - Naive Bayes Gaussiano,0.6799536500579374,0.7889447236180904,2.3805505352498902e-45
path_c,Caminho C - Naive Bayes Gaussiano,0.6799536500579374,0.7891731384193695,2.3152620212224415e-45
path_c,Caminho C - Naive Bayes Gaussiano,0.6804171494785631,0.7891731384193695,2.2773649028014192e-45
path_c,Caminho C - Naive Bayes Gaussiano,0.6804171494785631,0.7894015532206486,2.232694964145876e-45
path_c,Caminho C - Naive Bayes Gaussiano,0.680648899188876,0.7894015532206486,2.0629594405646025e-45
path_c,Caminho C - Naive Bayes Gaussiano,0.680648899188876,0.7896299680219279,2.040875051511771e-45
path_c,Caminho C - Naive Bayes Gaussiano,0.6815758980301274,0.7896299680219279,1.9196645284388096e-45
path_c,Caminho C - Naive Bayes Gaussiano,0.6815758980301274,0.789858382823207,1.8398814637805778e-45
path_c,Caminho C - Naive Bayes Gaussiano,0.6822711471610661,0.789858382823207,1.6141115847835975e-45
path_c,Caminho C - Naive Bayes Gaussiano,0.6822711471610661,0.7900867976244861,1.6000791706028195e-45
path_c,Caminho C - Naive Bayes Gaussiano,0.6829663962920046,0.7900867976244861,1.3045764835597869e-45
path_c,Caminho C - Naive Bayes Gaussiano,0.6829663962920046,0.7903152124257652,1.2996194463579816e-45
path_c,Caminho C - Naive Bayes Gaussiano,0.6841251448435689,0.7903152124257652,1.0927547484070088e-45
path_c,Caminho C - Naive Bayes Gaussiano,0.6841251448435689,0.7905436272270443,1.0098590696179027e-45
path_c,Caminho C - Naive Bayes Gaussiano,0.6843568945538818,0.7905436272270443,8.97307360731065e-46
path_c,Caminho C - Naive Bayes Gaussiano,0.6843568945538818,0.7907720420283234,8.859354456915153e-46
path_c,Caminho C - Naive Bayes Gaussiano,0.6848203939745076,0.7907720420283234,8.505984870325301e-46
path_c,Caminho C - Naive Bayes Gaussiano,0.6848203939745076,0.7910004568296025,8.449300759414585e-46
path_c,Caminho C - Naive Bayes Gaussiano,0.6859791425260718,0.7910004568296025,6.915310845714668e-46
path_c,Caminho C - Naive Bayes Gaussiano,0.6859791425260718,0.7914572864321608,6.8048700906524456e-46
path_c,Caminho C - Naive Bayes Gaussiano,0.6864426419466976,0.7914572864321608,5.843956071645592e-46
path_c,Caminho C - Naive Bayes Gaussiano,0.6864426419466976,0.79168570123344,5.767383793266086e-46
path_c,Caminho C - Naive Bayes Gaussiano,0.6871378910776361,0.79168570123344,4.513858186415834e-46
path_c,Caminho C - Naive Bayes Gaussiano,0.6871378910776361,0.7919141160347191,4.334643762389725e-46
path_c,Caminho C - Naive Bayes Gaussiano,0.6880648899188876,0.7919141160347191,3.481376273686476e-46
path_c,Caminho C - Naive Bayes Gaussiano,0.6880648899188876,0.7921425308359982,3.42679830090458e-46
path_c,Caminho C - Naive Bayes Gaussiano,0.6885283893395133,0.7921425308359982,3.347554545416621e-46
path_c,Caminho C - Naive Bayes Gaussiano,0.6885283893395133,0.7923709456372773,3.3191345720123437e-46
path_c,Caminho C - Naive Bayes Gaussiano,0.6887601390498261,0.7923709456372773,2.8156805853238257e-46
path_c,Caminho C - Naive Bayes Gaussiano,0.6887601390498261,0.7925993604385564,2.768620846535065e-46
path_c,Caminho C - Naive Bayes Gaussiano,0.6894553881807648,0.7925993604385564,2.704094609536604e-46
path_c,Caminho C - Naive Bayes Gaussiano,0.6894553881807648,0.7928277752398355,2.6317280273466352e-46
path_c,Caminho C - Naive Bayes Gaussiano,0.6906141367323291,0.7928277752398355,2.367710559449774e-46
path_c,Caminho C - Naive Bayes Gaussiano,0.6906141367323291,0.7939698492462312,1.778879665590271e-46
path_c,Caminho C - Naive Bayes Gaussiano,0.690845886442642,0.7939698492462312,1.5783151376101775e-46
path_c,Caminho C - Naive Bayes Gaussiano,0.690845886442642,0.7946550936500685,1.2571486079619909e-46
path_c,Caminho C - Naive Bayes Gaussiano,0.6920046349942063,0.7946550936500685,1.085493630729009e-46
path_c,Caminho C - Naive Bayes Gaussiano,0.6920046349942063,0.7948835084513477,1.0849896770106448e-46
path_c,Caminho C - Naive Bayes Gaussiano,0.6943221320973348,0.7948835084513477,5.841216746030384e-47
path_c,Caminho C - Naive Bayes Gaussiano,0.6943221320973348,0.7951119232526268,5.2136044158418585e-47
path_c,Caminho C - Naive Bayes Gaussiano,0.6952491309385863,0.7951119232526268,4.3053640348374055e-47
path_c,Caminho C - Naive Bayes Gaussiano,0.6952491309385863,0.795568752855185,3.5118843226012516e-47
path_c,Caminho C - Naive Bayes Gaussiano,0.6954808806488992,0.795568752855185,3.342110709835086e-47
path_c,Caminho C - Naive Bayes Gaussiano,0.6954808806488992,0.7960255824577432,2.964409440655416e-47
path_c,Caminho C - Naive Bayes Gaussiano,0.695712630359212,0.7960255824577432,2.829764564516253e-47
path_c,Caminho C - Naive Bayes Gaussiano,0.695712630359212,0.7967108268615807,2.2301907353857284e-47
path_c,Caminho C - Naive Bayes Gaussiano,0.6964078794901506,0.7967108268615807,1.9539583569167222e-47
path_c,Caminho C - Naive Bayes Gaussiano,0.6964078794901506,0.7969392416628598,1.7106043924252787e-47
path_c,Caminho C - Naive Bayes Gaussiano,0.6966396292004635,0.7969392416628598,1.7085600273686179e-47
path_c,Caminho C - Naive Bayes Gaussiano,0.6966396292004635,0.7971676564641389,1.6671215613641403e-47
path_c,Caminho C - Naive Bayes Gaussiano,0.6968713789107763,0.7971676564641389,1.5822352276386196e-47
path_c,Caminho C - Naive Bayes Gaussiano,0.6968713789107763,0.7978529008679762,1.427037058561806e-47
path_c,Caminho C - Naive Bayes Gaussiano,0.6971031286210893,0.7978529008679762,1.3173841372572127e-47
path_c,Caminho C - Naive Bayes Gaussiano,0.6971031286210893,0.7980813156692553,1.1846892368346676e-47
path_c,Caminho C - Naive Bayes Gaussiano,0.6973348783314021,0.7980813156692553,1.0046984991216128e-47
path_c,Caminho C - Naive Bayes Gaussiano,0.6973348783314021,0.7983097304705344,9.906590628283118e-48
path_c,Caminho C - Naive Bayes Gaussiano,0.6977983777520278,0.7983097304705344,9.374752395094544e-48
path_c,Caminho C - Naive Bayes Gaussiano,0.6977983777520278,0.8001370488807674,5.549002625898468e-48
path_c,Caminho C - Naive Bayes Gaussiano,0.6984936268829663,0.8001370488807674,4.774529018894752e-48
path_c,Caminho C - Naive Bayes Gaussiano,0.6984936268829663,0.8003654636820466,4.684094371734531e-48
path_c,Caminho C - Naive Bayes Gaussiano,0.6987253765932793,0.8003654636820466,3.934102816537329e-48
path_c,Caminho C - Naive Bayes Gaussiano,0.6987253765932793,0.801050708085884,3.5584534393073457e-48
path_c,Caminho C - Naive Bayes Gaussiano,0.6994206257242178,0.801050708085884,3.341631452715595e-48
path_c,Caminho C - Naive Bayes Gaussiano,0.6994206257242178,0.8012791228871631,3.1784849466255075e-48
path_c,Caminho C - Naive Bayes Gaussiano,0.6996523754345307,0.8012791228871631,3.024736991742247e-48
path_c,Caminho C - Naive Bayes Gaussiano,0.6996523754345307,0.8015075376884422,2.944659094264827e-48
path_c,Caminho C - Naive Bayes Gaussiano,0.7003476245654693,0.8015075376884422,2.6411714990705005e-48
path_c,Caminho C - Naive Bayes Gaussiano,0.7003476245654693,0.8017359524897213,2.6395651857167243e-48
path_c,Caminho C - Naive Bayes Gaussiano,0.7005793742757822,0.8017359524897213,2.569504179078935e-48
path_c,Caminho C - Naive Bayes Gaussiano,0.7005793742757822,0.8021927820922796,2.5164922149745745e-48
path_c,Caminho C - Naive Bayes Gaussiano,0.7012746234067208,0.8021927820922796,2.1226857292482785e-48
path_c,Caminho C - Naive Bayes Gaussiano,0.7012746234067208,0.8024211968935587,2.062887257968084e-48
path_c,Caminho C - Naive Bayes Gaussiano,0.7015063731170336,0.8024211968935587,1.9630705572883742e-48
path_c,Caminho C - Naive Bayes Gaussiano,0.7015063731170336,0.8035632708999543,1.6106519492569366e-48
path_c,Caminho C - Naive Bayes Gaussiano,0.7017381228273465,0.8035632708999543,1.5794277376069675e-48
path_c,Caminho C - Naive Bayes Gaussiano,0.7017381228273465,0.8047053449063499,1.4391081442369183e-48
path_c,Caminho C - Naive Bayes Gaussiano,0.7019698725376593,0.8047053449063499,1.4268527017803444e-48
path_c,Caminho C - Naive Bayes Gaussiano,0.7019698725376593,0.804933759707629,1.3958658607837128e-48
path_c,Caminho C - Naive Bayes Gaussiano,0.702433371958285,0.804933759707629,1.302509054384258e-48
path_c,Caminho C - Naive Bayes Gaussiano,0.702433371958285,0.8058474189127456,1.0782362583668799e-48
path_c,Caminho C - Naive Bayes Gaussiano,0.702665121668598,0.8058474189127456,1.0271961508160475e-48
path_c,Caminho C - Naive Bayes Gaussiano,0.702665121668598,0.8060758337140247,1.024849107636714e-48
path_c,Caminho C - Naive Bayes Gaussiano,0.7031286210892237,0.8060758337140247,9.880770651506573e-49
path_c,Caminho C - Naive Bayes Gaussiano,0.7031286210892237,0.8069894929191411,9.25579499394121e-49
path_c,Caminho C - Naive Bayes Gaussiano,0.7035921205098493,0.8069894929191411,8.663399605276411e-49
path_c,Caminho C - Naive Bayes Gaussiano,0.7035921205098493,0.8072179077204202,8.44776891930781e-49
path_c,Caminho C - Naive Bayes Gaussiano,0.7038238702201622,0.8072179077204202,8.446468557528723e-49
path_c,Caminho C - Naive Bayes Gaussiano,0.7038238702201622,0.8074463225216995,8.378249783369578e-49
path_c,Caminho C - Naive Bayes Gaussiano,0.704055619930475,0.8074463225216995,8.359755621477269e-49
path_c,Caminho C - Naive Bayes Gaussiano,0.704055619930475,0.8076747373229786,8.181598154855392e-49
path_c,Caminho C - Naive Bayes Gaussiano,0.7045191193511008,0.8076747373229786,8.008102150460573e-49
path_c,Caminho C - Naive Bayes Gaussiano,0.7045191193511008,0.8079031521242577,7.829901326873499e-49
path_c,Caminho C - Naive Bayes Gaussiano,0.7056778679026651,0.8079031521242577,6.93210917333228e-49
path_c,Caminho C - Naive Bayes Gaussiano,0.7056778679026651,0.8081315669255368,6.8142705114818805e-49
path_c,Caminho C - Naive Bayes Gaussiano,0.705909617612978,0.8081315669255368,6.723803770880822e-49
path_c,Caminho C - Naive Bayes Gaussiano,0.705909617612978,0.8083599817268159,6.5338295236223635e-49
path_c,Caminho C - Naive Bayes Gaussiano,0.7061413673232908,0.8083599817268159,6.446099125131202e-49
path_c,Caminho C - Naive Bayes Gaussiano,0.7061413673232908,0.8088168113293741,5.927603182329185e-49
path_c,Caminho C - Naive Bayes Gaussiano,0.7066048667439165,0.8088168113293741,5.680846742071124e-49
path_c,Caminho C - Naive Bayes Gaussiano,0.7066048667439165,0.8097304705344907,5.058162943454991e-49
path_c,Caminho C - Naive Bayes Gaussiano,0.7068366164542295,0.8097304705344907,5.009817605982654e-49
path_c,Caminho C - Naive Bayes Gaussiano,0.7068366164542295,0.8106441297396071,4.382352873040834e-49
path_c,Caminho C - Naive Bayes Gaussiano,0.7073001158748552,0.8106441297396071,3.733317204163841e-49
path_c,Caminho C - Naive Bayes Gaussiano,0.7073001158748552,0.8108725445408862,3.6612824075591326e-49
path_c,Caminho C - Naive Bayes Gaussiano,0.707531865585168,0.8108725445408862,3.617470436269952e-49
path_c,Caminho C - Naive Bayes Gaussiano,0.707531865585168,0.8113293741434445,3.464185114732714e-49
path_c,Caminho C - Naive Bayes Gaussiano,0.7084588644264195,0.8113293741434445,3.3274654338918984e-49
path_c,Caminho C - Naive Bayes Gaussiano,0.7084588644264195,0.8115577889447236,3.2103105904612466e-49
path_c,Caminho C - Naive Bayes Gaussiano,0.7086906141367323,0.8115577889447236,3.178616179078499e-49
path_c,Caminho C - Naive Bayes Gaussiano,0.7086906141367323,0.8117862037460027,2.55098391617894e-49
path_c,Caminho C - Naive Bayes Gaussiano,0.7089223638470452,0.8117862037460027,2.522577125538964e-49
path_c,Caminho C - Naive Bayes Gaussiano,0.7089223638470452,0.812243033348561,2.3652934582013195e-49
path_c,Caminho C - Naive Bayes Gaussiano,0.709154113557358,0.812243033348561,2.1891983045597493e-49
path_c,Caminho C - Naive Bayes Gaussiano,0.709154113557358,0.8126998629511192,2.064740462668747e-49
path_c,Caminho C - Naive Bayes Gaussiano,0.709385863267671,0.8126998629511192,1.952442971696183e-49
path_c,Caminho C - Naive Bayes Gaussiano,0.709385863267671,0.8131566925536775,1.9355567620397267e-49
path_c,Caminho C - Naive Bayes Gaussiano,0.7098493626882967,0.8131566925536775,1.8478838129123e-49
path_c,Caminho C - Naive Bayes Gaussiano,0.7098493626882967,0.8140703517587939,1.2787505886623975e-49
path_c,Caminho C - Naive Bayes Gaussiano,0.7103128621089224,0.8140703517587939,1.1893404960139403e-49
path_c,Caminho C - Naive Bayes Gaussiano,0.7103128621089224,0.8145271813613523,1.1020731254065785e-49
path_c,Caminho C - Naive Bayes Gaussiano,0.7105446118192352,0.8145271813613523,1.0519800113019802e-49
path_c,Caminho C - Naive Bayes Gaussiano,0.7105446118192352,0.8147555961626314,1.0189664099334434e-49
path_c,Caminho C - Naive Bayes Gaussiano,0.7114716106604867,0.8147555961626314,8.377157106577058e-50
path_c,Caminho C - Naive Bayes Gaussiano,0.7114716106604867,0.8152124257651896,7.732066180326972e-50
path_c,Caminho C - Naive Bayes Gaussiano,0.7117033603707995,0.8152124257651896,7.47702832091334e-50
path_c,Caminho C - Naive Bayes Gaussiano,0.7117033603707995,0.8154408405664687,6.964777131103493e-50
path_c,Caminho C - Naive Bayes Gaussiano,0.7128621089223639,0.8154408405664687,6.113012967882719e-50
path_c,Caminho C - Naive Bayes Gaussiano,0.7128621089223639,0.8156692553677478,5.990444246038103e-50
path_c,Caminho C - Naive Bayes Gaussiano,0.7147161066048667,0.8156692553677478,3.424007592322822e-50
path_c,Caminho C - Naive Bayes Gaussiano,0.7147161066048667,0.8158976701690269,3.3675769461377654e-50
path_c,Caminho C - Naive Bayes Gaussiano,0.7151796060254925,0.8158976701690269,2.677538674139845e-50
path_c,Caminho C - Naive Bayes Gaussiano,0.7151796060254925,0.816126084970306,2.5713995108123707e-50
path_c,Caminho C - Naive Bayes Gaussiano,0.7154113557358053,0.816126084970306,2.5700419326427942e-50
path_c,Caminho C - Naive Bayes Gaussiano,0.7154113557358053,0.8163544997715853,2.5107150593860013e-50
path_c,Caminho C - Naive Bayes Gaussiano,0.7161066048667439,0.8163544997715853,2.202820089601513e-50
path_c,Caminho C - Naive Bayes Gaussiano,0.7161066048667439,0.8168113293741435,2.1148159553417957e-50
path_c,Caminho C - Naive Bayes Gaussiano,0.7163383545770567,0.8168113293741435,2.105029902911673e-50
path_c,Caminho C - Naive Bayes Gaussiano,0.7163383545770567,0.8170397441754226,2.0662154922073838e-50
path_c,Caminho C - Naive Bayes Gaussiano,0.7168018539976825,0.8170397441754226,1.9917146599409287e-50
path_c,Caminho C - Naive Bayes Gaussiano,0.7168018539976825,0.8174965737779808,1.9565978249888832e-50
path_c,Caminho C - Naive Bayes Gaussiano,0.7172653534183082,0.8174965737779808,1.7421460300781922e-50
path_c,Caminho C - Naive Bayes Gaussiano,0.7172653534183082,0.817953403380539,1.7057744303120276e-50
path_c,Caminho C - Naive Bayes Gaussiano,0.7174971031286211,0.817953403380539,1.6019139231670818e-50
path_c,Caminho C - Naive Bayes Gaussiano,0.7174971031286211,0.8181818181818182,1.5909203304268922e-50
path_c,Caminho C - Naive Bayes Gaussiano,0.7181923522595597,0.8181818181818182,1.4421099433526718e-50
path_c,Caminho C - Naive Bayes Gaussiano,0.7181923522595597,0.8188670625856556,1.3927971717556903e-50
path_c,Caminho C - Naive Bayes Gaussiano,0.719351100811124,0.8188670625856556,1.2087678899569215e-50
path_c,Caminho C - Naive Bayes Gaussiano,0.719351100811124,0.8190954773869347,1.1911223065818305e-50
path_c,Caminho C - Naive Bayes Gaussiano,0.7205098493626882,0.8190954773869347,1.1015008105779523e-50
path_c,Caminho C - Naive Bayes Gaussiano,0.7205098493626882,0.819780721790772,1.0478043988815669e-50
path_c,Caminho C - Naive Bayes Gaussiano,0.7214368482039397,0.819780721790772,8.745118012387152e-51
path_c,Caminho C - Naive Bayes Gaussiano,0.7214368482039397,0.8200091365920512,8.269462631885277e-51
path_c,Caminho C - Naive Bayes Gaussiano,0.7216685979142526,0.8200091365920512,8.168668388774492e-51
path_c,Caminho C - Naive Bayes Gaussiano,0.7216685979142526,0.8202375513933303,7.524097174403665e-51
path_c,Caminho C - Naive Bayes Gaussiano,0.7219003476245655,0.8202375513933303,7.383066074739433e-51
path_c,Caminho C - Naive Bayes Gaussiano,0.7219003476245655,0.8204659661946094,6.839028211489891e-51
path_c,Caminho C - Naive Bayes Gaussiano,0.7232908458864427,0.8204659661946094,5.483721160423056e-51
path_c,Caminho C - Naive Bayes Gaussiano,0.7232908458864427,0.8206943809958885,5.2979569064064887e-51
path_c,Caminho C - Naive Bayes Gaussiano,0.7256083429895712,0.8206943809958885,2.897842450320989e-51
path_c,Caminho C - Naive Bayes Gaussiano,0.7256083429895712,0.8209227957971676,2.2991294850894285e-51
path_c,Caminho C - Naive Bayes Gaussiano,0.7258400926998841,0.8209227957971676,2.245103292720507e-51
path_c,Caminho C - Naive Bayes Gaussiano,0.7258400926998841,0.8218364550022842,1.9038754764285223e-51
path_c,Caminho C - Naive Bayes Gaussiano,0.726071842410197,0.8218364550022842,1.6947807978138013e-51
path_c,Caminho C - Naive Bayes Gaussiano,0.726071842410197,0.8220648698035633,1.4371955791174939e-51
path_c,Caminho C - Naive Bayes Gaussiano,0.7263035921205099,0.8220648698035633,1.3988601424933466e-51
path_c,Caminho C - Naive Bayes Gaussiano,0.7263035921205099,0.8227501142074006,1.2965991179356587e-51
path_c,Caminho C - Naive Bayes Gaussiano,0.727694090382387,0.8227501142074006,8.207851025336675e-52
path_c,Caminho C - Naive Bayes Gaussiano,0.727694090382387,0.8232069438099588,6.664107000016422e-52
path_c,Caminho C - Naive Bayes Gaussiano,0.7290845886442642,0.8232069438099588,4.681014708431479e-52
path_c,Caminho C - Naive Bayes Gaussiano,0.7290845886442642,0.823435358611238,4.608441895777938e-52
path_c,Caminho C - Naive Bayes Gaussiano,0.7323290845886443,0.823435358611238,1.972349937391832e-52
path_c,Caminho C - Naive Bayes Gaussiano,0.7323290845886443,0.8236637734125172,1.5318088548838418e-52
path_c,Caminho C - Naive Bayes Gaussiano,0.7325608342989571,0.8236637734125172,1.5054040770709089e-52
path_c,Caminho C - Naive Bayes Gaussiano,0.7325608342989571,0.8238921882137963,1.1844594308033133e-52
path_c,Caminho C - Naive Bayes Gaussiano,0.7344148319814601,0.8238921882137963,5.185050149974457e-53
path_c,Caminho C - Naive Bayes Gaussiano,0.7344148319814601,0.8241206030150754,5.02326432064452e-53
path_c,Caminho C - Naive Bayes Gaussiano,0.7362688296639629,0.8241206030150754,3.04237963637842e-53
path_c,Caminho C - Naive Bayes Gaussiano,0.7362688296639629,0.8243490178163545,3.0423465931392314e-53
path_c,Caminho C - Naive Bayes Gaussiano,0.7371958285052144,0.8243490178163545,2.240319713859491e-53
path_c,Caminho C - Naive Bayes Gaussiano,0.7371958285052144,0.8245774326176336,2.194887324131778e-53
path_c,Caminho C - Naive Bayes Gaussiano,0.7381228273464658,0.8245774326176336,8.837395497141702e-54
path_c,Caminho C - Naive Bayes Gaussiano,0.7381228273464658,0.8248058474189127,8.456366071552909e-54
path_c,Caminho C - Naive Bayes Gaussiano,0.7385863267670916,0.8248058474189127,6.719270242685268e-54
path_c,Caminho C - Naive Bayes Gaussiano,0.7385863267670916,0.8250342622201918,3.8927124516204633e-54
path_c,Caminho C - Naive Bayes Gaussiano,0.7413673232908459,0.8250342622201918,4.814541990694209e-55
path_c,Caminho C - Naive Bayes Gaussiano,0.7413673232908459,0.8252626770214709,4.3084175308746664e-55
path_c,Caminho C - Naive Bayes Gaussiano,0.7418308227114716,0.8252626770214709,3.2140952240593196e-55
path_c,Caminho C - Naive Bayes Gaussiano,0.7418308227114716,0.8257195066240293,1.959991316598568e-55
path_c,Caminho C - Naive Bayes Gaussiano,0.7420625724217845,0.8257195066240293,1.8681077531053257e-55
path_c,Caminho C - Naive Bayes Gaussiano,0.7420625724217845,0.8259479214253084,1.6967449459832398e-55
path_c,Caminho C - Naive Bayes Gaussiano,0.7425260718424102,0.8259479214253084,1.3367298339569994e-55
path_c,Caminho C - Naive Bayes Gaussiano,0.7425260718424102,0.8264047510278666,1.2057459206010421e-55
path_c,Caminho C - Naive Bayes Gaussiano,0.7432213209733488,0.8264047510278666,9.15017157867039e-56
path_c,Caminho C - Naive Bayes Gaussiano,0.7432213209733488,0.8266331658291457,8.776559835013974e-56
path_c,Caminho C - Naive Bayes Gaussiano,0.7446118192352259,0.8266331658291457,5.523839949880152e-56
path_c,Caminho C - Naive Bayes Gaussiano,0.7446118192352259,0.8268615806304248,5.490157488752929e-56
path_c,Caminho C - Naive Bayes Gaussiano,0.7448435689455388,0.8268615806304248,5.094886861738546e-56
path_c,Caminho C - Naive Bayes Gaussiano,0.7448435689455388,0.827089995431704,3.820192945104516e-56
path_c,Caminho C - Naive Bayes Gaussiano,0.7450753186558516,0.827089995431704,3.1415384192773473e-56
path_c,Caminho C - Naive Bayes Gaussiano,0.7450753186558516,0.8273184102329831,2.893455228975191e-56
path_c,Caminho C - Naive Bayes Gaussiano,0.7453070683661646,0.8273184102329831,1.430513064283449e-56
path_c,Caminho C - Naive Bayes Gaussiano,0.7453070683661646,0.8277752398355414,1.1967180377232287e-56
path_c,Caminho C - Naive Bayes Gaussiano,0.7455388180764774,0.8277752398355414,1.1887319493059074e-56
path_c,Caminho C - Naive Bayes Gaussiano,0.7455388180764774,0.8282320694380996,1.0129271892711981e-56
path_c,Caminho C - Naive Bayes Gaussiano,0.746234067207416,0.8282320694380996,7.803954305592617e-57
path_c,Caminho C - Naive Bayes Gaussiano,0.746234067207416,0.8284604842393787,7.606694041729139e-57
path_c,Caminho C - Naive Bayes Gaussiano,0.7464658169177288,0.8284604842393787,7.086004319414919e-57
path_c,Caminho C - Naive Bayes Gaussiano,0.7464658169177288,0.8286888990406578,6.750889855378588e-57
path_c,Caminho C - Naive Bayes Gaussiano,0.7466975666280418,0.8286888990406578,5.370743745338759e-57
path_c,Caminho C - Naive Bayes Gaussiano,0.7466975666280418,0.8293741434444952,3.086703592796318e-57
path_c,Caminho C - Naive Bayes Gaussiano,0.7469293163383546,0.8293741434444952,3.078613044698479e-57
path_c,Caminho C - Naive Bayes Gaussiano,0.7469293163383546,0.8296025582457743,2.6109730544164254e-57
path_c,Caminho C - Naive Bayes Gaussiano,0.7494785631517961,0.8296025582457743,1.0203246132731795e-57
path_c,Caminho C - Naive Bayes Gaussiano,0.7494785631517961,0.8298309730470534,9.30678878818484e-58
path_c,Caminho C - Naive Bayes Gaussiano,0.7504055619930475,0.8298309730470534,3.620915977547903e-58
path_c,Caminho C - Naive Bayes Gaussiano,0.7504055619930475,0.8300593878483326,3.339701985123542e-58
path_c,Caminho C - Naive Bayes Gaussiano,0.7511008111239861,0.8300593878483326,2.98774768332782e-58
path_c,Caminho C - Naive Bayes Gaussiano,0.7511008111239861,0.8302878026496117,2.6083033640626196e-58
path_c,Caminho C - Naive Bayes Gaussiano,0.751332560834299,0.8302878026496117,2.220989932570013e-58
path_c,Caminho C - Naive Bayes Gaussiano,0.751332560834299,0.8309730470534491,1.765285903328871e-58
path_c,Caminho C - Naive Bayes Gaussiano,0.7515643105446118,0.8309730470534491,1.4038230790455093e-58
path_c,Caminho C - Naive Bayes Gaussiano,0.7515643105446118,0.8314298766560073,1.0717136324828874e-58
path_c,Caminho C - Naive Bayes Gaussiano,0.7517960602549247,0.8314298766560073,9.710164012854936e-59
path_c,Caminho C - Naive Bayes Gaussiano,0.7517960602549247,0.8318867062585655,8.681735829003e-59
path_c,Caminho C - Naive Bayes Gaussiano,0.7524913093858633,0.8318867062585655,5.079780585589108e-59
path_c,Caminho C - Naive Bayes Gaussiano,0.7524913093858633,0.8323435358611238,4.126503711557157e-59
path_c,Caminho C - Naive Bayes Gaussiano,0.7527230590961761,0.8323435358611238,4.109925663637671e-59
path_c,Caminho C - Naive Bayes Gaussiano,0.7527230590961761,0.832571950662403,9.920614131167464e-60
path_c,Caminho C - Naive Bayes Gaussiano,0.7538818076477405,0.832571950662403,3.79003295966949e-60
path_c,Caminho C - Naive Bayes Gaussiano,0.7538818076477405,0.8328003654636821,2.9188962408129156e-60
path_c,Caminho C - Naive Bayes Gaussiano,0.7548088064889918,0.8328003654636821,1.7865170138239107e-60
path_c,Caminho C - Naive Bayes Gaussiano,0.7548088064889918,0.8330287802649612,1.6161820606316755e-60
path_c,Caminho C - Naive Bayes Gaussiano,0.756431054461182,0.8330287802649612,3.0221739987651616e-61
path_c,Caminho C - Naive Bayes Gaussiano,0.756431054461182,0.8332571950662403,2.3161666979332207e-61
path_c,Caminho C - Naive Bayes Gaussiano,0.7589803012746235,0.8332571950662403,2.590738597360558e-63
path_c,Caminho C - Naive Bayes Gaussiano,0.7589803012746235,0.8334856098675194,2.580366897050595e-63
path_c,Caminho C - Naive Bayes Gaussiano,0.7594438006952491,0.8334856098675194,2.156977754127115e-63
path_c,Caminho C - Naive Bayes Gaussiano,0.7594438006952491,0.8337140246687985,1.727598680372388e-63
path_c,Caminho C - Naive Bayes Gaussiano,0.7601390498261877,0.8337140246687985,1.1753453217845044e-63
path_c,Caminho C - Naive Bayes Gaussiano,0.7601390498261877,0.8341708542713567,1.067839397881112e-63
path_c,Caminho C - Naive Bayes Gaussiano,0.7603707995365006,0.8341708542713567,1.052332734148263e-63
path_c,Caminho C - Naive Bayes Gaussiano,0.7603707995365006,0.834399269072636,1.0217759879061212e-63
path_c,Caminho C - Naive Bayes Gaussiano,0.7606025492468135,0.834399269072636,9.798674353932432e-64
path_c,Caminho C - Naive Bayes Gaussiano,0.7606025492468135,0.8350845134764733,8.251892813576725e-64
path_c,Caminho C - Naive Bayes Gaussiano,0.761297798377752,0.8350845134764733,6.143795957737501e-64
path_c,Caminho C - Naive Bayes Gaussiano,0.761297798377752,0.8353129282777524,5.825668606400976e-64
path_c,Caminho C - Naive Bayes Gaussiano,0.7617612977983778,0.8353129282777524,4.6975412929838764e-64
path_c,Caminho C - Naive Bayes Gaussiano,0.7617612977983778,0.8355413430790315,3.596817140664263e-64
path_c,Caminho C - Naive Bayes Gaussiano,0.7619930475086906,0.8355413430790315,3.4055500944442455e-64
path_c,Caminho C - Naive Bayes Gaussiano,0.7619930475086906,0.8362265874828689,3.1345941752412286e-64
path_c,Caminho C - Naive Bayes Gaussiano,0.7622247972190035,0.8362265874828689,2.9149704339298207e-64
path_c,Caminho C - Naive Bayes Gaussiano,0.7622247972190035,0.8371402466879854,2.5090860108085195e-64
path_c,Caminho C - Naive Bayes Gaussiano,0.762920046349942,0.8371402466879854,2.2463348045128957e-64
path_c,Caminho C - Naive Bayes Gaussiano,0.762920046349942,0.8375970762905436,2.1185400067249235e-64
path_c,Caminho C - Naive Bayes Gaussiano,0.763151796060255,0.8375970762905436,2.0807912253342347e-64
path_c,Caminho C - Naive Bayes Gaussiano,0.763151796060255,0.8378254910918228,1.9704253444594762e-64
path_c,Caminho C - Naive Bayes Gaussiano,0.7636152954808807,0.8378254910918228,1.936044337054492e-64
path_c,Caminho C - Naive Bayes Gaussiano,0.7636152954808807,0.8385107354956601,1.3850429939116805e-64
path_c,Caminho C - Naive Bayes Gaussiano,0.7638470451911935,0.8385107354956601,1.2085118520526944e-64
path_c,Caminho C - Naive Bayes Gaussiano,0.7638470451911935,0.8389675650982183,1.1949806648800726e-64
path_c,Caminho C - Naive Bayes Gaussiano,0.7643105446118192,0.8389675650982183,1.182488299100691e-64
path_c,Caminho C - Naive Bayes Gaussiano,0.7643105446118192,0.8391959798994975,1.1519954318671405e-64
path_c,Caminho C - Naive Bayes Gaussiano,0.764774044032445,0.8391959798994975,1.1310773691231349e-64
path_c,Caminho C - Naive Bayes Gaussiano,0.764774044032445,0.8398812243033349,1.05584745222968e-64
path_c,Caminho C - Naive Bayes Gaussiano,0.7650057937427578,0.8398812243033349,1.041130417473809e-64
path_c,Caminho C - Naive Bayes Gaussiano,0.7650057937427578,0.8412517131110095,8.57153223165933e-65
path_c,Caminho C - Naive Bayes Gaussiano,0.7652375434530707,0.8412517131110095,8.09167858469506e-65
path_c,Caminho C - Naive Bayes Gaussiano,0.7652375434530707,0.8417085427135679,7.813014767142649e-65
path_c,Caminho C - Naive Bayes Gaussiano,0.7654692931633835,0.8417085427135679,7.787136138270091e-65
path_c,Caminho C - Naive Bayes Gaussiano,0.7654692931633835,0.841936957514847,6.493715488486508e-65
path_c,Caminho C - Naive Bayes Gaussiano,0.7657010428736964,0.841936957514847,5.767676205203913e-65
path_c,Caminho C - Naive Bayes Gaussiano,0.7657010428736964,0.8426222019186843,4.902443990898264e-65
path_c,Caminho C - Naive Bayes Gaussiano,0.7659327925840093,0.8426222019186843,4.63644806944394e-65
path_c,Caminho C - Naive Bayes Gaussiano,0.7659327925840093,0.84376427592508,3.4215465371469467e-65
path_c,Caminho C - Naive Bayes Gaussiano,0.7661645422943222,0.84376427592508,2.6166624645259558e-65
path_c,Caminho C - Naive Bayes Gaussiano,0.7661645422943222,0.8442211055276382,2.5636901446906803e-65
path_c,Caminho C - Naive Bayes Gaussiano,0.7666280417149478,0.8442211055276382,2.2527106849854458e-65
path_c,Caminho C - Naive Bayes Gaussiano,0.7666280417149478,0.8444495203289173,2.0642693798622047e-65
path_c,Caminho C - Naive Bayes Gaussiano,0.7668597914252607,0.8444495203289173,1.9353346143137273e-65
path_c,Caminho C - Naive Bayes Gaussiano,0.7668597914252607,0.8451347647327547,1.4844519350969345e-65
path_c,Caminho C - Naive Bayes Gaussiano,0.7682502896871379,0.8451347647327547,9.968401619923326e-66
path_c,Caminho C - Naive Bayes Gaussiano,0.7682502896871379,0.8453631795340338,9.03796097161435e-66
path_c,Caminho C - Naive Bayes Gaussiano,0.7691772885283893,0.8453631795340338,7.283097526612614e-66
path_c,Caminho C - Naive Bayes Gaussiano,0.7691772885283893,0.845820009136592,6.456049959917412e-66
path_c,Caminho C - Naive Bayes Gaussiano,0.7694090382387022,0.845820009136592,6.391161930900092e-66
path_c,Caminho C - Naive Bayes Gaussiano,0.7694090382387022,0.8465052535404294,5.683640059033667e-66
path_c,Caminho C - Naive Bayes Gaussiano,0.769640787949015,0.8465052535404294,5.300552653408277e-66
path_c,Caminho C - Naive Bayes Gaussiano,0.769640787949015,0.8471904979442668,4.211458782125453e-66
path_c,Caminho C - Naive Bayes Gaussiano,0.7703360370799537,0.8471904979442668,3.6088295692805836e-66
path_c,Caminho C - Naive Bayes Gaussiano,0.7703360370799537,0.847647327546825,3.3121051773988653e-66
path_c,Caminho C - Naive Bayes Gaussiano,0.7705677867902665,0.847647327546825,3.1648740705174896e-66
path_c,Caminho C - Naive Bayes Gaussiano,0.7705677867902665,0.8478757423481041,3.1377929441550845e-66
path_c,Caminho C - Naive Bayes Gaussiano,0.7710312862108922,0.8478757423481041,2.935530689002844e-66
path_c,Caminho C - Naive Bayes Gaussiano,0.7710312862108922,0.8481041571493833,2.9276306500772354e-66
path_c,Caminho C - Naive Bayes Gaussiano,0.7712630359212052,0.8481041571493833,2.699409714920924e-66
path_c,Caminho C - Naive Bayes Gaussiano,0.7712630359212052,0.8483325719506624,2.441320208559274e-66
path_c,Caminho C - Naive Bayes Gaussiano,0.7721900347624565,0.8483325719506624,1.782919849351567e-66
path_c,Caminho C - Naive Bayes Gaussiano,0.7721900347624565,0.8485609867519415,1.610166808240562e-66
path_c,Caminho C - Naive Bayes Gaussiano,0.7724217844727694,0.8485609867519415,1.5239367283502746e-66
path_c,Caminho C - Naive Bayes Gaussiano,0.7724217844727694,0.8487894015532207,1.503762154498717e-66
path_c,Caminho C - Naive Bayes Gaussiano,0.773117033603708,0.8487894015532207,1.3747563817499578e-66
path_c,Caminho C - Naive Bayes Gaussiano,0.773117033603708,0.8497030607583371,1.1618955836306238e-66
path_c,Caminho C - Naive Bayes Gaussiano,0.7733487833140209,0.8497030607583371,1.1581416408455295e-66
path_c,Caminho C - Naive Bayes Gaussiano,0.7733487833140209,0.8499314755596162,1.1143672715930383e-66
path_c,Caminho C - Naive Bayes Gaussiano,0.7738122827346465,0.8499314755596162,1.0088904823979777e-66
path_c,Caminho C - Naive Bayes Gaussiano,0.7738122827346465,0.8501598903608953,1.0050125754165753e-66
path_c,Caminho C - Naive Bayes Gaussiano,0.7740440324449595,0.8501598903608953,1.0023649893289081e-66
path_c,Caminho C - Naive Bayes Gaussiano,0.7740440324449595,0.8503883051621746,9.414142941199789e-67
path_c,Caminho C - Naive Bayes Gaussiano,0.7742757821552723,0.8503883051621746,7.945875649771217e-67
path_c,Caminho C - Naive Bayes Gaussiano,0.7742757821552723,0.8506167199634537,7.92434181209905e-67
path_c,Caminho C - Naive Bayes Gaussiano,0.774739281575898,0.8506167199634537,6.82253641324368e-67
path_c,Caminho C - Naive Bayes Gaussiano,0.774739281575898,0.8508451347647328,6.325569311602086e-67
path_c,Caminho C - Naive Bayes Gaussiano,0.7752027809965237,0.8508451347647328,5.876666391169067e-67
path_c,Caminho C - Naive Bayes Gaussiano,0.7752027809965237,0.8510735495660119,5.7159378140963255e-67
path_c,Caminho C - Naive Bayes Gaussiano,0.7754345307068367,0.8510735495660119,5.445368357041711e-67
path_c,Caminho C - Naive Bayes Gaussiano,0.7754345307068367,0.851301964367291,5.288893019896635e-67
path_c,Caminho C - Naive Bayes Gaussiano,0.7784472769409039,0.851301964367291,2.4851905990760977e-67
path_c,Caminho C - Naive Bayes Gaussiano,0.7784472769409039,0.8517587939698492,2.016263299243552e-67
path_c,Caminho C - Naive Bayes Gaussiano,0.7791425260718424,0.8517587939698492,1.6166145146224522e-67
path_c,Caminho C - Naive Bayes Gaussiano,0.7791425260718424,0.8524440383736867,1.4044476678007084e-67
path_c,Caminho C - Naive Bayes Gaussiano,0.7805330243337196,0.8524440383736867,7.175317292028685e-68
path_c,Caminho C - Naive Bayes Gaussiano,0.7805330243337196,0.8526724531749658,6.227852973552787e-68
path_c,Caminho C - Naive Bayes Gaussiano,0.7807647740440324,0.8526724531749658,5.48820781068387e-68
path_c,Caminho C - Naive Bayes Gaussiano,0.7807647740440324,0.8529008679762449,5.301105742476031e-68
path_c,Caminho C - Naive Bayes Gaussiano,0.781460023174971,0.8529008679762449,4.222556551938062e-68
path_c,Caminho C - Naive Bayes Gaussiano,0.781460023174971,0.853129282777524,4.051066494328711e-68
path_c,Caminho C - Naive Bayes Gaussiano,0.7819235225955967,0.853129282777524,3.2474490239930984e-68
path_c,Caminho C - Naive Bayes Gaussiano,0.7819235225955967,0.8533576975788031,3.059545131887355e-68
path_c,Caminho C - Naive Bayes Gaussiano,0.7828505214368482,0.8533576975788031,2.435335566628585e-68
path_c,Caminho C - Naive Bayes Gaussiano,0.7828505214368482,0.8535861123800822,2.3055654971743776e-68
path_c,Caminho C - Naive Bayes Gaussiano,0.7833140208574739,0.8535861123800822,1.5727038568552467e-68
path_c,Caminho C - Naive Bayes Gaussiano,0.7833140208574739,0.8538145271813613,1.2178264351098818e-68
path_c,Caminho C - Naive Bayes Gaussiano,0.7842410196987254,0.8538145271813613,7.033157916794002e-69
path_c,Caminho C - Naive Bayes Gaussiano,0.7842410196987254,0.8540429419826405,6.968530488368671e-69
path_c,Caminho C - Naive Bayes Gaussiano,0.7844727694090382,0.8540429419826405,5.348032577525014e-69
path_c,Caminho C - Naive Bayes Gaussiano,0.7844727694090382,0.8542713567839196,4.0996815744311757e-69
path_c,Caminho C - Naive Bayes Gaussiano,0.7847045191193511,0.8542713567839196,3.9753156997579764e-69
path_c,Caminho C - Naive Bayes Gaussiano,0.7847045191193511,0.8558702603928735,2.727977557675312e-69
path_c,Caminho C - Naive Bayes Gaussiano,0.7851680185399769,0.8558702603928735,2.4716361312660366e-69
path_c,Caminho C - Naive Bayes Gaussiano,0.7851680185399769,0.8565555047967108,2.2616688874184027e-69
path_c,Caminho C - Naive Bayes Gaussiano,0.7853997682502897,0.8565555047967108,2.2243984823816835e-69
path_c,Caminho C - Naive Bayes Gaussiano,0.7853997682502897,0.857012334399269,1.8008142794344572e-69
path_c,Caminho C - Naive Bayes Gaussiano,0.7860950173812282,0.857012334399269,1.360489747749242e-69
path_c,Caminho C - Naive Bayes Gaussiano,0.7860950173812282,0.8579259936043856,7.028580981219075e-70
path_c,Caminho C - Naive Bayes Gaussiano,0.7884125144843569,0.8579259936043856,1.6675608648254487e-70
path_c,Caminho C - Naive Bayes Gaussiano,0.7884125144843569,0.8583828232069438,9.67706273881198e-71
path_c,Caminho C - Naive Bayes Gaussiano,0.7888760139049826,0.8583828232069438,7.292396488878392e-71
path_c,Caminho C - Naive Bayes Gaussiano,0.7888760139049826,0.858839652809502,6.615000908957866e-71
path_c,Caminho C - Naive Bayes Gaussiano,0.7895712630359212,0.858839652809502,3.4899431206166822e-71
path_c,Caminho C - Naive Bayes Gaussiano,0.7895712630359212,0.8595248972133395,1.6447324693542863e-71
path_c,Caminho C - Naive Bayes Gaussiano,0.7902665121668598,0.8595248972133395,1.3882481686776078e-71
path_c,Caminho C - Naive Bayes Gaussiano,0.7902665121668598,0.8602101416171768,1.2415776926842006e-71
path_c,Caminho C - Naive Bayes Gaussiano,0.7904982618771726,0.8602101416171768,7.57775297175568e-72
path_c,Caminho C - Naive Bayes Gaussiano,0.7904982618771726,0.8615806304248516,5.607986289322209e-72
path_c,Caminho C - Naive Bayes Gaussiano,0.7907300115874856,0.8615806304248516,5.217236217366146e-72
path_c,Caminho C - Naive Bayes Gaussiano,0.7907300115874856,0.8618090452261307,5.050586809738065e-72
path_c,Caminho C - Naive Bayes Gaussiano,0.7911935110081112,0.8618090452261307,4.75062730907576e-72
path_c,Caminho C - Naive Bayes Gaussiano,0.7911935110081112,0.862494289629968,3.1644484919333465e-72
path_c,Caminho C - Naive Bayes Gaussiano,0.7914252607184241,0.862494289629968,2.9271433207583046e-72
path_c,Caminho C - Naive Bayes Gaussiano,0.7914252607184241,0.8631795340338054,2.543117722679673e-72
path_c,Caminho C - Naive Bayes Gaussiano,0.7918887601390499,0.8631795340338054,2.065642812526093e-72
path_c,Caminho C - Naive Bayes Gaussiano,0.7918887601390499,0.8640931932389219,1.8288571895800818e-72
path_c,Caminho C - Naive Bayes Gaussiano,0.7925840092699884,0.8640931932389219,1.7331726911203845e-72
path_c,Caminho C - Naive Bayes Gaussiano,0.7925840092699884,0.8656920968478757,1.362581889151583e-72
path_c,Caminho C - Naive Bayes Gaussiano,0.7928157589803013,0.8656920968478757,1.3381557998068323e-72
path_c,Caminho C - Naive Bayes Gaussiano,0.7928157589803013,0.8663773412517131,1.290186455575534e-72
path_c,Caminho C - Naive Bayes Gaussiano,0.7930475086906141,0.8663773412517131,1.279846593047937e-72
path_c,Caminho C - Naive Bayes Gaussiano,0.7930475086906141,0.8670625856555505,1.1999006534062315e-72
path_c,Caminho C - Naive Bayes Gaussiano,0.793279258400927,0.8670625856555505,1.168564840694005e-72
path_c,Caminho C - Naive Bayes Gaussiano,0.793279258400927,0.868204659661946,1.042489688752899e-72
path_c,Caminho C - Naive Bayes Gaussiano,0.7937427578215527,0.868204659661946,9.72910872980019e-73
path_c,Caminho C - Naive Bayes Gaussiano,0.7937427578215527,0.8686614892645044,9.390227878489467e-73
path_c,Caminho C - Naive Bayes Gaussiano,0.7939745075318656,0.8686614892645044,8.771799612572115e-73
path_c,Caminho C - Naive Bayes Gaussiano,0.7939745075318656,0.8693467336683417,8.631620396363373e-73
path_c,Caminho C - Naive Bayes Gaussiano,0.7942062572421784,0.8693467336683417,8.494495516687129e-73
path_c,Caminho C - Naive Bayes Gaussiano,0.7942062572421784,0.8702603928734582,7.661207961181084e-73
path_c,Caminho C - Naive Bayes Gaussiano,0.7946697566628041,0.8702603928734582,7.307285139675214e-73
path_c,Caminho C - Naive Bayes Gaussiano,0.7946697566628041,0.8704888076747374,7.256821331430512e-73
path_c,Caminho C - Naive Bayes Gaussiano,0.7951332560834299,0.8704888076747374,7.083026296895314e-73
path_c,Caminho C - Naive Bayes Gaussiano,0.7951332560834299,0.8709456372772956,6.905245642227576e-73
path_c,Caminho C - Naive Bayes Gaussiano,0.7953650057937428,0.8709456372772956,6.775549118707088e-73
path_c,Caminho C - Naive Bayes Gaussiano,0.7953650057937428,0.8711740520785747,6.502780269927902e-73
path_c,Caminho C - Naive Bayes Gaussiano,0.7955967555040556,0.8711740520785747,6.343126592355224e-73
path_c,Caminho C - Naive Bayes Gaussiano,0.7955967555040556,0.8725445408862494,5.024876092554394e-73
path_c,Caminho C - Naive Bayes Gaussiano,0.7958285052143684,0.8725445408862494,4.9906373313004844e-73
path_c,Caminho C - Naive Bayes Gaussiano,0.7958285052143684,0.8730013704888077,4.9517007791621956e-73
path_c,Caminho C - Naive Bayes Gaussiano,0.7962920046349942,0.8730013704888077,4.629254737006485e-73
path_c,Caminho C - Naive Bayes Gaussiano,0.7962920046349942,0.8734582000913659,4.513704821750915e-73
path_c,Caminho C - Naive Bayes Gaussiano,0.7967555040556199,0.8734582000913659,4.203333199765932e-73
path_c,Caminho C - Naive Bayes Gaussiano,0.7967555040556199,0.8746002740977615,3.4057701635751754e-73
path_c,Caminho C - Naive Bayes Gaussiano,0.7969872537659328,0.8746002740977615,3.3261675676483524e-73
path_c,Caminho C - Naive Bayes Gaussiano,0.7969872537659328,0.8748286888990406,3.297913165645193e-73
path_c,Caminho C - Naive Bayes Gaussiano,0.7972190034762456,0.8748286888990406,3.2835508535800095e-73
path_c,Caminho C - Naive Bayes Gaussiano,0.7972190034762456,0.8750571037003197,3.217012365367505e-73
path_c,Caminho C - Naive Bayes Gaussiano,0.7974507531865586,0.8750571037003197,3.1716756785659656e-73
path_c,Caminho C - Naive Bayes Gaussiano,0.7974507531865586,0.8752855185015989,3.1313018129072534e-73
path_c,Caminho C - Naive Bayes Gaussiano,0.7976825028968714,0.8752855185015989,3.003299709159006e-73
path_c,Caminho C - Naive Bayes Gaussiano,0.7976825028968714,0.8764275925079945,2.6965808454865902e-73
path_c,Caminho C - Naive Bayes Gaussiano,0.7979142526071843,0.8764275925079945,2.6563005835778332e-73
path_c,Caminho C - Naive Bayes Gaussiano,0.7979142526071843,0.8766560073092736,2.5550760733461368e-73
path_c,Caminho C - Naive Bayes Gaussiano,0.7981460023174971,0.8766560073092736,2.48996429701916e-73
path_c,Caminho C - Naive Bayes Gaussiano,0.7981460023174971,0.8768844221105527,2.4090864681007154e-73
path_c,Caminho C - Naive Bayes Gaussiano,0.7986095017381228,0.8768844221105527,2.3096421925875082e-73
path_c,Caminho C - Naive Bayes Gaussiano,0.7986095017381228,0.8773412517131111,2.2195941369177352e-73
path_c,Caminho C - Naive Bayes Gaussiano,0.7988412514484357,0.8773412517131111,2.1737978878581732e-73
path_c,Caminho C - Naive Bayes Gaussiano,0.7988412514484357,0.8780264961169484,1.8515176881053953e-73
path_c,Caminho C - Naive Bayes Gaussiano,0.7993047508690614,0.8780264961169484,1.53966745246588e-73
path_c,Caminho C - Naive Bayes Gaussiano,0.7993047508690614,0.8782549109182275,1.4721386236543577e-73
path_c,Caminho C - Naive Bayes Gaussiano,0.7995365005793743,0.8782549109182275,1.4202754051754647e-73
path_c,Caminho C - Naive Bayes Gaussiano,0.7995365005793743,0.8789401553220648,1.2766829792833244e-73
path_c,Caminho C - Naive Bayes Gaussiano,0.7997682502896871,0.8789401553220648,1.235011608127034e-73
path_c,Caminho C - Naive Bayes Gaussiano,0.7997682502896871,0.8803106441297396,1.0428855098378141e-73
path_c,Caminho C - Naive Bayes Gaussiano,0.8002317497103129,0.8803106441297396,8.94808365558725e-74
path_c,Caminho C - Naive Bayes Gaussiano,0.8002317497103129,0.8814527181361352,8.08081998921953e-74
path_c,Caminho C - Naive Bayes Gaussiano,0.8004634994206258,0.8814527181361352,8.001198179440446e-74
path_c,Caminho C - Naive Bayes Gaussiano,0.8004634994206258,0.8816811329374143,7.584059722905711e-74
path_c,Caminho C - Naive Bayes Gaussiano,0.8011587485515643,0.8816811329374143,6.093987629203946e-74
path_c,Caminho C - Naive Bayes Gaussiano,0.8011587485515643,0.8823663773412517,5.279959251560072e-74
path_c,Caminho C - Naive Bayes Gaussiano,0.8027809965237543,0.8823663773412517,3.761762121287353e-74
path_c,Caminho C - Naive Bayes Gaussiano,0.8027809965237543,0.8825947921425308,3.623011439313339e-74
path_c,Caminho C - Naive Bayes Gaussiano,0.8030127462340672,0.8825947921425308,3.511190195636634e-74
path_c,Caminho C - Naive Bayes Gaussiano,0.8030127462340672,0.88282320694381,3.420148323939419e-74
path_c,Caminho C - Naive Bayes Gaussiano,0.8034762456546929,0.88282320694381,3.0597507594034465e-74
path_c,Caminho C - Naive Bayes Gaussiano,0.8034762456546929,0.8832800365463682,2.898164174576027e-74
path_c,Caminho C - Naive Bayes Gaussiano,0.8037079953650058,0.8832800365463682,2.823938198655834e-74
path_c,Caminho C - Naive Bayes Gaussiano,0.8037079953650058,0.8835084513476473,2.5881312129469712e-74
path_c,Caminho C - Naive Bayes Gaussiano,0.8048667439165701,0.8835084513476473,2.2602974304056754e-74
path_c,Caminho C - Naive Bayes Gaussiano,0.8048667439165701,0.8839652809502055,2.211427302463367e-74
path_c,Caminho C - Naive Bayes Gaussiano,0.805098493626883,0.8839652809502055,2.2109780737511217e-74
path_c,Caminho C - Naive Bayes Gaussiano,0.805098493626883,0.8841936957514847,2.0694142941223157e-74
path_c,Caminho C - Naive Bayes Gaussiano,0.8053302433371958,0.8841936957514847,2.0436746691538008e-74
path_c,Caminho C - Naive Bayes Gaussiano,0.8053302433371958,0.8848789401553221,1.800515848092193e-74
path_c,Caminho C - Naive Bayes Gaussiano,0.8057937427578216,0.8848789401553221,1.672296879483435e-74
path_c,Caminho C - Naive Bayes Gaussiano,0.8057937427578216,0.8851073549566012,1.6424511746984452e-74
path_c,Caminho C - Naive Bayes Gaussiano,0.8060254924681344,0.8851073549566012,1.6195690989428479e-74
path_c,Caminho C - Naive Bayes Gaussiano,0.8060254924681344,0.8853357697578803,1.5835909043374804e-74
path_c,Caminho C - Naive Bayes Gaussiano,0.8076477404403245,0.8853357697578803,1.2675875957786758e-74
path_c,Caminho C - Naive Bayes Gaussiano,0.8076477404403245,0.8855641845591594,1.256957672261841e-74
path_c,Caminho C - Naive Bayes Gaussiano,0.8081112398609501,0.8855641845591594,1.1266482689040425e-74
path_c,Caminho C - Naive Bayes Gaussiano,0.8081112398609501,0.8867062585655551,9.005403214141523e-75
path_c,Caminho C - Naive Bayes Gaussiano,0.8090382387022016,0.8867062585655551,7.71891385459153e-75
path_c,Caminho C - Naive Bayes Gaussiano,0.8090382387022016,0.8869346733668342,7.651805625675575e-75
path_c,Caminho C - Naive Bayes Gaussiano,0.8092699884125145,0.8869346733668342,7.464905836591941e-75
path_c,Caminho C - Naive Bayes Gaussiano,0.8092699884125145,0.8873915029693924,7.117374327759369e-75
path_c,Caminho C - Naive Bayes Gaussiano,0.8099652375434531,0.8873915029693924,6.785545709131158e-75
path_c,Caminho C - Naive Bayes Gaussiano,0.8099652375434531,0.8876199177706715,6.685659189406033e-75
path_c,Caminho C - Naive Bayes Gaussiano,0.810196987253766,0.8876199177706715,6.558204726392268e-75
path_c,Caminho C - Naive Bayes Gaussiano,0.810196987253766,0.8880767473732298,6.353813818827924e-75
path_c,Caminho C - Naive Bayes Gaussiano,0.8106604866743916,0.8880767473732298,5.930031773345727e-75
path_c,Caminho C - Naive Bayes Gaussiano,0.8106604866743916,0.8883051621745089,5.884651437649996e-75
path_c,Caminho C - Naive Bayes Gaussiano,0.8113557358053303,0.8883051621745089,5.677030052015849e-75
path_c,Caminho C - Naive Bayes Gaussiano,0.8113557358053303,0.8887619917770672,5.639707999819282e-75
path_c,Caminho C - Naive Bayes Gaussiano,0.811819235225956,0.8887619917770672,5.080716909756826e-75
path_c,Caminho C - Naive Bayes Gaussiano,0.811819235225956,0.8889904065783463,5.071991272276132e-75
path_c,Caminho C - Naive Bayes Gaussiano,0.8125144843568946,0.8889904065783463,4.426711629430661e-75
path_c,Caminho C - Naive Bayes Gaussiano,0.8125144843568946,0.8892188213796254,4.4097417927905063e-75
path_c,Caminho C - Naive Bayes Gaussiano,0.8132097334878331,0.8892188213796254,3.316071485326341e-75
path_c,Caminho C - Naive Bayes Gaussiano,0.8132097334878331,0.8894472361809045,3.2112776333468626e-75
path_c,Caminho C - Naive Bayes Gaussiano,0.8139049826187718,0.8894472361809045,2.8896237148024106e-75
path_c,Caminho C - Naive Bayes Gaussiano,0.8139049826187718,0.8901324805847419,2.7124618290071634e-75
path_c,Caminho C - Naive Bayes Gaussiano,0.8148319814600232,0.8901324805847419,2.238661492427917e-75
path_c,Caminho C - Naive Bayes Gaussiano,0.8148319814600232,0.890360895386021,2.222359955108296e-75
path_c,Caminho C - Naive Bayes Gaussiano,0.815063731170336,0.890360895386021,2.21441784036426e-75
path_c,Caminho C - Naive Bayes Gaussiano,0.815063731170336,0.8905893101873001,2.2126036158328545e-75
path_c,Caminho C - Naive Bayes Gaussiano,0.8152954808806488,0.8905893101873001,2.2018936755238434e-75
path_c,Caminho C - Naive Bayes Gaussiano,0.8152954808806488,0.8908177249885793,2.1684935172112044e-75
path_c,Caminho C - Naive Bayes Gaussiano,0.8159907300115875,0.8908177249885793,1.7679541615048899e-75
path_c,Caminho C - Naive Bayes Gaussiano,0.8159907300115875,0.8912745545911375,1.6065424418476907e-75
path_c,Caminho C - Naive Bayes Gaussiano,0.8171494785631518,0.8912745545911375,1.4605299491180067e-75
path_c,Caminho C - Naive Bayes Gaussiano,0.8171494785631518,0.8915029693924166,1.272149420371804e-75
path_c,Caminho C - Naive Bayes Gaussiano,0.8199304750869062,0.8915029693924166,7.783767409440491e-76
path_c,Caminho C - Naive Bayes Gaussiano,0.8199304750869062,0.8917313841936958,7.634083376528927e-76
path_c,Caminho C - Naive Bayes Gaussiano,0.820162224797219,0.8917313841936958,6.959849699775848e-76
path_c,Caminho C - Naive Bayes Gaussiano,0.820162224797219,0.892188213796254,5.478765723426597e-76
path_c,Caminho C - Naive Bayes Gaussiano,0.8210892236384705,0.892188213796254,4.099654079565859e-76
path_c,Caminho C - Naive Bayes Gaussiano,0.8210892236384705,0.8935587026039288,3.40585963012429e-76
path_c,Caminho C - Naive Bayes Gaussiano,0.8213209733487833,0.8935587026039288,3.320808807868842e-76
path_c,Caminho C - Naive Bayes Gaussiano,0.8213209733487833,0.8937871174052079,2.9457420250307206e-76
path_c,Caminho C - Naive Bayes Gaussiano,0.8222479721900348,0.8937871174052079,2.531564977168851e-76
path_c,Caminho C - Naive Bayes Gaussiano,0.8222479721900348,0.8942439470077661,1.8867208173604828e-76
path_c,Caminho C - Naive Bayes Gaussiano,0.8224797219003476,0.8942439470077661,1.8754388445803874e-76
path_c,Caminho C - Naive Bayes Gaussiano,0.8224797219003476,0.8944723618090452,1.835003683400734e-76
path_c,Caminho C - Naive Bayes Gaussiano,0.823406720741599,0.8944723618090452,1.5959486882275956e-76
path_c,Caminho C - Naive Bayes Gaussiano,0.823406720741599,0.8947007766103243,1.5873467742473972e-76
path_c,Caminho C - Naive Bayes Gaussiano,0.823638470451912,0.8947007766103243,1.5026214527463252e-76
path_c,Caminho C - Naive Bayes Gaussiano,0.823638470451912,0.8953860210141618,1.3906069132652057e-76
path_c,Caminho C - Naive Bayes Gaussiano,0.8238702201622248,0.8953860210141618,1.2186422683741032e-76
path_c,Caminho C - Naive Bayes Gaussiano,0.8238702201622248,0.89584285061672,1.2084017111446111e-76
path_c,Caminho C - Naive Bayes Gaussiano,0.8243337195828505,0.89584285061672,1.1586005312383023e-76
path_c,Caminho C - Naive Bayes Gaussiano,0.8243337195828505,0.8962996802192782,9.799298198145127e-77
path_c,Caminho C - Naive Bayes Gaussiano,0.8245654692931634,0.8962996802192782,9.412003835484086e-77
path_c,Caminho C - Naive Bayes Gaussiano,0.8245654692931634,0.8965280950205573,8.266132693350621e-77
path_c,Caminho C - Naive Bayes Gaussiano,0.8247972190034762,0.8965280950205573,8.24073637464013e-77
path_c,Caminho C - Naive Bayes Gaussiano,0.8247972190034762,0.8967565098218364,7.650285578508315e-77
path_c,Caminho C - Naive Bayes Gaussiano,0.825260718424102,0.8967565098218364,6.8603222712104e-77
path_c,Caminho C - Naive Bayes Gaussiano,0.825260718424102,0.8969849246231156,5.8765187661097626e-77
path_c,Caminho C - Naive Bayes Gaussiano,0.8254924681344148,0.8969849246231156,5.724182679301632e-77
path_c,Caminho C - Naive Bayes Gaussiano,0.8254924681344148,0.8972133394243947,5.7123361138270136e-77
path_c,Caminho C - Naive Bayes Gaussiano,0.8259559675550405,0.8972133394243947,4.521213387677987e-77
path_c,Caminho C - Naive Bayes Gaussiano,0.8259559675550405,0.8974417542256738,4.1547415669780684e-77
path_c,Caminho C - Naive Bayes Gaussiano,0.8264194669756663,0.8974417542256738,3.856084645376387e-77
path_c,Caminho C - Naive Bayes Gaussiano,0.8264194669756663,0.897670169026953,3.389620262690398e-77
path_c,Caminho C - Naive Bayes Gaussiano,0.826882966396292,0.897670169026953,3.228015649909594e-77
path_c,Caminho C - Naive Bayes Gaussiano,0.826882966396292,0.8978985838282321,3.075619505602134e-77
path_c,Caminho C - Naive Bayes Gaussiano,0.8271147161066049,0.8978985838282321,2.9841551251541397e-77
path_c,Caminho C - Naive Bayes Gaussiano,0.8271147161066049,0.8981269986295112,2.043823279334152e-77
path_c,Caminho C - Naive Bayes Gaussiano,0.8278099652375435,0.8981269986295112,1.5817730185667458e-77
path_c,Caminho C - Naive Bayes Gaussiano,0.8278099652375435,0.8983554134307903,1.4829800079841994e-77
path_c,Caminho C - Naive Bayes Gaussiano,0.8280417149478563,0.8983554134307903,1.4278146854327424e-77
path_c,Caminho C - Naive Bayes Gaussiano,0.8280417149478563,0.8985838282320694,1.339451624190756e-77
path_c,Caminho C - Naive Bayes Gaussiano,0.8287369640787949,0.8985838282320694,1.0825855611445068e-77
path_c,Caminho C - Naive Bayes Gaussiano,0.8287369640787949,0.8988122430333486,9.221280550181568e-78
path_c,Caminho C - Naive Bayes Gaussiano,0.8298957126303592,0.8988122430333486,4.352854011434532e-78
path_c,Caminho C - Naive Bayes Gaussiano,0.8298957126303592,0.8992690726359068,3.640851435823155e-78
path_c,Caminho C - Naive Bayes Gaussiano,0.8310544611819235,0.8992690726359068,3.0317185862073897e-78
path_c,Caminho C - Naive Bayes Gaussiano,0.8310544611819235,0.8994974874371859,2.957911888451771e-78
path_c,Caminho C - Naive Bayes Gaussiano,0.8324449594438007,0.8994974874371859,1.6625156309427364e-78
path_c,Caminho C - Naive Bayes Gaussiano,0.8324449594438007,0.8999543170397442,1.2683747329186828e-78
path_c,Caminho C - Naive Bayes Gaussiano,0.8324449594438007,0.9004111466423024,1.0057542706361133e-78
path_c,Caminho C - Naive Bayes Gaussiano,0.8326767091541135,0.9004111466423024,9.662848549418938e-79
path_c,Caminho C - Naive Bayes Gaussiano,0.8326767091541135,0.9013248058474189,7.472162202874159e-79
path_c,Caminho C - Naive Bayes Gaussiano,0.8329084588644264,0.9013248058474189,7.223056342289517e-79
path_c,Caminho C - Naive Bayes Gaussiano,0.8329084588644264,0.9017816354499771,6.87689526788829e-79
path_c,Caminho C - Naive Bayes Gaussiano,0.8331402085747392,0.9017816354499771,6.464124096395757e-79
path_c,Caminho C - Naive Bayes Gaussiano,0.8331402085747392,0.9020100502512562,5.721151296658149e-79
path_c,Caminho C - Naive Bayes Gaussiano,0.833603707995365,0.9020100502512562,4.170608070513428e-79
path_c,Caminho C - Naive Bayes Gaussiano,0.833603707995365,0.9022384650525354,3.8750788385515445e-79
path_c,Caminho C - Naive Bayes Gaussiano,0.8345307068366165,0.9022384650525354,2.022867790796597e-79
path_c,Caminho C - Naive Bayes Gaussiano,0.8345307068366165,0.9029237094563728,1.7365787903629873e-79
path_c,Caminho C - Naive Bayes Gaussiano,0.8349942062572422,0.9029237094563728,1.6033878112821422e-79
path_c,Caminho C - Naive Bayes Gaussiano,0.8349942062572422,0.9031521242576519,1.5619157793281508e-79
path_c,Caminho C - Naive Bayes Gaussiano,0.8356894553881807,0.9031521242576519,1.225780241297155e-79
path_c,Caminho C - Naive Bayes Gaussiano,0.8356894553881807,0.9036089538602101,7.927919391075845e-80
path_c,Caminho C - Naive Bayes Gaussiano,0.8359212050984937,0.9036089538602101,7.290735689588194e-80
path_c,Caminho C - Naive Bayes Gaussiano,0.8359212050984937,0.9038373686614892,6.2691913433338584e-80
path_c,Caminho C - Naive Bayes Gaussiano,0.8373117033603708,0.9038373686614892,2.5444684320709962e-80
path_c,Caminho C - Naive Bayes Gaussiano,0.8373117033603708,0.9040657834627683,1.9958040354781618e-80
path_c,Caminho C - Naive Bayes Gaussiano,0.8375434530706837,0.9040657834627683,1.7673762852479605e-80
path_c,Caminho C - Naive Bayes Gaussiano,0.8375434530706837,0.9042941982640476,1.2577844762158727e-80
path_c,Caminho C - Naive Bayes Gaussiano,0.838702201622248,0.9042941982640476,4.785993340186507e-81
path_c,Caminho C - Naive Bayes Gaussiano,0.838702201622248,0.9045226130653267,4.678849390717809e-81
path_c,Caminho C - Naive Bayes Gaussiano,0.8391657010428737,0.9045226130653267,3.57759244629899e-81
path_c,Caminho C - Naive Bayes Gaussiano,0.8391657010428737,0.9049794426678849,2.839650050241125e-81
path_c,Caminho C - Naive Bayes Gaussiano,0.8393974507531866,0.9049794426678849,2.7709162926466392e-81
path_c,Caminho C - Naive Bayes Gaussiano,0.8393974507531866,0.9054362722704431,2.336341369965568e-81
path_c,Caminho C - Naive Bayes Gaussiano,0.8396292004634994,0.9054362722704431,2.3051134335851967e-81
path_c,Caminho C - Naive Bayes Gaussiano,0.8396292004634994,0.9058931018730013,1.591071069309338e-81
path_c,Caminho C - Naive Bayes Gaussiano,0.8405561993047509,0.9058931018730013,9.565008526446458e-82
path_c,Caminho C - Naive Bayes Gaussiano,0.8405561993047509,0.9061215166742805,9.035709897305369e-82
path_c,Caminho C - Naive Bayes Gaussiano,0.8414831981460024,0.9061215166742805,5.437332473208976e-82
path_c,Caminho C - Naive Bayes Gaussiano,0.8414831981460024,0.9063499314755596,5.188400496402178e-82
path_c,Caminho C - Naive Bayes Gaussiano,0.841946697566628,0.9063499314755596,4.358753688594874e-82
path_c,Caminho C - Naive Bayes Gaussiano,0.841946697566628,0.9065783462768388,4.020791983199149e-82
path_c,Caminho C - Naive Bayes Gaussiano,0.8426419466975666,0.9065783462768388,2.9419368156571627e-82
path_c,Caminho C - Naive Bayes Gaussiano,0.8426419466975666,0.9068067610781179,2.3632471813884871e-82
path_c,Caminho C - Naive Bayes Gaussiano,0.8428736964078795,0.9068067610781179,2.3246094278744493e-82
path_c,Caminho C - Naive Bayes Gaussiano,0.8428736964078795,0.907035175879397,1.531706019039085e-82
path_c,Caminho C - Naive Bayes Gaussiano,0.8431054461181924,0.907035175879397,1.2498472918929209e-82
path_c,Caminho C - Naive Bayes Gaussiano,0.8431054461181924,0.9072635906806761,9.054936262641418e-83
path_c,Caminho C - Naive Bayes Gaussiano,0.8433371958285052,0.9072635906806761,6.430590623157946e-83
path_c,Caminho C - Naive Bayes Gaussiano,0.8433371958285052,0.9074920054819552,5.183452406625303e-83
path_c,Caminho C - Naive Bayes Gaussiano,0.8454229432213209,0.9074920054819552,8.90295938786699e-84
path_c,Caminho C - Naive Bayes Gaussiano,0.8454229432213209,0.9079488350845135,5.2659741474169065e-84
path_c,Caminho C - Naive Bayes Gaussiano,0.8461181923522596,0.9079488350845135,2.367746895370054e-84
path_c,Caminho C - Naive Bayes Gaussiano,0.8461181923522596,0.9090909090909091,1.3036734448755113e-84
path_c,Caminho C - Naive Bayes Gaussiano,0.8463499420625724,0.9090909090909091,1.258354203925394e-84
path_c,Caminho C - Naive Bayes Gaussiano,0.8463499420625724,0.9093193238921882,1.160586252383662e-84
path_c,Caminho C - Naive Bayes Gaussiano,0.8465816917728853,0.9093193238921882,1.1152066420576215e-84
path_c,Caminho C - Naive Bayes Gaussiano,0.8465816917728853,0.9095477386934674,1.0072693666243967e-84
path_c,Caminho C - Naive Bayes Gaussiano,0.8468134414831981,0.9095477386934674,9.526886462410241e-85
path_c,Caminho C - Naive Bayes Gaussiano,0.8468134414831981,0.9100045682960256,5.342831013975849e-85
path_c,Caminho C - Naive Bayes Gaussiano,0.8472769409038239,0.9100045682960256,3.9118631446006374e-85
path_c,Caminho C - Naive Bayes Gaussiano,0.8472769409038239,0.9113750571037004,2.265237932112057e-85
path_c,Caminho C - Naive Bayes Gaussiano,0.8475086906141367,0.9113750571037004,1.8603118226441626e-85
path_c,Caminho C - Naive Bayes Gaussiano,0.8475086906141367,0.9116034719049795,1.791246291603106e-85
path_c,Caminho C - Naive Bayes Gaussiano,0.8477404403244496,0.9116034719049795,1.4443159682992904e-85
path_c,Caminho C - Naive Bayes Gaussiano,0.8477404403244496,0.9120603015075377,1.3529500667778503e-85
path_c,Caminho C - Naive Bayes Gaussiano,0.8482039397450754,0.9120603015075377,1.1554912326467765e-85
path_c,Caminho C - Naive Bayes Gaussiano,0.8482039397450754,0.912745545911375,4.219411718762726e-86
path_c,Caminho C - Naive Bayes Gaussiano,0.8484356894553882,0.912745545911375,3.925120451798356e-86
path_c,Caminho C - Naive Bayes Gaussiano,0.8484356894553882,0.9132023755139334,3.324888555036658e-86
path_c,Caminho C - Naive Bayes Gaussiano,0.8486674391657011,0.9132023755139334,3.235882658642297e-86
path_c,Caminho C - Naive Bayes Gaussiano,0.8486674391657011,0.9136592051164916,2.0359550613277285e-86
path_c,Caminho C - Naive Bayes Gaussiano,0.8493626882966396,0.9136592051164916,1.6708590873834132e-86
path_c,Caminho C - Naive Bayes Gaussiano,0.8493626882966396,0.9138876199177707,1.5844899281332577e-86
path_c,Caminho C - Naive Bayes Gaussiano,0.8500579374275782,0.9138876199177707,1.1906843437135438e-86
path_c,Caminho C - Naive Bayes Gaussiano,0.8500579374275782,0.9148012791228871,6.009357779549966e-87
path_c,Caminho C - Naive Bayes Gaussiano,0.8502896871378911,0.9148012791228871,5.6873701851332805e-87
path_c,Caminho C - Naive Bayes Gaussiano,0.8502896871378911,0.9150296939241663,5.127346193276165e-87
path_c,Caminho C - Naive Bayes Gaussiano,0.8507531865585168,0.9150296939241663,2.9971389833617915e-87
path_c,Caminho C - Naive Bayes Gaussiano,0.8507531865585168,0.9157149383280037,1.7135346073204744e-87
path_c,Caminho C - Naive Bayes Gaussiano,0.8512166859791426,0.9157149383280037,1.3215569875652288e-87
path_c,Caminho C - Naive Bayes Gaussiano,0.8512166859791426,0.9161717679305619,1.1580786323652031e-87
path_c,Caminho C - Naive Bayes Gaussiano,0.8514484356894554,0.9161717679305619,1.1573892211584443e-87
path_c,Caminho C - Naive Bayes Gaussiano,0.8514484356894554,0.916400182731841,1.0879251093626755e-87
path_c,Caminho C - Naive Bayes Gaussiano,0.8516801853997682,0.916400182731841,9.598689414074861e-88
path_c,Caminho C - Naive Bayes Gaussiano,0.8516801853997682,0.9166285975331201,8.891563300212237e-88
path_c,Caminho C - Naive Bayes Gaussiano,0.8521436848203939,0.9166285975331201,6.206616401394451e-88
path_c,Caminho C - Naive Bayes Gaussiano,0.8521436848203939,0.9168570123343993,6.053339646637971e-88
path_c,Caminho C - Naive Bayes Gaussiano,0.8523754345307069,0.9168570123343993,6.004738761152575e-88
path_c,Caminho C - Naive Bayes Gaussiano,0.8523754345307069,0.9170854271356784,5.215403105760888e-88
path_c,Caminho C - Naive Bayes Gaussiano,0.8530706836616454,0.9170854271356784,4.292452463002644e-88
path_c,Caminho C - Naive Bayes Gaussiano,0.8530706836616454,0.9175422567382366,3.2344319218157766e-88
path_c,Caminho C - Naive Bayes Gaussiano,0.8533024333719583,0.9175422567382366,2.9929721525239474e-88
path_c,Caminho C - Naive Bayes Gaussiano,0.8533024333719583,0.9198264047510278,1.0178551896867224e-88
path_c,Caminho C - Naive Bayes Gaussiano,0.8535341830822711,0.9198264047510278,9.374983803136773e-89
path_c,Caminho C - Naive Bayes Gaussiano,0.8535341830822711,0.920054819552307,9.142569917220228e-89
path_c,Caminho C - Naive Bayes Gaussiano,0.8537659327925841,0.920054819552307,9.056125666304565e-89
path_c,Caminho C - Naive Bayes Gaussiano,0.8537659327925841,0.9205116491548653,6.304813297449598e-89
path_c,Caminho C - Naive Bayes Gaussiano,0.8542294322132097,0.9205116491548653,4.814369766540372e-89
path_c,Caminho C - Naive Bayes Gaussiano,0.8542294322132097,0.9209684787574235,2.6758992665807804e-89
path_c,Caminho C - Naive Bayes Gaussiano,0.8544611819235226,0.9209684787574235,2.6477432769806623e-89
path_c,Caminho C - Naive Bayes Gaussiano,0.8544611819235226,0.9214253083599817,2.2881153301941323e-89
path_c,Caminho C - Naive Bayes Gaussiano,0.8546929316338354,0.9214253083599817,1.705883035918075e-89
path_c,Caminho C - Naive Bayes Gaussiano,0.8546929316338354,0.9216537231612608,1.5748930311747562e-89
path_c,Caminho C - Naive Bayes Gaussiano,0.8551564310544612,0.9216537231612608,1.1740266983028517e-89
path_c,Caminho C - Naive Bayes Gaussiano,0.8551564310544612,0.9218821379625399,1.1370682182693777e-89
path_c,Caminho C - Naive Bayes Gaussiano,0.8553881807647741,0.9218821379625399,1.1096072117086555e-89
path_c,Caminho C - Naive Bayes Gaussiano,0.8553881807647741,0.9225673823663774,1.029841749035186e-89
path_c,Caminho C - Naive Bayes Gaussiano,0.8558516801853998,0.9225673823663774,9.456351577058769e-90
path_c,Caminho C - Naive Bayes Gaussiano,0.8558516801853998,0.9227957971676565,6.068023606987264e-90
path_c,Caminho C - Naive Bayes Gaussiano,0.8560834298957126,0.9227957971676565,4.914404142169168e-90
path_c,Caminho C - Naive Bayes Gaussiano,0.8560834298957126,0.9230242119689356,4.618180232163419e-90
path_c,Caminho C - Naive Bayes Gaussiano,0.8565469293163384,0.9230242119689356,3.8756327893578656e-90
path_c,Caminho C - Naive Bayes Gaussiano,0.8565469293163384,0.9232526267702147,3.8558679823200377e-90
path_c,Caminho C - Naive Bayes Gaussiano,0.8572421784472769,0.9232526267702147,3.34408133147828e-90
path_c,Caminho C - Naive Bayes Gaussiano,0.8572421784472769,0.9234810415714938,2.7731101375121984e-90
path_c,Caminho C - Naive Bayes Gaussiano,0.8579374275782156,0.9234810415714938,2.404185355416148e-90
path_c,Caminho C - Naive Bayes Gaussiano,0.8579374275782156,0.9237094563727729,2.3358379613660283e-90
path_c,Caminho C - Naive Bayes Gaussiano,0.858864426419467,0.9237094563727729,1.1057140595540451e-90
path_c,Caminho C - Naive Bayes Gaussiano,0.858864426419467,0.9239378711740521,1.0249649443088807e-90
path_c,Caminho C - Naive Bayes Gaussiano,0.8590961761297798,0.9239378711740521,9.911200409226477e-91
path_c,Caminho C - Naive Bayes Gaussiano,0.8590961761297798,0.9241662859753312,9.882881731782799e-91
path_c,Caminho C - Naive Bayes Gaussiano,0.8597914252607184,0.9241662859753312,6.517448168100813e-91
path_c,Caminho C - Naive Bayes Gaussiano,0.8597914252607184,0.9246231155778895,4.9027476360764297e-91
path_c,Caminho C - Naive Bayes Gaussiano,0.860486674391657,0.9246231155778895,2.2567680849331746e-91
path_c,Caminho C - Naive Bayes Gaussiano,0.860486674391657,0.9250799451804477,1.1126172468449793e-91
path_c,Caminho C - Naive Bayes Gaussiano,0.8609501738122828,0.9250799451804477,9.60809292329721e-92
path_c,Caminho C - Naive Bayes Gaussiano,0.8609501738122828,0.9253083599817268,6.985682012938228e-92
path_c,Caminho C - Naive Bayes Gaussiano,0.8616454229432213,0.9253083599817268,9.620872904233022e-93
path_c,Caminho C - Naive Bayes Gaussiano,0.8616454229432213,0.9255367747830059,7.576983167593703e-93
path_c,Caminho C - Naive Bayes Gaussiano,0.8618771726535341,0.9255367747830059,6.789966786715096e-93
path_c,Caminho C - Naive Bayes Gaussiano,0.8618771726535341,0.9262220191868433,4.2676550979532066e-93
path_c,Caminho C - Naive Bayes Gaussiano,0.8621089223638471,0.9262220191868433,4.09074204009804e-93
path_c,Caminho C - Naive Bayes Gaussiano,0.8621089223638471,0.9271356783919598,3.248546561013101e-93
path_c,Caminho C - Naive Bayes Gaussiano,0.8625724217844728,0.9271356783919598,2.93186006408488e-93
path_c,Caminho C - Naive Bayes Gaussiano,0.8625724217844728,0.9273640931932389,2.910374146969205e-93
path_c,Caminho C - Naive Bayes Gaussiano,0.8630359212050985,0.9273640931932389,2.7058578783937405e-93
path_c,Caminho C - Naive Bayes Gaussiano,0.8630359212050985,0.9275925079945181,2.582800383710362e-93
path_c,Caminho C - Naive Bayes Gaussiano,0.8632676709154113,0.9275925079945181,2.515904556751006e-93
path_c,Caminho C - Naive Bayes Gaussiano,0.8632676709154113,0.9285061671996345,1.949324038596891e-93
path_c,Caminho C - Naive Bayes Gaussiano,0.8634994206257243,0.9285061671996345,1.6557090952863687e-93
path_c,Caminho C - Naive Bayes Gaussiano,0.8634994206257243,0.9294198264047511,1.2577073523063097e-93
path_c,Caminho C - Naive Bayes Gaussiano,0.8637311703360371,0.9294198264047511,1.1903238123446266e-93
path_c,Caminho C - Naive Bayes Gaussiano,0.8637311703360371,0.9305619004111466,1.017195859600198e-93
path_c,Caminho C - Naive Bayes Gaussiano,0.8639629200463499,0.9305619004111466,1.0085875376615047e-93
path_c,Caminho C - Naive Bayes Gaussiano,0.8639629200463499,0.9317039744175423,7.852676291588457e-94
path_c,Caminho C - Naive Bayes Gaussiano,0.8641946697566628,0.9317039744175423,7.373152227399873e-94
path_c,Caminho C - Naive Bayes Gaussiano,0.8641946697566628,0.9335312928277752,4.862125424721407e-94
path_c,Caminho C - Naive Bayes Gaussiano,0.8644264194669756,0.9335312928277752,4.807679245567312e-94
path_c,Caminho C - Naive Bayes Gaussiano,0.8644264194669756,0.9344449520328917,4.014767932549907e-94
path_c,Caminho C - Naive Bayes Gaussiano,0.8648899188876014,0.9344449520328917,3.763271851124012e-94
path_c,Caminho C - Naive Bayes Gaussiano,0.8648899188876014,0.9346733668341709,3.482422299425146e-94
path_c,Caminho C - Naive Bayes Gaussiano,0.8651216685979143,0.9346733668341709,3.281742141506044e-94
path_c,Caminho C - Naive Bayes Gaussiano,0.8651216685979143,0.9355870260392873,2.5005460289281565e-94
path_c,Caminho C - Naive Bayes Gaussiano,0.8658169177288528,0.9355870260392873,2.1011177505566818e-94
path_c,Caminho C - Naive Bayes Gaussiano,0.8658169177288528,0.9365006852444039,1.9155878005607294e-94
path_c,Caminho C - Naive Bayes Gaussiano,0.8660486674391658,0.9365006852444039,1.85428459953325e-94
path_c,Caminho C - Naive Bayes Gaussiano,0.8660486674391658,0.9369575148469621,1.787493187619899e-94
path_c,Caminho C - Naive Bayes Gaussiano,0.8662804171494786,0.9369575148469621,1.435727803544187e-94
path_c,Caminho C - Naive Bayes Gaussiano,0.8662804171494786,0.9376427592507994,1.3146282506741161e-94
path_c,Caminho C - Naive Bayes Gaussiano,0.8665121668597914,0.9376427592507994,1.2895677097649377e-94
path_c,Caminho C - Naive Bayes Gaussiano,0.8665121668597914,0.9380995888533576,1.1810672296440675e-94
path_c,Caminho C - Naive Bayes Gaussiano,0.8667439165701043,0.9380995888533576,1.135886705320812e-94
path_c,Caminho C - Naive Bayes Gaussiano,0.8667439165701043,0.9387848332571951,9.744829943451104e-95
path_c,Caminho C - Naive Bayes Gaussiano,0.8669756662804171,0.9387848332571951,9.699570616703562e-95
path_c,Caminho C - Naive Bayes Gaussiano,0.8669756662804171,0.9394700776610324,8.233002808724381e-95
path_c,Caminho C - Naive Bayes Gaussiano,0.8676709154113558,0.9394700776610324,6.291377546364572e-95
path_c,Caminho C - Naive Bayes Gaussiano,0.8676709154113558,0.9396984924623115,6.089035988810817e-95
path_c,Caminho C - Naive Bayes Gaussiano,0.8679026651216686,0.9396984924623115,6.080771030961304e-95
path_c,Caminho C - Naive Bayes Gaussiano,0.8679026651216686,0.9399269072635906,5.773386091332816e-95
path_c,Caminho C - Naive Bayes Gaussiano,0.8681344148319815,0.9399269072635906,4.9598043807971465e-95
path_c,Caminho C - Naive Bayes Gaussiano,0.8681344148319815,0.940383736866149,4.9155713261820124e-95
path_c,Caminho C - Naive Bayes Gaussiano,0.8685979142526072,0.940383736866149,4.18555224275335e-95
path_c,Caminho C - Naive Bayes Gaussiano,0.8685979142526072,0.9406121516674281,4.0698435224866165e-95
path_c,Caminho C - Naive Bayes Gaussiano,0.8699884125144843,0.9406121516674281,3.378843160814701e-95
path_c,Caminho C - Naive Bayes Gaussiano,0.8699884125144843,0.9408405664687072,3.032681637564677e-95
path_c,Caminho C - Naive Bayes Gaussiano,0.8702201622247973,0.9408405664687072,3.0003488825769374e-95
path_c,Caminho C - Naive Bayes Gaussiano,0.8702201622247973,0.9410689812699863,2.669488858913349e-95
path_c,Caminho C - Naive Bayes Gaussiano,0.8704519119351101,0.9410689812699863,2.6067356838817053e-95
path_c,Caminho C - Naive Bayes Gaussiano,0.8704519119351101,0.9412973960712654,2.582639312189636e-95
path_c,Caminho C - Naive Bayes Gaussiano,0.8709154113557358,0.9412973960712654,2.5597240819873506e-95
path_c,Caminho C - Naive Bayes Gaussiano,0.8709154113557358,0.9415258108725445,2.378250192740678e-95
path_c,Caminho C - Naive Bayes Gaussiano,0.8716106604866743,0.9415258108725445,2.154088060147305e-95
path_c,Caminho C - Naive Bayes Gaussiano,0.8716106604866743,0.9417542256738236,2.0717567608214083e-95
path_c,Caminho C - Naive Bayes Gaussiano,0.872305909617613,0.9417542256738236,1.832152535464954e-95
path_c,Caminho C - Naive Bayes Gaussiano,0.872305909617613,0.9419826404751028,1.7450600731150135e-95
path_c,Caminho C - Naive Bayes Gaussiano,0.8727694090382387,0.9419826404751028,1.6095089007526402e-95
path_c,Caminho C - Naive Bayes Gaussiano,0.8727694090382387,0.9431247144814984,1.0473034425305704e-95
path_c,Caminho C - Naive Bayes Gaussiano,0.8730011587485516,0.9431247144814984,9.617752868510675e-96
path_c,Caminho C - Naive Bayes Gaussiano,0.8730011587485516,0.9433531292827775,8.10396349253454e-96
path_c,Caminho C - Naive Bayes Gaussiano,0.8741599073001158,0.9433531292827775,6.48807827464742e-96
path_c,Caminho C - Naive Bayes Gaussiano,0.8741599073001158,0.9435815440840567,5.917903589297379e-96
path_c,Caminho C - Naive Bayes Gaussiano,0.8746234067207416,0.9435815440840567,5.482454873351633e-96
path_c,Caminho C - Naive Bayes Gaussiano,0.8746234067207416,0.9438099588853358,4.6895206664716454e-96
path_c,Caminho C - Naive Bayes Gaussiano,0.8748551564310545,0.9438099588853358,4.624154679499442e-96
path_c,Caminho C - Naive Bayes Gaussiano,0.8748551564310545,0.9440383736866149,4.598225551539619e-96
path_c,Caminho C - Naive Bayes Gaussiano,0.877404403244496,0.9440383736866149,3.1399644469081044e-96
path_c,Caminho C - Naive Bayes Gaussiano,0.877404403244496,0.944266788487894,2.9629246353350233e-96
path_c,Caminho C - Naive Bayes Gaussiano,0.8776361529548088,0.944266788487894,2.4746646874386377e-96
path_c,Caminho C - Naive Bayes Gaussiano,0.8776361529548088,0.9449520328917314,2.196230289300902e-96
path_c,Caminho C - Naive Bayes Gaussiano,0.8804171494785632,0.9449520328917314,1.0549558527174186e-96
path_c,Caminho C - Naive Bayes Gaussiano,0.8804171494785632,0.9451804476930105,1.0371589846758185e-96
path_c,Caminho C - Naive Bayes Gaussiano,0.8808806488991888,0.9451804476930105,9.59212232869155e-97
path_c,Caminho C - Naive Bayes Gaussiano,0.8808806488991888,0.9454088624942897,8.993553209573431e-97
path_c,Caminho C - Naive Bayes Gaussiano,0.8813441483198146,0.9454088624942897,7.867370540090812e-97
path_c,Caminho C - Naive Bayes Gaussiano,0.8813441483198146,0.9456372772955688,7.256299497997614e-97
path_c,Caminho C - Naive Bayes Gaussiano,0.882271147161066,0.9456372772955688,6.053364129182621e-97
path_c,Caminho C - Naive Bayes Gaussiano,0.882271147161066,0.946094106898127,5.513318135331172e-97
path_c,Caminho C - Naive Bayes Gaussiano,0.883893395133256,0.946094106898127,2.667332758644909e-97
path_c,Caminho C - Naive Bayes Gaussiano,0.883893395133256,0.9463225216994061,2.635215015139408e-97
path_c,Caminho C - Naive Bayes Gaussiano,0.885747392815759,0.9463225216994061,1.6354622441833218e-97
path_c,Caminho C - Naive Bayes Gaussiano,0.885747392815759,0.9465509365006852,1.5543445267422583e-97
path_c,Caminho C - Naive Bayes Gaussiano,0.8864426419466975,0.9465509365006852,1.3314938483872846e-97
path_c,Caminho C - Naive Bayes Gaussiano,0.8864426419466975,0.9467793513019643,1.280122833525105e-97
path_c,Caminho C - Naive Bayes Gaussiano,0.8878331402085747,0.9467793513019643,8.11007852750421e-98
path_c,Caminho C - Naive Bayes Gaussiano,0.8878331402085747,0.9470077661032434,6.293627347546357e-98
path_c,Caminho C - Naive Bayes Gaussiano,0.888991888760139,0.9470077661032434,2.2771776908107163e-98
path_c,Caminho C - Naive Bayes Gaussiano,0.888991888760139,0.9472361809045227,2.1499120371061004e-98
path_c,Caminho C - Naive Bayes Gaussiano,0.8894553881807647,0.9472361809045227,1.9904735711722472e-98
path_c,Caminho C - Naive Bayes Gaussiano,0.8894553881807647,0.9476930105070809,1.382753198422535e-98
path_c,Caminho C - Naive Bayes Gaussiano,0.8910776361529548,0.9476930105070809,4.689485203933675e-99
path_c,Caminho C - Naive Bayes Gaussiano,0.8910776361529548,0.94792142530836,3.1512260075120086e-99
path_c,Caminho C - Naive Bayes Gaussiano,0.892468134414832,0.94792142530836,4.049699516684362e-100
path_c,Caminho C - Naive Bayes Gaussiano,0.892468134414832,0.9481498401096391,3.37976203003422e-100
path_c,Caminho C - Naive Bayes Gaussiano,0.8926998841251449,0.9481498401096391,3.336323966706591e-100
path_c,Caminho C - Naive Bayes Gaussiano,0.8926998841251449,0.9483782549109182,3.2929450756430753e-100
path_c,Caminho C - Naive Bayes Gaussiano,0.8938586326767092,0.9483782549109182,2.433254543791052e-100
path_c,Caminho C - Naive Bayes Gaussiano,0.8938586326767092,0.9486066697121973,1.8792031342462746e-100
path_c,Caminho C - Naive Bayes Gaussiano,0.894090382387022,0.9486066697121973,1.6548412606666316e-100
path_c,Caminho C - Naive Bayes Gaussiano,0.894090382387022,0.9492919141160348,4.5800607400305617e-101
path_c,Caminho C - Naive Bayes Gaussiano,0.8945538818076477,0.9492919141160348,2.8961742261340354e-101
path_c,Caminho C - Naive Bayes Gaussiano,0.8945538818076477,0.9495203289173139,8.297167460943457e-102
path_c,Caminho C - Naive Bayes Gaussiano,0.8947856315179606,0.9495203289173139,5.645004894838799e-102
path_c,Caminho C - Naive Bayes Gaussiano,0.8947856315179606,0.9502055733211512,1.6422679288374347e-102
path_c,Caminho C - Naive Bayes Gaussiano,0.8950173812282735,0.9502055733211512,1.3615690024129115e-102
path_c,Caminho C - Naive Bayes Gaussiano,0.8950173812282735,0.9504339881224303,9.745864843204795e-103
path_c,Caminho C - Naive Bayes Gaussiano,0.8954808806488992,0.9504339881224303,8.208613618286642e-103
path_c,Caminho C - Naive Bayes Gaussiano,0.8954808806488992,0.9506624029237094,7.456791808331343e-103
path_c,Caminho C - Naive Bayes Gaussiano,0.8966396292004635,0.9506624029237094,4.2089005931776276e-103
path_c,Caminho C - Naive Bayes Gaussiano,0.8966396292004635,0.9508908177249886,3.184661104492783e-103
path_c,Caminho C - Naive Bayes Gaussiano,0.8975666280417149,0.9508908177249886,1.6806392137286401e-103
path_c,Caminho C - Naive Bayes Gaussiano,0.8975666280417149,0.9511192325262677,1.067795579136879e-103
path_c,Caminho C - Naive Bayes Gaussiano,0.8996523754345307,0.9511192325262677,8.798061124315055e-106
path_c,Caminho C - Naive Bayes Gaussiano,0.8996523754345307,0.951576062128826,5.279118264246603e-106
path_c,Caminho C - Naive Bayes Gaussiano,0.9001158748551564,0.951576062128826,6.902574614386814e-107
path_c,Caminho C - Naive Bayes Gaussiano,0.9001158748551564,0.9518044769301051,6.830912472065217e-107
path_c,Caminho C - Naive Bayes Gaussiano,0.9003476245654692,0.9518044769301051,6.52957631056713e-107
path_c,Caminho C - Naive Bayes Gaussiano,0.9003476245654692,0.9520328917313842,2.917971052225974e-107
path_c,Caminho C - Naive Bayes Gaussiano,0.9019698725376594,0.9520328917313842,5.755521434120651e-109
path_c,Caminho C - Naive Bayes Gaussiano,0.9019698725376594,0.9522613065326633,5.461078488027774e-109
path_c,Caminho C - Naive Bayes Gaussiano,0.9024333719582851,0.9522613065326633,3.425903413663464e-109
path_c,Caminho C - Naive Bayes Gaussiano,0.9024333719582851,0.9529465509365007,2.1160789307178432e-109
path_c,Caminho C - Naive Bayes Gaussiano,0.9026651216685979,0.9529465509365007,1.5352792806672092e-109
path_c,Caminho C - Naive Bayes Gaussiano,0.9026651216685979,0.9531749657377798,1.3551379238348208e-109
path_c,Caminho C - Naive Bayes Gaussiano,0.9031286210892236,0.9531749657377798,1.204918880782552e-109
path_c,Caminho C - Naive Bayes Gaussiano,0.9031286210892236,0.9545454545454546,4.797669974425615e-110
path_c,Caminho C - Naive Bayes Gaussiano,0.9035921205098494,0.9545454545454546,3.90944401793919e-110
path_c,Caminho C - Naive Bayes Gaussiano,0.9035921205098494,0.9550022841480128,3.659868479319453e-110
path_c,Caminho C - Naive Bayes Gaussiano,0.9038238702201622,0.9550022841480128,3.2929987563768323e-110
path_c,Caminho C - Naive Bayes Gaussiano,0.9038238702201622,0.955459113750571,2.927682264676459e-110
path_c,Caminho C - Naive Bayes Gaussiano,0.9042873696407879,0.955459113750571,2.019907047404455e-110
path_c,Caminho C - Naive Bayes Gaussiano,0.9042873696407879,0.9559159433531292,1.7270045234647767e-110
path_c,Caminho C - Naive Bayes Gaussiano,0.9047508690614137,0.9559159433531292,1.249482819489806e-110
path_c,Caminho C - Naive Bayes Gaussiano,0.9047508690614137,0.9575148469620831,6.227296068944364e-111
path_c,Caminho C - Naive Bayes Gaussiano,0.9049826187717266,0.9575148469620831,5.9512210497611686e-111
path_c,Caminho C - Naive Bayes Gaussiano,0.9049826187717266,0.9579716765646414,5.434595184705425e-111
path_c,Caminho C - Naive Bayes Gaussiano,0.9052143684820394,0.9579716765646414,5.3834045617087165e-111
path_c,Caminho C - Naive Bayes Gaussiano,0.9052143684820394,0.9582000913659205,5.35727332031293e-111
path_c,Caminho C - Naive Bayes Gaussiano,0.9056778679026651,0.9582000913659205,3.79154358780689e-111
path_c,Caminho C - Naive Bayes Gaussiano,0.9056778679026651,0.9584285061671997,3.3937890513840824e-111
path_c,Caminho C - Naive Bayes Gaussiano,0.905909617612978,0.9584285061671997,3.268410206691119e-111
path_c,Caminho C - Naive Bayes Gaussiano,0.905909617612978,0.9586569209684788,2.3277779543957173e-111
path_c,Caminho C - Naive Bayes Gaussiano,0.9063731170336037,0.9586569209684788,1.9607669980560737e-111
path_c,Caminho C - Naive Bayes Gaussiano,0.9063731170336037,0.959113750571037,1.6581649437339045e-111
path_c,Caminho C - Naive Bayes Gaussiano,0.9066048667439166,0.959113750571037,1.4334386112632115e-111
path_c,Caminho C - Naive Bayes Gaussiano,0.9066048667439166,0.9597989949748744,1.059704430605363e-111
path_c,Caminho C - Naive Bayes Gaussiano,0.9070683661645423,0.9597989949748744,8.350305999241012e-112
path_c,Caminho C - Naive Bayes Gaussiano,0.9070683661645423,0.9600274097761535,8.337139428172319e-112
path_c,Caminho C - Naive Bayes Gaussiano,0.9075318655851681,0.9600274097761535,6.564677762318696e-112
path_c,Caminho C - Naive Bayes Gaussiano,0.9075318655851681,0.9604842393787117,4.493678408481393e-112
path_c,Caminho C - Naive Bayes Gaussiano,0.9077636152954809,0.9604842393787117,4.251116072816411e-112
path_c,Caminho C - Naive Bayes Gaussiano,0.9077636152954809,0.9613978985838282,3.690384578336929e-112
path_c,Caminho C - Naive Bayes Gaussiano,0.9082271147161066,0.9613978985838282,3.272838649512288e-112
path_c,Caminho C - Naive Bayes Gaussiano,0.9082271147161066,0.9616263133851074,3.2146474153047206e-112
path_c,Caminho C - Naive Bayes Gaussiano,0.9096176129779838,0.9616263133851074,1.8480084146429554e-112
path_c,Caminho C - Naive Bayes Gaussiano,0.9096176129779838,0.9618547281863865,1.6481477019054868e-112
path_c,Caminho C - Naive Bayes Gaussiano,0.9114716106604867,0.9618547281863865,5.503063333623166e-113
path_c,Caminho C - Naive Bayes Gaussiano,0.9114716106604867,0.9620831429876656,4.900389205559782e-113
path_c,Caminho C - Naive Bayes Gaussiano,0.9123986095017381,0.9620831429876656,3.7337442382516204e-113
path_c,Caminho C - Naive Bayes Gaussiano,0.9123986095017381,0.9623115577889447,3.177378534314714e-113
path_c,Caminho C - Naive Bayes Gaussiano,0.9147161066048668,0.9623115577889447,3.4778431072927e-114
path_c,Caminho C - Naive Bayes Gaussiano,0.9147161066048668,0.9625399725902238,2.5009597993894566e-114
path_c,Caminho C - Naive Bayes Gaussiano,0.9151796060254924,0.9625399725902238,2.2145039954222218e-114
path_c,Caminho C - Naive Bayes Gaussiano,0.9151796060254924,0.9627683873915029,2.179332746860706e-114
path_c,Caminho C - Naive Bayes Gaussiano,0.9156431054461182,0.9627683873915029,9.649030612449396e-115
path_c,Caminho C - Naive Bayes Gaussiano,0.9156431054461182,0.962996802192782,7.061248576263102e-115
path_c,Caminho C - Naive Bayes Gaussiano,0.9168018539976825,0.962996802192782,3.6243374515631053e-115
path_c,Caminho C - Naive Bayes Gaussiano,0.9168018539976825,0.9634536317953404,2.430679243190886e-115
path_c,Caminho C - Naive Bayes Gaussiano,0.9170336037079954,0.9634536317953404,2.376610627889532e-115
path_c,Caminho C - Naive Bayes Gaussiano,0.9170336037079954,0.9639104613978986,1.9067063333042298e-115
path_c,Caminho C - Naive Bayes Gaussiano,0.9186558516801854,0.9639104613978986,1.4325210025240723e-116
path_c,Caminho C - Naive Bayes Gaussiano,0.9186558516801854,0.9641388761991777,1.2728309627924322e-116
path_c,Caminho C - Naive Bayes Gaussiano,0.9195828505214368,0.9641388761991777,6.442601337230522e-117
path_c,Caminho C - Naive Bayes Gaussiano,0.9195828505214368,0.9645957058017359,4.111510533352195e-117
path_c,Caminho C - Naive Bayes Gaussiano,0.9205098493626883,0.9645957058017359,1.4744377162091805e-117
path_c,Caminho C - Naive Bayes Gaussiano,0.9205098493626883,0.964824120603015,5.9176437326522195e-118
path_c,Caminho C - Naive Bayes Gaussiano,0.9207415990730011,0.964824120603015,5.614061551118032e-118
path_c,Caminho C - Naive Bayes Gaussiano,0.9207415990730011,0.9668798538145272,1.1941520991506692e-118
path_c,Caminho C - Naive Bayes Gaussiano,0.9212050984936269,0.9668798538145272,1.087189327916997e-118
path_c,Caminho C - Naive Bayes Gaussiano,0.9212050984936269,0.9673366834170855,9.491343323247492e-119
path_c,Caminho C - Naive Bayes Gaussiano,0.9214368482039398,0.9673366834170855,7.023352564545892e-119
path_c,Caminho C - Naive Bayes Gaussiano,0.9214368482039398,0.968478757423481,2.7437608876831683e-119
path_c,Caminho C - Naive Bayes Gaussiano,0.9223638470451911,0.968478757423481,4.0148425904455544e-120
path_c,Caminho C - Naive Bayes Gaussiano,0.9223638470451911,0.9689355870260393,1.864351742324414e-120
path_c,Caminho C - Naive Bayes Gaussiano,0.9225955967555041,0.9689355870260393,1.3200201606216657e-120
path_c,Caminho C - Naive Bayes Gaussiano,0.9225955967555041,0.9691640018273184,7.520473524327985e-121
path_c,Caminho C - Naive Bayes Gaussiano,0.9228273464658169,0.9691640018273184,7.089882617711961e-121
path_c,Caminho C - Naive Bayes Gaussiano,0.9228273464658169,0.9696208314298767,4.009937962499878e-121
path_c,Caminho C - Naive Bayes Gaussiano,0.9230590961761298,0.9696208314298767,3.1756920849258075e-121
path_c,Caminho C - Naive Bayes Gaussiano,0.9230590961761298,0.9698492462311558,2.1309166250640757e-121
path_c,Caminho C - Naive Bayes Gaussiano,0.9232908458864426,0.9698492462311558,2.102845789393271e-121
path_c,Caminho C - Naive Bayes Gaussiano,0.9232908458864426,0.9700776610324349,1.552992273437907e-121
path_c,Caminho C - Naive Bayes Gaussiano,0.9237543453070683,0.9700776610324349,7.757895761237151e-122
path_c,Caminho C - Naive Bayes Gaussiano,0.9237543453070683,0.970306075833714,7.416287521147271e-122
path_c,Caminho C - Naive Bayes Gaussiano,0.9239860950173813,0.970306075833714,5.424412608873576e-122
path_c,Caminho C - Naive Bayes Gaussiano,0.9239860950173813,0.9705344906349932,5.045928611543807e-122
path_c,Caminho C - Naive Bayes Gaussiano,0.924449594438007,0.9705344906349932,4.3315828301065375e-122
path_c,Caminho C - Naive Bayes Gaussiano,0.924449594438007,0.9714481498401096,1.6825239458784148e-122
path_c,Caminho C - Naive Bayes Gaussiano,0.9253765932792584,0.9714481498401096,1.0028425790595522e-122
path_c,Caminho C - Naive Bayes Gaussiano,0.9253765932792584,0.9716765646413887,9.33116562084808e-123
path_c,Caminho C - Naive Bayes Gaussiano,0.9258400926998841,0.9716765646413887,5.631213095826375e-123
path_c,Caminho C - Naive Bayes Gaussiano,0.9258400926998841,0.9719049794426678,5.2596209824818664e-123
path_c,Caminho C - Naive Bayes Gaussiano,0.9265353418308228,0.9719049794426678,3.2363655617119215e-123
path_c,Caminho C - Naive Bayes Gaussiano,0.9265353418308228,0.9725902238465053,1.0816221021951976e-123
path_c,Caminho C - Naive Bayes Gaussiano,0.9267670915411356,0.9725902238465053,9.994488362019372e-124
path_c,Caminho C - Naive Bayes Gaussiano,0.9267670915411356,0.9728186386477844,9.95284824798858e-124
path_c,Caminho C - Naive Bayes Gaussiano,0.9269988412514485,0.9728186386477844,9.62811124963751e-124
path_c,Caminho C - Naive Bayes Gaussiano,0.9269988412514485,0.9730470534490635,8.839676173012787e-124
path_c,Caminho C - Naive Bayes Gaussiano,0.9274623406720741,0.9730470534490635,8.225699238570479e-124
path_c,Caminho C - Naive Bayes Gaussiano,0.9274623406720741,0.9732754682503426,7.098500169109512e-124
path_c,Caminho C - Naive Bayes Gaussiano,0.9281575898030128,0.9732754682503426,3.974011732295055e-124
path_c,Caminho C - Naive Bayes Gaussiano,0.9281575898030128,0.9735038830516217,3.792543910231601e-124
path_c,Caminho C - Naive Bayes Gaussiano,0.9283893395133256,0.9735038830516217,3.059424203542823e-124
path_c,Caminho C - Naive Bayes Gaussiano,0.9283893395133256,0.9737322978529008,2.715938573330062e-124
path_c,Caminho C - Naive Bayes Gaussiano,0.9288528389339513,0.9737322978529008,2.1638670361951795e-124
path_c,Caminho C - Naive Bayes Gaussiano,0.9288528389339513,0.9739607126541799,1.8447361949680746e-124
path_c,Caminho C - Naive Bayes Gaussiano,0.9290845886442642,0.9739607126541799,1.7540836547738505e-124
path_c,Caminho C - Naive Bayes Gaussiano,0.9290845886442642,0.9741891274554592,1.6993268512796806e-124
path_c,Caminho C - Naive Bayes Gaussiano,0.9297798377752028,0.9741891274554592,1.2706421838635935e-124
path_c,Caminho C - Naive Bayes Gaussiano,0.9297798377752028,0.9746459570580174,1.0211646386572081e-124
path_c,Caminho C - Naive Bayes Gaussiano,0.9302433371958285,0.9746459570580174,9.340668697919756e-125
path_c,Caminho C - Naive Bayes Gaussiano,0.9302433371958285,0.9751027866605756,7.919808979700703e-125
path_c,Caminho C - Naive Bayes Gaussiano,0.9304750869061413,0.9751027866605756,6.808216961048095e-125
path_c,Caminho C - Naive Bayes Gaussiano,0.9304750869061413,0.9753312014618547,6.74938107148015e-125
path_c,Caminho C - Naive Bayes Gaussiano,0.9309385863267671,0.9753312014618547,5.276403292458197e-125
path_c,Caminho C - Naive Bayes Gaussiano,0.9309385863267671,0.9757880310644129,4.4452296498837756e-125
path_c,Caminho C - Naive Bayes Gaussiano,0.9320973348783314,0.9757880310644129,2.220355367173203e-125
path_c,Caminho C - Naive Bayes Gaussiano,0.9320973348783314,0.9760164458656921,2.126385253994583e-125
path_c,Caminho C - Naive Bayes Gaussiano,0.9325608342989571,0.9760164458656921,1.3662169874421454e-125
path_c,Caminho C - Naive Bayes Gaussiano,0.9325608342989571,0.9764732754682504,1.0145443403684378e-125
path_c,Caminho C - Naive Bayes Gaussiano,0.9332560834298957,0.9764732754682504,8.294137104413674e-126
path_c,Caminho C - Naive Bayes Gaussiano,0.9332560834298957,0.9767016902695295,7.312474136917211e-126
path_c,Caminho C - Naive Bayes Gaussiano,0.9339513325608343,0.9767016902695295,4.8768427764708246e-126
path_c,Caminho C - Naive Bayes Gaussiano,0.9339513325608343,0.9769301050708086,4.85420901923909e-126
path_c,Caminho C - Naive Bayes Gaussiano,0.9341830822711472,0.9769301050708086,4.8378290383230775e-126
path_c,Caminho C - Naive Bayes Gaussiano,0.9341830822711472,0.9771585198720877,4.202489397433534e-126
path_c,Caminho C - Naive Bayes Gaussiano,0.9346465816917728,0.9771585198720877,2.6634160664049036e-126
path_c,Caminho C - Naive Bayes Gaussiano,0.9346465816917728,0.9773869346733668,2.6571476441899767e-126
path_c,Caminho C - Naive Bayes Gaussiano,0.9348783314020858,0.9773869346733668,2.548927990955251e-126
path_c,Caminho C - Naive Bayes Gaussiano,0.9348783314020858,0.977615349474646,1.6372142342766294e-126
path_c,Caminho C - Naive Bayes Gaussiano,0.9351100811123986,0.977615349474646,1.5260070882805722e-126
path_c,Caminho C - Naive Bayes Gaussiano,0.9351100811123986,0.9778437642759251,1.1486305631014618e-126
path_c,Caminho C - Naive Bayes Gaussiano,0.9358053302433372,0.9778437642759251,3.3400690028469355e-127
path_c,Caminho C - Naive Bayes Gaussiano,0.9358053302433372,0.9780721790772042,3.10410975699612e-127
path_c,Caminho C - Naive Bayes Gaussiano,0.9374275782155272,0.9780721790772042,2.126187260780598e-129
path_c,Caminho C - Naive Bayes Gaussiano,0.9374275782155272,0.9783005938784833,1.6244679104067177e-129
path_c,Caminho C - Naive Bayes Gaussiano,0.937891077636153,0.9783005938784833,2.120886232792303e-130
path_c,Caminho C - Naive Bayes Gaussiano,0.937891077636153,0.9785290086797624,1.833658386818482e-130
path_c,Caminho C - Naive Bayes Gaussiano,0.9381228273464658,0.9785290086797624,9.786692446479674e-131
path_c,Caminho C - Naive Bayes Gaussiano,0.9381228273464658,0.9787574234810416,4.51589217890966e-131
path_c,Caminho C - Naive Bayes Gaussiano,0.9390498261877173,0.9787574234810416,2.135180198602731e-131
path_c,Caminho C - Naive Bayes Gaussiano,0.9390498261877173,0.9792142530835998,1.486683046519283e-131
path_c,Caminho C - Naive Bayes Gaussiano,0.9397450753186558,0.9792142530835998,9.509863309459635e-132
path_c,Caminho C - Naive Bayes Gaussiano,0.9397450753186558,0.979442667884879,7.841142667764076e-132
path_c,Caminho C - Naive Bayes Gaussiano,0.9399768250289687,0.979442667884879,7.643110378719074e-132
path_c,Caminho C - Naive Bayes Gaussiano,0.9399768250289687,0.9796710826861581,7.582266110619599e-132
path_c,Caminho C - Naive Bayes Gaussiano,0.9415990730011587,0.9796710826861581,5.81149484917516e-133
path_c,Caminho C - Naive Bayes Gaussiano,0.9415990730011587,0.9798994974874372,5.518007096275545e-133
path_c,Caminho C - Naive Bayes Gaussiano,0.9422943221320973,0.9798994974874372,3.1796582926038233e-133
path_c,Caminho C - Naive Bayes Gaussiano,0.9422943221320973,0.9801279122887163,2.3856730119733144e-133
path_c,Caminho C - Naive Bayes Gaussiano,0.9425260718424102,0.9801279122887163,2.0152632315085205e-133
path_c,Caminho C - Naive Bayes Gaussiano,0.9425260718424102,0.9803563270899954,1.7555910331712554e-133
path_c,Caminho C - Naive Bayes Gaussiano,0.942757821552723,0.9803563270899954,1.2604605615715145e-133
path_c,Caminho C - Naive Bayes Gaussiano,0.942757821552723,0.9805847418912745,1.1524871696673031e-133
path_c,Caminho C - Naive Bayes Gaussiano,0.9434530706836617,0.9805847418912745,8.562584068993037e-134
path_c,Caminho C - Naive Bayes Gaussiano,0.9434530706836617,0.9810415714938328,6.985290290450484e-134
path_c,Caminho C - Naive Bayes Gaussiano,0.9460023174971032,0.9810415714938328,1.4622758126498514e-135
path_c,Caminho C - Naive Bayes Gaussiano,0.9460023174971032,0.981269986295112,6.8191782724118796e-136
path_c,Caminho C - Naive Bayes Gaussiano,0.946234067207416,0.981269986295112,4.617321368248236e-136
path_c,Caminho C - Naive Bayes Gaussiano,0.946234067207416,0.9814984010963911,4.513888037392762e-136
path_c,Caminho C - Naive Bayes Gaussiano,0.9464658169177289,0.9814984010963911,2.003225317125756e-136
path_c,Caminho C - Naive Bayes Gaussiano,0.9464658169177289,0.9817268158976702,1.4069966616143483e-136
path_c,Caminho C - Naive Bayes Gaussiano,0.9476245654692932,0.9817268158976702,4.5303276201602e-138
path_c,Caminho C - Naive Bayes Gaussiano,0.9476245654692932,0.9819552306989493,6.866662657690867e-139
path_c,Caminho C - Naive Bayes Gaussiano,0.947856315179606,0.9819552306989493,5.382315121439467e-139
path_c,Caminho C - Naive Bayes Gaussiano,0.947856315179606,0.9833257195066241,5.416762592601118e-140
path_c,Caminho C - Naive Bayes Gaussiano,0.9480880648899189,0.9833257195066241,5.340603656290016e-140
path_c,Caminho C - Naive Bayes Gaussiano,0.9480880648899189,0.985153037916857,6.936192552916507e-141
path_c,Caminho C - Naive Bayes Gaussiano,0.9487833140208575,0.985153037916857,3.1545375119194495e-141
path_c,Caminho C - Naive Bayes Gaussiano,0.9487833140208575,0.9853814527181362,3.109584162779274e-141
path_c,Caminho C - Naive Bayes Gaussiano,0.9492468134414832,0.9853814527181362,2.6565167636399307e-141
path_c,Caminho C - Naive Bayes Gaussiano,0.9492468134414832,0.9858382823206944,1.949685993104427e-141
path_c,Caminho C - Naive Bayes Gaussiano,0.9499420625724218,0.9858382823206944,1.0509451617993134e-141
path_c,Caminho C - Naive Bayes Gaussiano,0.9499420625724218,0.9860666971219735,8.420835721982911e-142
path_c,Caminho C - Naive Bayes Gaussiano,0.9506373117033604,0.9860666971219735,2.7780255084944132e-142
path_c,Caminho C - Naive Bayes Gaussiano,0.9506373117033604,0.9862951119232526,2.1160377758157507e-142
path_c,Caminho C - Naive Bayes Gaussiano,0.9522595596755504,0.9862951119232526,5.132530784283612e-143
path_c,Caminho C - Naive Bayes Gaussiano,0.9522595596755504,0.9865235267245317,4.527170628041679e-143
path_c,Caminho C - Naive Bayes Gaussiano,0.9543453070683662,0.9865235267245317,4.957463718086115e-145
path_c,Caminho C - Naive Bayes Gaussiano,0.9543453070683662,0.9867519415258109,3.1477248024332638e-145
path_c,Caminho C - Naive Bayes Gaussiano,0.9550405561993047,0.9867519415258109,1.940118904597452e-145
path_c,Caminho C - Naive Bayes Gaussiano,0.9550405561993047,0.98698035632709,1.8102491877518724e-145
path_c,Caminho C - Naive Bayes Gaussiano,0.9555040556199305,0.98698035632709,1.006904997451622e-145
path_c,Caminho C - Naive Bayes Gaussiano,0.9555040556199305,0.9878940155322065,2.21953917134775e-146
path_c,Caminho C - Naive Bayes Gaussiano,0.9566628041714947,0.9878940155322065,4.233149652626324e-148
path_c,Caminho C - Naive Bayes Gaussiano,0.9566628041714947,0.9885792599360439,2.089894672417599e-148
path_c,Caminho C - Naive Bayes Gaussiano,0.9568945538818077,0.9885792599360439,1.886641644195223e-148
path_c,Caminho C - Naive Bayes Gaussiano,0.9568945538818077,0.988807674737323,1.057101650800846e-148
path_c,Caminho C - Naive Bayes Gaussiano,0.9571263035921205,0.988807674737323,8.485288378431721e-149
path_c,Caminho C - Naive Bayes Gaussiano,0.9571263035921205,0.9890360895386021,5.862888416104071e-149
path_c,Caminho C - Naive Bayes Gaussiano,0.9573580533024334,0.9890360895386021,5.620913725364736e-149
path_c,Caminho C - Naive Bayes Gaussiano,0.9573580533024334,0.9894929191411603,4.4950779148795445e-149
path_c,Caminho C - Naive Bayes Gaussiano,0.9582850521436849,0.9894929191411603,1.230528670313805e-149
path_c,Caminho C - Naive Bayes Gaussiano,0.9582850521436849,0.9897213339424394,9.52366015537518e-150
path_c,Caminho C - Naive Bayes Gaussiano,0.9589803012746234,0.9897213339424394,9.556592158133633e-151
path_c,Caminho C - Naive Bayes Gaussiano,0.9589803012746234,0.9899497487437185,9.379272407223998e-151
path_c,Caminho C - Naive Bayes Gaussiano,0.9601390498261877,0.9899497487437185,5.9869046440996284e-152
path_c,Caminho C - Naive Bayes Gaussiano,0.9601390498261877,0.9901781635449978,2.4495704844650603e-152
path_c,Caminho C - Naive Bayes Gaussiano,0.9606025492468134,0.9901781635449978,2.3656267570411888e-153
path_c,Caminho C - Naive Bayes Gaussiano,0.9606025492468134,0.9904065783462769,2.0716358103417814e-153
path_c,Caminho C - Naive Bayes Gaussiano,0.9608342989571264,0.9904065783462769,2.006067072701449e-153
path_c,Caminho C - Naive Bayes Gaussiano,0.9608342989571264,0.9910918227501142,4.042235226097865e-154
path_c,Caminho C - Naive Bayes Gaussiano,0.9619930475086906,0.9910918227501142,3.0707243903162123e-155
path_c,Caminho C - Naive Bayes Gaussiano,0.9619930475086906,0.9913202375513933,2.79410500111593e-155
path_c,Caminho C - Naive Bayes Gaussiano,0.9622247972190034,0.9913202375513933,2.2303877095188187e-155
path_c,Caminho C - Naive Bayes Gaussiano,0.9622247972190034,0.9917770671539515,7.88149015668031e-156
path_c,Caminho C - Naive Bayes Gaussiano,0.9626882966396292,0.9917770671539515,3.633395766759554e-156
path_c,Caminho C - Naive Bayes Gaussiano,0.9626882966396292,0.9926907263590681,4.284940166245412e-158
path_c,Caminho C - Naive Bayes Gaussiano,0.9638470451911935,0.9926907263590681,8.051876998407905e-160
path_c,Caminho C - Naive Bayes Gaussiano,0.9638470451911935,0.9929191411603472,3.629465544651004e-161
path_c,Caminho C - Naive Bayes Gaussiano,0.9645422943221321,0.9929191411603472,7.085679973507106e-162
path_c,Caminho C - Naive Bayes Gaussiano,0.9645422943221321,0.9933759707629054,1.854819437388132e-163
path_c,Caminho C - Naive Bayes Gaussiano,0.9647740440324449,0.9933759707629054,9.004696006864333e-164
path_c,Caminho C - Naive Bayes Gaussiano,0.9647740440324449,0.9936043855641845,7.626571944335174e-164
path_c,Caminho C - Naive Bayes Gaussiano,0.9652375434530707,0.9936043855641845,4.094974761740528e-166
path_c,Caminho C - Naive Bayes Gaussiano,0.9652375434530707,0.9938328003654637,2.0376773017472218e-166
path_c,Caminho C - Naive Bayes Gaussiano,0.9657010428736964,0.9938328003654637,5.4137901664016245e-167
path_c,Caminho C - Naive Bayes Gaussiano,0.9657010428736964,0.994289629968022,6.085100116050523e-168
path_c,Caminho C - Naive Bayes Gaussiano,0.9659327925840093,0.994289629968022,4.941569364432553e-168
path_c,Caminho C - Naive Bayes Gaussiano,0.9659327925840093,0.9947464595705802,1.1945552843131396e-168
path_c,Caminho C - Naive Bayes Gaussiano,0.966396292004635,0.9947464595705802,3.480813321664178e-169
path_c,Caminho C - Naive Bayes Gaussiano,0.966396292004635,0.9954317039744175,5.262223634215793e-170
path_c,Caminho C - Naive Bayes Gaussiano,0.9666280417149479,0.9954317039744175,2.7947588824365833e-170
path_c,Caminho C - Naive Bayes Gaussiano,0.9666280417149479,0.9956601187756967,2.2752911601216376e-170
path_c,Caminho C - Naive Bayes Gaussiano,0.9670915411355736,0.9956601187756967,1.9863668071407975e-170
path_c,Caminho C - Naive Bayes Gaussiano,0.9670915411355736,0.9958885335769758,1.8000672870843433e-170
path_c,Caminho C - Naive Bayes Gaussiano,0.9724217844727694,0.9958885335769758,1.7046378455392587e-178
path_c,Caminho C - Naive Bayes Gaussiano,0.9724217844727694,0.9961169483782549,1.5113715189541936e-178
path_c,Caminho C - Naive Bayes Gaussiano,0.9738122827346466,0.9961169483782549,6.582688801401135e-181
path_c,Caminho C - Naive Bayes Gaussiano,0.9738122827346466,0.996345363179534,7.164961168044159e-183
path_c,Caminho C - Naive Bayes Gaussiano,0.9752027809965238,0.996345363179534,6.851375232147609e-185
path_c,Caminho C - Naive Bayes Gaussiano,0.9752027809965238,0.9968021927820923,2.0183577525386163e-185
path_c,Caminho C - Naive Bayes Gaussiano,0.9754345307068366,0.9968021927820923,1.8526653189207043e-185
path_c,Caminho C - Naive Bayes Gaussiano,0.9754345307068366,0.9970306075833714,5.673196861902237e-186
path_c,Caminho C - Naive Bayes Gaussiano,0.9756662804171495,0.9970306075833714,8.456330571343775e-187
path_c,Caminho C - Naive Bayes Gaussiano,0.9756662804171495,0.9972590223846505,5.977906370599113e-187
path_c,Caminho C - Naive Bayes Gaussiano,0.9758980301274623,0.9972590223846505,2.0078043953135322e-187
path_c,Caminho C - Naive Bayes Gaussiano,0.9758980301274623,0.9974874371859297,1.8081953175541732e-187
path_c,Caminho C - Naive Bayes Gaussiano,0.9768250289687138,0.9974874371859297,2.715674699319289e-188
path_c,Caminho C - Naive Bayes Gaussiano,0.9768250289687138,0.9977158519872088,5.789833371127961e-189
path_c,Caminho C - Naive Bayes Gaussiano,0.9779837775202781,0.9977158519872088,7.791387502098524e-190
path_c,Caminho C - Naive Bayes Gaussiano,0.9779837775202781,0.9979442667884879,4.080497167589186e-190
path_c,Caminho C - Naive Bayes Gaussiano,0.9784472769409038,0.9979442667884879,8.675298236272791e-191
path_c,Caminho C - Naive Bayes Gaussiano,0.9784472769409038,0.998172681589767,5.189290073950771e-191
path_c,Caminho C - Naive Bayes Gaussiano,0.9786790266512166,0.998172681589767,4.2955190761173555e-191
path_c,Caminho C - Naive Bayes Gaussiano,0.9786790266512166,0.9986295111923252,7.09844905127942e-192
path_c,Caminho C - Naive Bayes Gaussiano,0.9791425260718424,0.9986295111923252,2.1667135370566365e-192
path_c,Caminho C - Naive Bayes Gaussiano,0.9791425260718424,0.9988579259936043,4.786906141675751e-193
path_c,Caminho C - Naive Bayes Gaussiano,0.9830822711471611,0.9988579259936043,9.873694927252697e-209
path_c,Caminho C - Naive Bayes Gaussiano,0.9830822711471611,0.9990863407948835,8.207875520579793e-209
path_c,Caminho C - Naive Bayes Gaussiano,0.9853997682502897,0.9990863407948835,1.1301469790441063e-218
path_c,Caminho C - Naive Bayes Gaussiano,0.9853997682502897,0.9995431703974418,5.779039917642042e-223
path_c,Caminho C - Naive Bayes Gaussiano,0.9891077636152955,0.9995431703974418,2.8747606129134574e-275
path_c,Caminho C - Naive Bayes Gaussiano,0.9891077636152955,1.0,1.0361177646088484e-276
path_c,Caminho C - Naive Bayes Gaussiano,0.9918887601390498,1.0,5e-323
path_c,Caminho C - Naive Bayes Gaussiano,1.0,1.0,0.0
