experiment_id,experiment_label,fpr,tpr,threshold
path_b,Caminho B - Floresta Aleatória,0.0,0.0,inf
path_b,Caminho B - Floresta Aleatória,0.0006952491309385864,0.1368204659661946,1.0
path_b,Caminho B - Floresta Aleatória,0.0006952491309385864,0.13704888076747374,0.9998748748748748
path_b,Caminho B - Floresta Aleatória,0.0006952491309385864,0.1377341251713111,0.9998677248677248
path_b,Caminho B - Floresta Aleatória,0.0006952491309385864,0.13933302878026496,0.9998638344226579
path_b,Caminho B - Floresta Aleatória,0.0006952491309385864,0.1395614435815441,0.9998597081930415
path_b,Caminho B - Floresta Aleatória,0.0006952491309385864,0.1404751027866606,0.9998456790123457
path_b,Caminho B - Floresta Aleatória,0.0006952491309385864,0.14138876199177708,0.9998403575989783
path_b,Caminho B - Floresta Aleatória,0.0006952491309385864,0.14184559159433532,0.9998346560846562
path_b,Caminho B - Floresta Aleatória,0.0006952491309385864,0.1436729100045683,0.9998219373219372
path_b,Caminho B - Floresta Aleatória,0.0006952491309385864,0.14435815440840566,0.9998070987654322
path_b,Caminho B - Floresta Aleatória,0.0006952491309385864,0.14550022841480129,0.9997987117552335
path_b,Caminho B - Floresta Aleatória,0.0006952491309385864,0.14595705801735953,0.9997895622895622
path_b,Caminho B - Floresta Aleatória,0.0006952491309385864,0.148698035632709,0.9997741644083107
path_b,Caminho B - Floresta Aleatória,0.0006952491309385864,0.1496116948378255,0.9997685185185184
path_b,Caminho B - Floresta Aleatória,0.0006952491309385864,0.1498401096391046,0.9997631903002747
path_b,Caminho B - Floresta Aleatória,0.0006952491309385864,0.15098218364550023,0.9997563352826511
path_b,Caminho B - Floresta Aleatória,0.0006952491309385864,0.15121059844677937,0.9997427983539096
path_b,Caminho B - Floresta Aleatória,0.0006952491309385864,0.15417999086340795,0.9997276688453159
path_b,Caminho B - Floresta Aleatória,0.0006952491309385864,0.15486523526724533,0.9997194163860831
path_b,Caminho B - Floresta Aleatória,0.0006952491309385864,0.15509365006852444,0.9997117080450414
path_b,Caminho B - Floresta Aleatória,0.0006952491309385864,0.15577889447236182,0.9997106481481481
path_b,Caminho B - Floresta Aleatória,0.0006952491309385864,0.15600730927364093,0.999709530959531
path_b,Caminho B - Floresta Aleatória,0.0006952491309385864,0.1566925536774783,0.9996913580246913
path_b,Caminho B - Floresta Aleatória,0.0006952491309385864,0.15692096847875742,0.9996910147077
path_b,Caminho B - Floresta Aleatória,0.0006952491309385864,0.1578346276838739,0.9996693121693122
path_b,Caminho B - Floresta Aleatória,0.0006952491309385864,0.15829145728643215,0.9996570644718793
path_b,Caminho B - Floresta Aleatória,0.0006952491309385864,0.15897670169026953,0.9996438746438746
path_b,Caminho B - Floresta Aleatória,0.0006952491309385864,0.15943353129282778,0.9996345029239767
path_b,Caminho B - Floresta Aleatória,0.0006952491309385864,0.16034719049794427,0.9996296296296298
path_b,Caminho B - Floresta Aleatória,0.0006952491309385864,0.16057560529922338,0.9996296296296295
path_b,Caminho B - Floresta Aleatória,0.0006952491309385864,0.16103243490178162,0.9996290360873694
path_b,Caminho B - Floresta Aleatória,0.0006952491309385864,0.16240292370945636,0.9995782532014417
path_b,Caminho B - Floresta Aleatória,0.0006952491309385864,0.16331658291457288,0.9995711500974659
path_b,Caminho B - Floresta Aleatória,0.0006952491309385864,0.16423024211968937,0.999541510109143
path_b,Caminho B - Floresta Aleatória,0.0006952491309385864,0.16491548652352672,0.9995370370370369
path_b,Caminho B - Floresta Aleatória,0.0006952491309385864,0.1658291457286432,0.9995039682539683
path_b,Caminho B - Floresta Aleatória,0.0006952491309385864,0.1667428049337597,0.9994961873638344
path_b,Caminho B - Floresta Aleatória,0.0006952491309385864,0.16697121973503884,0.999484004127967
path_b,Caminho B - Floresta Aleatória,0.0009269988412514484,0.16697121973503884,0.9994749538810841
path_b,Caminho B - Floresta Aleatória,0.0009269988412514484,0.16834170854271358,0.9994476933073424
path_b,Caminho B - Floresta Aleatória,0.0009269988412514484,0.16879853814527182,0.9994419245921459
path_b,Caminho B - Floresta Aleatória,0.0009269988412514484,0.16948378254910917,0.9994300645342312
path_b,Caminho B - Floresta Aleatória,0.0009269988412514484,0.16994061215166742,0.9994218042829154
path_b,Caminho B - Floresta Aleatória,0.0009269988412514484,0.17016902695294656,0.9994212962962963
path_b,Caminho B - Floresta Aleatória,0.0009269988412514484,0.1706258565555048,0.9994195236032467
path_b,Caminho B - Floresta Aleatória,0.0009269988412514484,0.1715395157606213,0.999386672997784
path_b,Caminho B - Floresta Aleatória,0.0009269988412514484,0.17199634536317954,0.9993831175896394
path_b,Caminho B - Floresta Aleatória,0.0009269988412514484,0.1726815897670169,0.9993823727323914
path_b,Caminho B - Floresta Aleatória,0.0009269988412514484,0.17359524897213338,0.9993308434484904
path_b,Caminho B - Floresta Aleatória,0.0009269988412514484,0.17405207857469163,0.9993302125655066
path_b,Caminho B - Floresta Aleatória,0.0009269988412514484,0.1754225673823664,0.9992798353909464
path_b,Caminho B - Floresta Aleatória,0.0009269988412514484,0.17679305619004113,0.9992647058823529
path_b,Caminho B - Floresta Aleatória,0.0009269988412514484,0.1786203746002741,0.9991753621526583
path_b,Caminho B - Floresta Aleatória,0.0009269988412514484,0.1795340338053906,0.9991616355122104
path_b,Caminho B - Floresta Aleatória,0.0009269988412514484,0.18501598903608954,0.9989639523783042
path_b,Caminho B - Floresta Aleatória,0.0009269988412514484,0.1857012334399269,0.9989608890121218
path_b,Caminho B - Floresta Aleatória,0.0009269988412514484,0.18935587026039288,0.9988377128775681
path_b,Caminho B - Floresta Aleatória,0.0009269988412514484,0.18981269986295113,0.9988127994400395
path_b,Caminho B - Floresta Aleatória,0.0009269988412514484,0.1936957514846962,0.9986362487632813
path_b,Caminho B - Floresta Aleatória,0.0009269988412514484,0.19438099588853358,0.9986350890633657
path_b,Caminho B - Floresta Aleatória,0.0009269988412514484,0.19483782549109183,0.9986109912966797
path_b,Caminho B - Floresta Aleatória,0.0009269988412514484,0.19529465509365007,0.9986062313960865
path_b,Caminho B - Floresta Aleatória,0.0009269988412514484,0.19597989949748743,0.9986020531400966
path_b,Caminho B - Floresta Aleatória,0.0011587485515643105,0.19597989949748743,0.9986006121935664
path_b,Caminho B - Floresta Aleatória,0.0011587485515643105,0.19826404751027868,0.9984926229891509
path_b,Caminho B - Floresta Aleatória,0.0011587485515643105,0.19872087711283692,0.9984842639356529
path_b,Caminho B - Floresta Aleatória,0.0011587485515643105,0.20351758793969849,0.9983361208306741
path_b,Caminho B - Floresta Aleatória,0.0011587485515643105,0.20397441754225673,0.9983340174736846
path_b,Caminho B - Floresta Aleatória,0.0011587485515643105,0.2046596619460941,0.9982715113528768
path_b,Caminho B - Floresta Aleatória,0.0011587485515643105,0.20511649154865236,0.9982703269176698
path_b,Caminho B - Floresta Aleatória,0.0011587485515643105,0.2067153951576062,0.9981398809523809
path_b,Caminho B - Floresta Aleatória,0.0011587485515643105,0.20717222476016445,0.9981261667543344
path_b,Caminho B - Floresta Aleatória,0.0011587485515643105,0.20740063956144358,0.9981194861920982
path_b,Caminho B - Floresta Aleatória,0.0011587485515643105,0.20785746916400183,0.9980936819172114
path_b,Caminho B - Floresta Aleatória,0.0011587485515643105,0.20877112836911832,0.9980485567268922
path_b,Caminho B - Floresta Aleatória,0.0011587485515643105,0.20922795797167656,0.9980285011499641
path_b,Caminho B - Floresta Aleatória,0.0011587485515643105,0.2094563727729557,0.9980220018104896
path_b,Caminho B - Floresta Aleatória,0.0011587485515643105,0.21014161717679306,0.9980200276677357
path_b,Caminho B - Floresta Aleatória,0.0011587485515643105,0.21219735038830517,0.9978715643505741
path_b,Caminho B - Floresta Aleatória,0.0011587485515643105,0.21265417999086342,0.9978537125953788
path_b,Caminho B - Floresta Aleatória,0.0013904982618771727,0.21265417999086342,0.9978510389329103
path_b,Caminho B - Floresta Aleatória,0.0013904982618771727,0.2144814984010964,0.9977205638125177
path_b,Caminho B - Floresta Aleatória,0.0016222479721900347,0.21493832800365464,0.997705623831876
path_b,Caminho B - Floresta Aleatória,0.0016222479721900347,0.21745089081772498,0.9975399514247554
path_b,Caminho B - Floresta Aleatória,0.0016222479721900347,0.21790772042028322,0.9975382128159906
path_b,Caminho B - Floresta Aleatória,0.0016222479721900347,0.21836455002284147,0.9975341684006266
path_b,Caminho B - Floresta Aleatória,0.0016222479721900347,0.21882137962539971,0.9975184390992337
path_b,Caminho B - Floresta Aleatória,0.0016222479721900347,0.2204202832343536,0.9973763503803258
path_b,Caminho B - Floresta Aleatória,0.0016222479721900347,0.22087711283691183,0.9973749771182469
path_b,Caminho B - Floresta Aleatória,0.0016222479721900347,0.22316126084970306,0.9972260159668297
path_b,Caminho B - Floresta Aleatória,0.0016222479721900347,0.2236180904522613,0.9972251324950369
path_b,Caminho B - Floresta Aleatória,0.0016222479721900347,0.2295568752855185,0.9966811813217042
path_b,Caminho B - Floresta Aleatória,0.0016222479721900347,0.23024211968935587,0.9966783296120526
path_b,Caminho B - Floresta Aleatória,0.0016222479721900347,0.23115577889447236,0.9966344395775076
path_b,Caminho B - Floresta Aleatória,0.0016222479721900347,0.23138419369575147,0.9966302456818228
path_b,Caminho B - Floresta Aleatória,0.0016222479721900347,0.23184102329830972,0.9966056534750728
path_b,Caminho B - Floresta Aleatória,0.0016222479721900347,0.23275468250342624,0.9965618712984896
path_b,Caminho B - Floresta Aleatória,0.0016222479721900347,0.23321151210598448,0.9965594263473935
path_b,Caminho B - Floresta Aleatória,0.0016222479721900347,0.2334399269072636,0.9965265201164996
path_b,Caminho B - Floresta Aleatória,0.0016222479721900347,0.23389675650982183,0.9965119424216898
path_b,Caminho B - Floresta Aleatória,0.0016222479721900347,0.23435358611238008,0.9965058110681285
path_b,Caminho B - Floresta Aleatória,0.0016222479721900347,0.23481041571493833,0.9964780994762115
path_b,Caminho B - Floresta Aleatória,0.0016222479721900347,0.23526724531749657,0.9964613427899339
path_b,Caminho B - Floresta Aleatória,0.0018539976825028969,0.2354956601187757,0.9964585520457738
path_b,Caminho B - Floresta Aleatória,0.0018539976825028969,0.2364093193238922,0.9963581005751491
path_b,Caminho B - Floresta Aleatória,0.0018539976825028969,0.23709456372772955,0.9963038781743394
path_b,Caminho B - Floresta Aleatória,0.0018539976825028969,0.2375513933302878,0.9962966205674539
path_b,Caminho B - Floresta Aleatória,0.0018539976825028969,0.23869346733668342,0.9961496371180709
path_b,Caminho B - Floresta Aleatória,0.002085747392815759,0.23869346733668342,0.9961237791358691
path_b,Caminho B - Floresta Aleatória,0.002085747392815759,0.24029237094563727,0.9959736887724304
path_b,Caminho B - Floresta Aleatória,0.002085747392815759,0.2407492005481955,0.9959463335152428
path_b,Caminho B - Floresta Aleatória,0.002085747392815759,0.24120603015075376,0.9959292070948417
path_b,Caminho B - Floresta Aleatória,0.002085747392815759,0.24189127455459114,0.9958829591612443
path_b,Caminho B - Floresta Aleatória,0.002085747392815759,0.24280493375970763,0.9958663008353947
path_b,Caminho B - Floresta Aleatória,0.002085747392815759,0.24394700776610323,0.9958136009461472
path_b,Caminho B - Floresta Aleatória,0.002085747392815759,0.2444038373686615,0.9957671489624939
path_b,Caminho B - Floresta Aleatória,0.002085747392815759,0.2446322521699406,0.9957465952391068
path_b,Caminho B - Floresta Aleatória,0.002085747392815759,0.2455459113750571,0.9957435629290978
path_b,Caminho B - Floresta Aleatória,0.002085747392815759,0.24760164458656922,0.9955619207559567
path_b,Caminho B - Floresta Aleatória,0.002085747392815759,0.24805847418912746,0.9955569726303402
path_b,Caminho B - Floresta Aleatória,0.002085747392815759,0.24874371859296482,0.995484100791736
path_b,Caminho B - Floresta Aleatória,0.002317497103128621,0.24897213339424396,0.9954678743776912
path_b,Caminho B - Floresta Aleatória,0.002317497103128621,0.25011420740063955,0.9953939494960153
path_b,Caminho B - Floresta Aleatória,0.0025492468134414832,0.25011420740063955,0.99535672247043
path_b,Caminho B - Floresta Aleatória,0.0025492468134414832,0.25125628140703515,0.9952039315450742
path_b,Caminho B - Floresta Aleatória,0.0025492468134414832,0.2517131110095934,0.995201151209783
path_b,Caminho B - Floresta Aleatória,0.0025492468134414832,0.25308359981726813,0.995076792602024
path_b,Caminho B - Floresta Aleatória,0.0025492468134414832,0.2535404294198264,0.9950460063332559
path_b,Caminho B - Floresta Aleatória,0.0025492468134414832,0.254682503426222,0.9948664739194991
path_b,Caminho B - Floresta Aleatória,0.0025492468134414832,0.2551393330287803,0.9948636178856505
path_b,Caminho B - Floresta Aleatória,0.0025492468134414832,0.25605299223389677,0.9947025593113291
path_b,Caminho B - Floresta Aleatória,0.0025492468134414832,0.256509821836455,0.9946629592611426
path_b,Caminho B - Floresta Aleatória,0.0025492468134414832,0.25788031064412975,0.9945373956833278
path_b,Caminho B - Floresta Aleatória,0.0025492468134414832,0.25833714024668797,0.9945185860871603
path_b,Caminho B - Floresta Aleatória,0.0025492468134414832,0.25902238465052535,0.9943690688357537
path_b,Caminho B - Floresta Aleatória,0.0025492468134414832,0.25993604385564184,0.9943519849962795
path_b,Caminho B - Floresta Aleatória,0.0025492468134414832,0.2638190954773869,0.993842891989548
path_b,Caminho B - Floresta Aleatória,0.0025492468134414832,0.2642759250799452,0.993839141413191
path_b,Caminho B - Floresta Aleatória,0.0025492468134414832,0.2647327546825034,0.9937891773280827
path_b,Caminho B - Floresta Aleatória,0.0025492468134414832,0.2651895842850617,0.9937763133474932
path_b,Caminho B - Floresta Aleatória,0.0025492468134414832,0.2654179990863408,0.9937705959944361
path_b,Caminho B - Floresta Aleatória,0.0025492468134414832,0.26724531749657376,0.9937337429280146
path_b,Caminho B - Floresta Aleatória,0.0025492468134414832,0.2693010507080859,0.9934359159804956
path_b,Caminho B - Floresta Aleatória,0.0025492468134414832,0.26998629511192324,0.993362635425091
path_b,Caminho B - Floresta Aleatória,0.0025492468134414832,0.2734125171311101,0.9927101601990128
path_b,Caminho B - Floresta Aleatória,0.0025492468134414832,0.27386934673366836,0.9926517896103296
path_b,Caminho B - Floresta Aleatória,0.0025492468134414832,0.2754682503426222,0.9924549977456111
path_b,Caminho B - Floresta Aleatória,0.0025492468134414832,0.27592507994518045,0.9924420460195528
path_b,Caminho B - Floresta Aleatória,0.0025492468134414832,0.27706715395157605,0.9923312001923271
path_b,Caminho B - Floresta Aleatória,0.0025492468134414832,0.2775239835541343,0.9922110849289567
path_b,Caminho B - Floresta Aleatória,0.0025492468134414832,0.2795797167656464,0.9919949152618588
path_b,Caminho B - Floresta Aleatória,0.0025492468134414832,0.2800365463682047,0.991986338050293
path_b,Caminho B - Floresta Aleatória,0.0025492468134414832,0.28688899040657834,0.9910374414985575
path_b,Caminho B - Floresta Aleatória,0.0025492468134414832,0.2878026496116948,0.9909702174313098
path_b,Caminho B - Floresta Aleatória,0.0025492468134414832,0.28803106441297394,0.9909082663123856
path_b,Caminho B - Floresta Aleatória,0.0025492468134414832,0.2887163088168113,0.9908555222076465
path_b,Caminho B - Floresta Aleatória,0.0025492468134414832,0.2944266788487894,0.9897768651860408
path_b,Caminho B - Floresta Aleatória,0.0025492468134414832,0.29488350845134764,0.9896790572469106
path_b,Caminho B - Floresta Aleatória,0.0025492468134414832,0.299223389675651,0.9889930703915268
path_b,Caminho B - Floresta Aleatória,0.0025492468134414832,0.3001370488807675,0.9888777208939273
path_b,Caminho B - Floresta Aleatória,0.0025492468134414832,0.3015075376884422,0.9885440814763556
path_b,Caminho B - Floresta Aleatória,0.0025492468134414832,0.30196436729100046,0.9885314861951778
path_b,Caminho B - Floresta Aleatória,0.0025492468134414832,0.30219278209227957,0.9884770234988591
path_b,Caminho B - Floresta Aleatória,0.0025492468134414832,0.30287802649611695,0.9884012396149233
path_b,Caminho B - Floresta Aleatória,0.0025492468134414832,0.3033348560986752,0.9882324670267638
path_b,Caminho B - Floresta Aleatória,0.0025492468134414832,0.3060758337140247,0.9878322160690033
path_b,Caminho B - Floresta Aleatória,0.0025492468134414832,0.3065326633165829,0.9878136253891798
path_b,Caminho B - Floresta Aleatória,0.0025492468134414832,0.3081315669255368,0.9873618122685267
path_b,Caminho B - Floresta Aleatória,0.0025492468134414832,0.308588396528095,0.9871633982078177
path_b,Caminho B - Floresta Aleatória,0.0025492468134414832,0.31064412973960714,0.9865167329311041
path_b,Caminho B - Floresta Aleatória,0.0025492468134414832,0.31110095934216536,0.9864851882832374
path_b,Caminho B - Floresta Aleatória,0.0025492468134414832,0.3161260849703061,0.9851170895011578
path_b,Caminho B - Floresta Aleatória,0.0025492468134414832,0.3165829145728643,0.9850467149097122
path_b,Caminho B - Floresta Aleatória,0.0025492468134414832,0.3222932846048424,0.9834036636657382
path_b,Caminho B - Floresta Aleatória,0.0025492468134414832,0.32275011420740063,0.9833508180178391
path_b,Caminho B - Floresta Aleatória,0.0025492468134414832,0.32823206943809957,0.981928603414849
path_b,Caminho B - Floresta Aleatória,0.0025492468134414832,0.32891731384193695,0.9819200255727722
path_b,Caminho B - Floresta Aleatória,0.0025492468134414832,0.3312014618547282,0.9813356283211638
path_b,Caminho B - Floresta Aleatória,0.0025492468134414832,0.3316582914572864,0.9813248873993585
path_b,Caminho B - Floresta Aleatória,0.0025492468134414832,0.3339424394700777,0.9806254192351512
path_b,Caminho B - Floresta Aleatória,0.0025492468134414832,0.3343992690726359,0.9805909814649154
path_b,Caminho B - Floresta Aleatória,0.0025492468134414832,0.33759707629054364,0.9788649418769338
path_b,Caminho B - Floresta Aleatória,0.0025492468134414832,0.33851073549566013,0.9781018786180221
path_b,Caminho B - Floresta Aleatória,0.0025492468134414832,0.340109639104614,0.977151594595525
path_b,Caminho B - Floresta Aleatória,0.0027809965237543454,0.340109639104614,0.9771289325292697
path_b,Caminho B - Floresta Aleatória,0.0027809965237543454,0.3405664687071722,0.9770804876186787
path_b,Caminho B - Floresta Aleatória,0.0027809965237543454,0.3439926907263591,0.9760497201557177
path_b,Caminho B - Floresta Aleatória,0.0027809965237543454,0.3444495203289173,0.9760181315748833
path_b,Caminho B - Floresta Aleatória,0.0027809965237543454,0.34582000913659205,0.9756043710614356
path_b,Caminho B - Floresta Aleatória,0.0030127462340672076,0.34582000913659205,0.9755558290129811
path_b,Caminho B - Floresta Aleatória,0.0030127462340672076,0.34604842393787116,0.9755371735602155
path_b,Caminho B - Floresta Aleatória,0.0030127462340672076,0.34650525354042944,0.9755062472388942
path_b,Caminho B - Floresta Aleatória,0.0030127462340672076,0.34719049794426676,0.9751975790033723
path_b,Caminho B - Floresta Aleatória,0.0030127462340672076,0.34764732754682504,0.9750163402268822
path_b,Caminho B - Floresta Aleatória,0.0030127462340672076,0.3506167199634536,0.9741850195795352
path_b,Caminho B - Floresta Aleatória,0.0032444959443800694,0.3508451347647328,0.9740914024851655
path_b,Caminho B - Floresta Aleatória,0.0032444959443800694,0.35564184559159434,0.9715658843835651
path_b,Caminho B - Floresta Aleatória,0.0032444959443800694,0.35609867519415256,0.9713804565910746
path_b,Caminho B - Floresta Aleatória,0.0032444959443800694,0.35701233439926905,0.9710179922778793
path_b,Caminho B - Floresta Aleatória,0.0032444959443800694,0.3574691640018273,0.9708452506169292
path_b,Caminho B - Floresta Aleatória,0.0032444959443800694,0.36295111923252626,0.9670006851868119
path_b,Caminho B - Floresta Aleatória,0.0032444959443800694,0.36386477843764276,0.9669574612382386
path_b,Caminho B - Floresta Aleatória,0.0032444959443800694,0.36432160804020103,0.9666871904038011
path_b,Caminho B - Floresta Aleatória,0.0032444959443800694,0.36477843764275925,0.9661623871643747
path_b,Caminho B - Floresta Aleatória,0.0032444959443800694,0.3670625856555505,0.965286068500073
path_b,Caminho B - Floresta Aleatória,0.0032444959443800694,0.3675194152581087,0.9651851430708134
path_b,Caminho B - Floresta Aleatória,0.0032444959443800694,0.367976244860667,0.9650802456532038
path_b,Caminho B - Floresta Aleatória,0.0032444959443800694,0.3684330744632252,0.9649156689370444
path_b,Caminho B - Floresta Aleatória,0.0032444959443800694,0.3732297852900868,0.9614617227578981
path_b,Caminho B - Floresta Aleatória,0.0034762456546929316,0.3732297852900868,0.9613067197707363
path_b,Caminho B - Floresta Aleatória,0.0034762456546929316,0.3750571037003198,0.9586472306319032
path_b,Caminho B - Floresta Aleatória,0.0034762456546929316,0.375513933302878,0.9584577215900081
path_b,Caminho B - Floresta Aleatória,0.0034762456546929316,0.37871174052078577,0.9546865190571171
path_b,Caminho B - Floresta Aleatória,0.0037079953650057938,0.37871174052078577,0.9546599938643022
path_b,Caminho B - Floresta Aleatória,0.0037079953650057938,0.3789401553220649,0.9546188683853981
path_b,Caminho B - Floresta Aleatória,0.0039397450753186555,0.379168570123344,0.9545526683492961
path_b,Caminho B - Floresta Aleatória,0.0039397450753186555,0.3793969849246231,0.9544984700341983
path_b,Caminho B - Floresta Aleatória,0.0039397450753186555,0.37985381452718137,0.9529228660495328
path_b,Caminho B - Floresta Aleatória,0.0039397450753186555,0.3800822293284605,0.9528621015222127
path_b,Caminho B - Floresta Aleatória,0.0039397450753186555,0.38053905893101875,0.952620814574715
path_b,Caminho B - Floresta Aleatória,0.0039397450753186555,0.3873915029693924,0.9481316926932486
path_b,Caminho B - Floresta Aleatória,0.0039397450753186555,0.38784833257195067,0.9480109276640987
path_b,Caminho B - Floresta Aleatória,0.0039397450753186555,0.38853357697578805,0.9464211582329005
path_b,Caminho B - Floresta Aleatória,0.0039397450753186555,0.38899040657834627,0.946389770666823
path_b,Caminho B - Floresta Aleatória,0.0039397450753186555,0.3924166285975331,0.9428361001378449
path_b,Caminho B - Floresta Aleatória,0.0039397450753186555,0.39287345820009134,0.9419942622615963
path_b,Caminho B - Floresta Aleatória,0.0039397450753186555,0.3931018730013705,0.9414047236654974
path_b,Caminho B - Floresta Aleatória,0.0039397450753186555,0.3935587026039287,0.9410049950858854
path_b,Caminho B - Floresta Aleatória,0.0039397450753186555,0.39378711740520783,0.9405894908507301
path_b,Caminho B - Floresta Aleatória,0.004171494785631518,0.39378711740520783,0.9403032923289039
path_b,Caminho B - Floresta Aleatória,0.004171494785631518,0.3951576062128826,0.9395695428796446
path_b,Caminho B - Floresta Aleatória,0.004171494785631518,0.39584285061672,0.9390104529494799
path_b,Caminho B - Floresta Aleatória,0.004171494785631518,0.39652809502055736,0.9383132513018624
path_b,Caminho B - Floresta Aleatória,0.004171494785631518,0.3969849246231156,0.9380778950488371
path_b,Caminho B - Floresta Aleatória,0.00440324449594438,0.3969849246231156,0.9378947401106708
path_b,Caminho B - Floresta Aleatória,0.00440324449594438,0.39744175422567385,0.937726504096991
path_b,Caminho B - Floresta Aleatória,0.00440324449594438,0.39972590223846505,0.9363683493548401
path_b,Caminho B - Floresta Aleatória,0.004634994206257242,0.39972590223846505,0.9363083807648009
path_b,Caminho B - Floresta Aleatória,0.004634994206257242,0.4026952946550936,0.9325494419658305
path_b,Caminho B - Floresta Aleatória,0.004634994206257242,0.4031521242576519,0.9324161689140444
path_b,Caminho B - Floresta Aleatória,0.004634994206257242,0.40566468707172226,0.9266944733402027
path_b,Caminho B - Floresta Aleatória,0.004634994206257242,0.4061215166742805,0.9264051292103217
path_b,Caminho B - Floresta Aleatória,0.004634994206257242,0.40657834627683875,0.9258675412924176
path_b,Caminho B - Floresta Aleatória,0.004866743916570104,0.40657834627683875,0.9252493721730382
path_b,Caminho B - Floresta Aleatória,0.004866743916570104,0.4111466423024212,0.917880496237793
path_b,Caminho B - Floresta Aleatória,0.004866743916570104,0.4120603015075377,0.9178589482327975
path_b,Caminho B - Floresta Aleatória,0.004866743916570104,0.41365920511649157,0.9148653619105168
path_b,Caminho B - Floresta Aleatória,0.004866743916570104,0.4141160347190498,0.9145004440433858
path_b,Caminho B - Floresta Aleatória,0.004866743916570104,0.41640018273184104,0.9107319635274145
path_b,Caminho B - Floresta Aleatória,0.004866743916570104,0.41685701233439926,0.9104383282832841
path_b,Caminho B - Floresta Aleatória,0.004866743916570104,0.41708542713567837,0.9102541342676455
path_b,Caminho B - Floresta Aleatória,0.0050984936268829665,0.41708542713567837,0.9097624911299723
path_b,Caminho B - Floresta Aleatória,0.0050984936268829665,0.41799908634079486,0.9087524726187084
path_b,Caminho B - Floresta Aleatória,0.005330243337195829,0.41799908634079486,0.9086657603955719
path_b,Caminho B - Floresta Aleatória,0.005330243337195829,0.41845591594335313,0.9080349343943324
path_b,Caminho B - Floresta Aleatória,0.005561993047508691,0.41845591594335313,0.908032505525844
path_b,Caminho B - Floresta Aleatória,0.005561993047508691,0.4202832343535861,0.9049685211892537
path_b,Caminho B - Floresta Aleatória,0.005561993047508691,0.4209684787574235,0.9047058077557876
path_b,Caminho B - Floresta Aleatória,0.005561993047508691,0.4211968935587026,0.9046197138858509
path_b,Caminho B - Floresta Aleatória,0.006025492468134415,0.4211968935587026,0.9027119337843941
path_b,Caminho B - Floresta Aleatória,0.006025492468134415,0.4214253083599817,0.9022695999962651
path_b,Caminho B - Floresta Aleatória,0.006257242178447277,0.4216537231612609,0.9021062816373879
path_b,Caminho B - Floresta Aleatória,0.006488991888760139,0.4216537231612609,0.9013707965886971
path_b,Caminho B - Floresta Aleatória,0.006488991888760139,0.42188213796254,0.9008753475829484
path_b,Caminho B - Floresta Aleatória,0.006720741599073001,0.42188213796254,0.9007000198593204
path_b,Caminho B - Floresta Aleatória,0.006720741599073001,0.42256738236637736,0.9001911791246812
path_b,Caminho B - Floresta Aleatória,0.006952491309385863,0.42256738236637736,0.9000139207052159
path_b,Caminho B - Floresta Aleatória,0.006952491309385863,0.42782092279579714,0.8893929806948073
path_b,Caminho B - Floresta Aleatória,0.007184241019698725,0.42782092279579714,0.8892504636834265
path_b,Caminho B - Floresta Aleatória,0.007184241019698725,0.4282777523983554,0.8890684535146802
path_b,Caminho B - Floresta Aleatória,0.007184241019698725,0.4285061671996345,0.8888879172438628
path_b,Caminho B - Floresta Aleatória,0.0074159907300115875,0.4285061671996345,0.8881689147339857
path_b,Caminho B - Floresta Aleatória,0.0074159907300115875,0.4289629968021928,0.8873048257408899
path_b,Caminho B - Floresta Aleatória,0.0074159907300115875,0.429419826404751,0.8863807962852677
path_b,Caminho B - Floresta Aleatória,0.0074159907300115875,0.4298766560073093,0.8863124440180428
path_b,Caminho B - Floresta Aleatória,0.00764774044032445,0.4298766560073093,0.8855093294065428
path_b,Caminho B - Floresta Aleatória,0.007879490150637311,0.4301050708085884,0.88536438179666
path_b,Caminho B - Floresta Aleatória,0.007879490150637311,0.43056190041114667,0.8845930083015241
path_b,Caminho B - Floresta Aleatória,0.007879490150637311,0.431247144814984,0.8835559039965963
path_b,Caminho B - Floresta Aleatória,0.008111239860950173,0.431247144814984,0.8833311799902958
path_b,Caminho B - Floresta Aleatória,0.008111239860950173,0.4319323892188214,0.8827122504921877
path_b,Caminho B - Floresta Aleatória,0.008342989571263035,0.4319323892188214,0.8818935739705159
path_b,Caminho B - Floresta Aleatória,0.008342989571263035,0.43375970762905436,0.8799192223587705
path_b,Caminho B - Floresta Aleatória,0.008574739281575898,0.43375970762905436,0.8792142500257735
path_b,Caminho B - Floresta Aleatória,0.008574739281575898,0.43398812243033347,0.8785981833056055
path_b,Caminho B - Floresta Aleatória,0.009038238702201622,0.43444495203289174,0.8783512159023795
path_b,Caminho B - Floresta Aleatória,0.009038238702201622,0.43490178163544996,0.8768212800641767
path_b,Caminho B - Floresta Aleatória,0.009269988412514484,0.43490178163544996,0.8766979884372896
path_b,Caminho B - Floresta Aleatória,0.009269988412514484,0.4351301964367291,0.8763777978748576
path_b,Caminho B - Floresta Aleatória,0.009501738122827346,0.4351301964367291,0.8763397475143683
path_b,Caminho B - Floresta Aleatória,0.009501738122827346,0.43535861123800823,0.875428768914645
path_b,Caminho B - Floresta Aleatória,0.009733487833140209,0.43535861123800823,0.8748991464037337
path_b,Caminho B - Floresta Aleatória,0.009733487833140209,0.4378711740520786,0.8717924042497393
path_b,Caminho B - Floresta Aleatória,0.00996523754345307,0.4378711740520786,0.8717905057563388
path_b,Caminho B - Floresta Aleatória,0.00996523754345307,0.4385564184559159,0.8713007138147124
path_b,Caminho B - Floresta Aleatória,0.010196987253765933,0.4385564184559159,0.8711634537812553
path_b,Caminho B - Floresta Aleatória,0.010428736964078795,0.4387848332571951,0.8709608325434521
path_b,Caminho B - Floresta Aleatória,0.010428736964078795,0.4394700776610324,0.8691225866237381
path_b,Caminho B - Floresta Aleatória,0.010660486674391657,0.4394700776610324,0.8679925610917171
path_b,Caminho B - Floresta Aleatória,0.010660486674391657,0.4401553220648698,0.8673875374161242
path_b,Caminho B - Floresta Aleatória,0.01089223638470452,0.4401553220648698,0.8670933100909343
path_b,Caminho B - Floresta Aleatória,0.01089223638470452,0.4403837368661489,0.866768208057259
path_b,Caminho B - Floresta Aleatória,0.011587485515643106,0.4403837368661489,0.8656642823145737
path_b,Caminho B - Floresta Aleatória,0.011587485515643106,0.4412973960712654,0.8650373119617905
path_b,Caminho B - Floresta Aleatória,0.01205098493626883,0.4412973960712654,0.8645234818740252
path_b,Caminho B - Floresta Aleatória,0.01205098493626883,0.44152581087254456,0.8641035529075033
path_b,Caminho B - Floresta Aleatória,0.012282734646581691,0.44152581087254456,0.8638890939659584
path_b,Caminho B - Floresta Aleatória,0.012282734646581691,0.44175422567382366,0.863886221347837
path_b,Caminho B - Floresta Aleatória,0.012514484356894553,0.4419826404751028,0.8632216664525167
path_b,Caminho B - Floresta Aleatória,0.012514484356894553,0.44243947007766105,0.8616162428164148
path_b,Caminho B - Floresta Aleatória,0.012746234067207415,0.44243947007766105,0.8614424498296204
path_b,Caminho B - Floresta Aleatória,0.012746234067207415,0.44289629968021926,0.8607970623584065
path_b,Caminho B - Floresta Aleatória,0.012977983777520278,0.44289629968021926,0.8600466576819554
path_b,Caminho B - Floresta Aleatória,0.012977983777520278,0.44335312928277754,0.8593102236212015
path_b,Caminho B - Floresta Aleatória,0.013441483198146002,0.44335312928277754,0.8585536543256931
path_b,Caminho B - Floresta Aleatória,0.013441483198146002,0.44358154408405664,0.858429335117181
path_b,Caminho B - Floresta Aleatória,0.013673232908458864,0.44380995888533575,0.8580258492813571
path_b,Caminho B - Floresta Aleatória,0.013673232908458864,0.444266788487894,0.8579540455403157
path_b,Caminho B - Floresta Aleatória,0.013904982618771726,0.444266788487894,0.8574795925852122
path_b,Caminho B - Floresta Aleatória,0.013904982618771726,0.44563727729556873,0.85660257722587
path_b,Caminho B - Floresta Aleatória,0.014136732329084589,0.44563727729556873,0.8565690280203294
path_b,Caminho B - Floresta Aleatória,0.014136732329084589,0.4458656920968479,0.8564090257565747
path_b,Caminho B - Floresta Aleatória,0.014136732329084589,0.4463225216994061,0.8563496833011093
path_b,Caminho B - Floresta Aleatória,0.014136732329084589,0.4465509365006852,0.8557554918647649
path_b,Caminho B - Floresta Aleatória,0.01436848203939745,0.4467793513019644,0.8557077901038593
path_b,Caminho B - Floresta Aleatória,0.01436848203939745,0.4470077661032435,0.855294642030128
path_b,Caminho B - Floresta Aleatória,0.014600231749710313,0.4470077661032435,0.8551478752329321
path_b,Caminho B - Floresta Aleatória,0.014600231749710313,0.44792142530836,0.8543700203901978
path_b,Caminho B - Floresta Aleatória,0.014831981460023175,0.44792142530836,0.8543371656588158
path_b,Caminho B - Floresta Aleatória,0.014831981460023175,0.4483782549109182,0.8539565736667106
path_b,Caminho B - Floresta Aleatória,0.0152954808806489,0.4492919141160347,0.8539143336774097
path_b,Caminho B - Floresta Aleatória,0.0152954808806489,0.44974874371859297,0.8515744793132869
path_b,Caminho B - Floresta Aleatória,0.015527230590961762,0.44974874371859297,0.8515016170989936
path_b,Caminho B - Floresta Aleatória,0.015527230590961762,0.4502055733211512,0.8506201896551431
path_b,Caminho B - Floresta Aleatória,0.015758980301274622,0.4502055733211512,0.8506144527563466
path_b,Caminho B - Floresta Aleatória,0.015758980301274622,0.45066240292370946,0.8501117864991378
path_b,Caminho B - Floresta Aleatória,0.015990730011587486,0.45089081772498857,0.8500420048748305
path_b,Caminho B - Floresta Aleatória,0.015990730011587486,0.4511192325262677,0.8496854193370681
path_b,Caminho B - Floresta Aleatória,0.016222479721900347,0.45157606212882595,0.849267191391138
path_b,Caminho B - Floresta Aleatória,0.01645422943221321,0.45180447693010506,0.8483065138251966
path_b,Caminho B - Floresta Aleatória,0.01645422943221321,0.45226130653266333,0.8477646649468047
path_b,Caminho B - Floresta Aleatória,0.01668597914252607,0.45271813613522155,0.8474394320950167
path_b,Caminho B - Floresta Aleatória,0.01668597914252607,0.4531749657377798,0.8464969749968012
path_b,Caminho B - Floresta Aleatória,0.016917728852838935,0.45340338053905893,0.8461777164357017
path_b,Caminho B - Floresta Aleatória,0.017149478563151795,0.45340338053905893,0.8460494779138154
path_b,Caminho B - Floresta Aleatória,0.017149478563151795,0.45363179534033804,0.845513605823512
path_b,Caminho B - Floresta Aleatória,0.017844727694090384,0.45363179534033804,0.8434851571699307
path_b,Caminho B - Floresta Aleatória,0.018076477404403244,0.4538602101416172,0.843311179872179
path_b,Caminho B - Floresta Aleatória,0.018076477404403244,0.4543170397441754,0.8432348015598443
path_b,Caminho B - Floresta Aleatória,0.018308227114716108,0.4552306989492919,0.8428414281912296
path_b,Caminho B - Floresta Aleatória,0.01853997682502897,0.4552306989492919,0.8427521419365384
path_b,Caminho B - Floresta Aleatória,0.01853997682502897,0.4561443581544084,0.8418297856060252
path_b,Caminho B - Floresta Aleatória,0.01853997682502897,0.4566011877569667,0.8416324039586045
path_b,Caminho B - Floresta Aleatória,0.018771726535341832,0.4566011877569667,0.8411314857278623
path_b,Caminho B - Floresta Aleatória,0.019003476245654693,0.4568296025582458,0.8397422192548128
path_b,Caminho B - Floresta Aleatória,0.019466975666280417,0.4568296025582458,0.8394191489728486
path_b,Caminho B - Floresta Aleatória,0.019466975666280417,0.45751484696208317,0.8381154950092126
path_b,Caminho B - Floresta Aleatória,0.020162224797219002,0.45751484696208317,0.8374329429081535
path_b,Caminho B - Floresta Aleatória,0.020162224797219002,0.459113750571037,0.8356632990893798
path_b,Caminho B - Floresta Aleatória,0.020393974507531866,0.45934216537231615,0.8356565159883677
path_b,Caminho B - Floresta Aleatória,0.020393974507531866,0.46071265417999085,0.8349218426891932
path_b,Caminho B - Floresta Aleatória,0.020625724217844726,0.46071265417999085,0.8342751157653419
path_b,Caminho B - Floresta Aleatória,0.020625724217844726,0.46116948378254913,0.8330295180031824
path_b,Caminho B - Floresta Aleatória,0.020625724217844726,0.46162631338510735,0.8328302899616661
path_b,Caminho B - Floresta Aleatória,0.020625724217844726,0.46185472818638645,0.8326668537773282
path_b,Caminho B - Floresta Aleatória,0.02085747392815759,0.46185472818638645,0.8326214352480874
path_b,Caminho B - Floresta Aleatória,0.02085747392815759,0.4623115577889447,0.8321903557638004
path_b,Caminho B - Floresta Aleatória,0.02108922363847045,0.4623115577889447,0.8311980564780184
path_b,Caminho B - Floresta Aleatória,0.02108922363847045,0.4648241206030151,0.8285152138242348
path_b,Caminho B - Floresta Aleatória,0.021320973348783315,0.4648241206030151,0.8283234962903401
path_b,Caminho B - Floresta Aleatória,0.021320973348783315,0.4652809502055733,0.82698740115102
path_b,Caminho B - Floresta Aleatória,0.02178447276940904,0.4652809502055733,0.8268392513702968
path_b,Caminho B - Floresta Aleatória,0.02178447276940904,0.46550936500685247,0.8263262721014674
path_b,Caminho B - Floresta Aleatória,0.0220162224797219,0.46550936500685247,0.8259990659570702
path_b,Caminho B - Floresta Aleatória,0.0220162224797219,0.4657377798081316,0.8252052638313393
path_b,Caminho B - Floresta Aleatória,0.022247972190034764,0.4657377798081316,0.8250152825607034
path_b,Caminho B - Floresta Aleatória,0.022247972190034764,0.46665143901324807,0.8243272839737273
path_b,Caminho B - Floresta Aleatória,0.022479721900347624,0.4668798538145272,0.8241452055720676
path_b,Caminho B - Floresta Aleatória,0.022711471610660488,0.4668798538145272,0.8239541424594655
path_b,Caminho B - Floresta Aleatória,0.022711471610660488,0.4671082686158063,0.8236477013531305
path_b,Caminho B - Floresta Aleatória,0.022711471610660488,0.46756509821836456,0.8235451584935828
path_b,Caminho B - Floresta Aleatória,0.022711471610660488,0.46779351301964367,0.8234311892234368
path_b,Caminho B - Floresta Aleatória,0.02294322132097335,0.4680219278209228,0.8233639435885401
path_b,Caminho B - Floresta Aleatória,0.023406720741599073,0.46825034262220194,0.8233599235954524
path_b,Caminho B - Floresta Aleatória,0.023638470451911937,0.46825034262220194,0.822966998322671
path_b,Caminho B - Floresta Aleatória,0.02410196987253766,0.46825034262220194,0.8227179698571037
path_b,Caminho B - Floresta Aleatória,0.02410196987253766,0.46870717222476016,0.8226330057016578
path_b,Caminho B - Floresta Aleatória,0.02433371958285052,0.46870717222476016,0.8224458341679922
path_b,Caminho B - Floresta Aleatória,0.02433371958285052,0.46939241662859754,0.8204066124363378
path_b,Caminho B - Floresta Aleatória,0.02433371958285052,0.46984924623115576,0.820272812569786
path_b,Caminho B - Floresta Aleatória,0.02433371958285052,0.47076290543627225,0.8186136887134094
path_b,Caminho B - Floresta Aleatória,0.024565469293163382,0.47076290543627225,0.8185511175852213
path_b,Caminho B - Floresta Aleatória,0.024797219003476246,0.4709913202375514,0.8182342125434511
path_b,Caminho B - Floresta Aleatória,0.024797219003476246,0.47144814984010963,0.8181329282013506
path_b,Caminho B - Floresta Aleatória,0.025028968713789106,0.47144814984010963,0.8173711325584564
path_b,Caminho B - Floresta Aleatória,0.025028968713789106,0.47167656464138874,0.817345797636766
path_b,Caminho B - Floresta Aleatória,0.02549246813441483,0.47167656464138874,0.8167818011426954
path_b,Caminho B - Floresta Aleatória,0.02549246813441483,0.4719049794426679,0.8160142719298578
path_b,Caminho B - Floresta Aleatória,0.02549246813441483,0.47259022384650523,0.8156013259292377
path_b,Caminho B - Floresta Aleatória,0.02549246813441483,0.4746459570580174,0.8131061877348202
path_b,Caminho B - Floresta Aleatória,0.025724217844727695,0.4753312014618547,0.8126190817846286
path_b,Caminho B - Floresta Aleatória,0.025724217844727695,0.47807217907720423,0.8098584438425542
path_b,Caminho B - Floresta Aleatória,0.025955967555040555,0.47807217907720423,0.8095171109295022
path_b,Caminho B - Floresta Aleatória,0.025955967555040555,0.47830059387848334,0.8094471496370643
path_b,Caminho B - Floresta Aleatória,0.02618771726535342,0.47830059387848334,0.8093562967126252
path_b,Caminho B - Floresta Aleatória,0.026651216685979143,0.47875742348104156,0.8090093608023007
path_b,Caminho B - Floresta Aleatória,0.026882966396292004,0.47875742348104156,0.808938069087778
path_b,Caminho B - Floresta Aleatória,0.026882966396292004,0.4798994974874372,0.8081364866145803
path_b,Caminho B - Floresta Aleatória,0.027114716106604868,0.4798994974874372,0.8078186011772338
path_b,Caminho B - Floresta Aleatória,0.027114716106604868,0.48058474189127454,0.8074845658578518
path_b,Caminho B - Floresta Aleatória,0.027346465816917728,0.4808131566925537,0.8074046235609265
path_b,Caminho B - Floresta Aleatória,0.027346465816917728,0.481498401096391,0.8069450673210886
path_b,Caminho B - Floresta Aleatória,0.027346465816917728,0.4819552306989493,0.8067491878162012
path_b,Caminho B - Floresta Aleatória,0.027346465816917728,0.4830973047053449,0.8054843706920175
path_b,Caminho B - Floresta Aleatória,0.027578215527230592,0.4830973047053449,0.8052841276494959
path_b,Caminho B - Floresta Aleatória,0.027578215527230592,0.483325719506624,0.8050394004729222
path_b,Caminho B - Floresta Aleatória,0.027809965237543453,0.483325719506624,0.8041548603286942
path_b,Caminho B - Floresta Aleatória,0.027809965237543453,0.48446779351301966,0.8033729105258725
path_b,Caminho B - Floresta Aleatória,0.027809965237543453,0.4849246231155779,0.8031810257210714
path_b,Caminho B - Floresta Aleatória,0.027809965237543453,0.48560986751941526,0.8025744845613162
path_b,Caminho B - Floresta Aleatória,0.028041714947856317,0.48560986751941526,0.8024413474100115
path_b,Caminho B - Floresta Aleatória,0.028041714947856317,0.4860666971219735,0.8023540650728693
path_b,Caminho B - Floresta Aleatória,0.028273464658169177,0.4860666971219735,0.8022671794177616
path_b,Caminho B - Floresta Aleatória,0.028273464658169177,0.48652352672453175,0.8015359699720078
path_b,Caminho B - Floresta Aleatória,0.028273464658169177,0.48698035632708997,0.8014084325559893
path_b,Caminho B - Floresta Aleatória,0.02850521436848204,0.48698035632708997,0.8011542685382453
path_b,Caminho B - Floresta Aleatória,0.02850521436848204,0.48835084513476473,0.800015920348146
path_b,Caminho B - Floresta Aleatória,0.0287369640787949,0.48835084513476473,0.7999754957930665
path_b,Caminho B - Floresta Aleatória,0.0287369640787949,0.488807674737323,0.799603777039009
path_b,Caminho B - Floresta Aleatória,0.0287369640787949,0.4892645043398812,0.7989086515098642
path_b,Caminho B - Floresta Aleatória,0.0287369640787949,0.4915486523526725,0.7978773069114995
path_b,Caminho B - Floresta Aleatória,0.0287369640787949,0.4922338967565098,0.7976130532767834
path_b,Caminho B - Floresta Aleatória,0.0287369640787949,0.49246231155778897,0.7974392084112276
path_b,Caminho B - Floresta Aleatória,0.0287369640787949,0.49337597076290546,0.7963805202176288
path_b,Caminho B - Floresta Aleatória,0.028968713789107765,0.49337597076290546,0.796232998557536
path_b,Caminho B - Floresta Aleatória,0.028968713789107765,0.4940612151667428,0.7955829603954588
path_b,Caminho B - Floresta Aleatória,0.029200463499420626,0.4940612151667428,0.7954213913874608
path_b,Caminho B - Floresta Aleatória,0.029200463499420626,0.49428962996802195,0.7953951169948231
path_b,Caminho B - Floresta Aleatória,0.029432213209733486,0.49428962996802195,0.7952947261766425
path_b,Caminho B - Floresta Aleatória,0.029432213209733486,0.49520328917313844,0.7947844642738908
path_b,Caminho B - Floresta Aleatória,0.029432213209733486,0.49566011877569666,0.7946861744074366
path_b,Caminho B - Floresta Aleatória,0.029432213209733486,0.49588853357697577,0.7944237006809701
path_b,Caminho B - Floresta Aleatória,0.02966396292004635,0.49611694837825493,0.7943273022515961
path_b,Caminho B - Floresta Aleatória,0.02989571263035921,0.49611694837825493,0.7942398481506973
path_b,Caminho B - Floresta Aleatória,0.02989571263035921,0.49657377798081315,0.7937031039031099
path_b,Caminho B - Floresta Aleatória,0.02989571263035921,0.4970306075833714,0.7933641690464239
path_b,Caminho B - Floresta Aleatória,0.02989571263035921,0.49725902238465053,0.7929767485316775
path_b,Caminho B - Floresta Aleatória,0.030127462340672075,0.49725902238465053,0.7926464247658528
path_b,Caminho B - Floresta Aleatória,0.030127462340672075,0.498172681589767,0.792558108098296
path_b,Caminho B - Floresta Aleatória,0.030127462340672075,0.49840109639104613,0.7924394772516429
path_b,Caminho B - Floresta Aleatória,0.030359212050984935,0.49840109639104613,0.7921515434178995
path_b,Caminho B - Floresta Aleatória,0.030359212050984935,0.4988579259936044,0.7916924540911984
path_b,Caminho B - Floresta Aleatória,0.0305909617612978,0.4988579259936044,0.7915190150655474
path_b,Caminho B - Floresta Aleatória,0.0305909617612978,0.4993147555961626,0.7909758043553816
path_b,Caminho B - Floresta Aleatória,0.03082271147161066,0.4993147555961626,0.7905966865629852
path_b,Caminho B - Floresta Aleatória,0.03082271147161066,0.4995431703974417,0.7900061229080282
path_b,Caminho B - Floresta Aleatória,0.03082271147161066,0.5,0.7896752247011856
path_b,Caminho B - Floresta Aleatória,0.031054461181923523,0.5,0.7896556233295693
path_b,Caminho B - Floresta Aleatória,0.031054461181923523,0.5009136592051165,0.788838679238468
path_b,Caminho B - Floresta Aleatória,0.031517960602549244,0.5009136592051165,0.7875568169581264
path_b,Caminho B - Floresta Aleatória,0.031517960602549244,0.501827318410233,0.7869359329923445
path_b,Caminho B - Floresta Aleatória,0.03174971031286211,0.5020557332115121,0.7868021888536729
path_b,Caminho B - Floresta Aleatória,0.03174971031286211,0.5034262220191869,0.7859097876842346
path_b,Caminho B - Floresta Aleatória,0.03198146002317497,0.5034262220191869,0.7854263208228973
path_b,Caminho B - Floresta Aleatória,0.03198146002317497,0.503654636820466,0.7849246486181423
path_b,Caminho B - Floresta Aleatória,0.03221320973348783,0.503654636820466,0.7845115746604092
path_b,Caminho B - Floresta Aleatória,0.03221320973348783,0.5041114664230242,0.7841034540029029
path_b,Caminho B - Floresta Aleatória,0.03221320973348783,0.5043398812243033,0.784073150716818
path_b,Caminho B - Floresta Aleatória,0.03244495944380069,0.5043398812243033,0.7839913182202195
path_b,Caminho B - Floresta Aleatória,0.03244495944380069,0.5047967108268616,0.7836559220896487
path_b,Caminho B - Floresta Aleatória,0.03267670915411356,0.5047967108268616,0.7836327531739826
path_b,Caminho B - Floresta Aleatória,0.03290845886442642,0.5050251256281407,0.7833099998923911
path_b,Caminho B - Floresta Aleatória,0.03290845886442642,0.5052535404294198,0.7830849083692408
path_b,Caminho B - Floresta Aleatória,0.03314020857473928,0.5052535404294198,0.7830598266341915
path_b,Caminho B - Floresta Aleatória,0.03314020857473928,0.5054819552306989,0.7829844397076525
path_b,Caminho B - Floresta Aleatória,0.03337195828505214,0.505710370031978,0.7828929671716887
path_b,Caminho B - Floresta Aleatória,0.03337195828505214,0.5070808588396528,0.7818989390622904
path_b,Caminho B - Floresta Aleatória,0.03337195828505214,0.507537688442211,0.781530620046967
path_b,Caminho B - Floresta Aleatória,0.03360370799536501,0.507537688442211,0.781226890243351
path_b,Caminho B - Floresta Aleatória,0.03360370799536501,0.5086797624486067,0.7807531746322318
path_b,Caminho B - Floresta Aleatória,0.03383545770567787,0.5086797624486067,0.780644580431557
path_b,Caminho B - Floresta Aleatória,0.03383545770567787,0.5089081772498858,0.7803846423049111
path_b,Caminho B - Floresta Aleatória,0.03406720741599073,0.5089081772498858,0.7802975007091697
path_b,Caminho B - Floresta Aleatória,0.03406720741599073,0.5091365920511649,0.7802906063924341
path_b,Caminho B - Floresta Aleatória,0.03406720741599073,0.5095934216537231,0.7799366444159219
path_b,Caminho B - Floresta Aleatória,0.03429895712630359,0.5095934216537231,0.7799261672806032
path_b,Caminho B - Floresta Aleatória,0.03429895712630359,0.5098218364550022,0.7797523495740796
path_b,Caminho B - Floresta Aleatória,0.03429895712630359,0.5105070808588397,0.7795417289183668
path_b,Caminho B - Floresta Aleatória,0.03429895712630359,0.5121059844677935,0.7779776730908026
path_b,Caminho B - Floresta Aleatória,0.03453070683661645,0.5121059844677935,0.7779710764509725
path_b,Caminho B - Floresta Aleatória,0.03453070683661645,0.5123343992690726,0.7778948027488585
path_b,Caminho B - Floresta Aleatória,0.03476245654692932,0.5123343992690726,0.7777146260502467
path_b,Caminho B - Floresta Aleatória,0.03499420625724218,0.5125628140703518,0.7774685481066503
path_b,Caminho B - Floresta Aleatória,0.03499420625724218,0.5134764732754683,0.7765049125191997
path_b,Caminho B - Floresta Aleatória,0.03522595596755504,0.5134764732754683,0.776457868573006
path_b,Caminho B - Floresta Aleatória,0.03522595596755504,0.5146185472818638,0.7758595147260652
path_b,Caminho B - Floresta Aleatória,0.0354577056778679,0.5146185472818638,0.7757560726383915
path_b,Caminho B - Floresta Aleatória,0.0354577056778679,0.5150753768844221,0.7742838929850355
path_b,Caminho B - Floresta Aleatória,0.03568945538818077,0.5150753768844221,0.773490079172904
path_b,Caminho B - Floresta Aleatória,0.03568945538818077,0.5155322064869804,0.7725886619090493
path_b,Caminho B - Floresta Aleatória,0.03592120509849363,0.5155322064869804,0.7725003243895975
path_b,Caminho B - Floresta Aleatória,0.03592120509849363,0.5159890360895386,0.7720760386933976
path_b,Caminho B - Floresta Aleatória,0.03615295480880649,0.5162174508908177,0.772022255294386
path_b,Caminho B - Floresta Aleatória,0.03615295480880649,0.516902695294655,0.7714736720360484
path_b,Caminho B - Floresta Aleatória,0.03638470451911935,0.516902695294655,0.7713822355465725
path_b,Caminho B - Floresta Aleatória,0.03638470451911935,0.5175879396984925,0.7710376996045113
path_b,Caminho B - Floresta Aleatória,0.036616454229432216,0.5175879396984925,0.770766107490437
path_b,Caminho B - Floresta Aleatória,0.036616454229432216,0.5180447693010507,0.7702617598493776
path_b,Caminho B - Floresta Aleatória,0.036848203939745076,0.5180447693010507,0.7700640557936579
path_b,Caminho B - Floresta Aleatória,0.036848203939745076,0.5182731841023298,0.7700411894251791
path_b,Caminho B - Floresta Aleatória,0.036848203939745076,0.5189584285061672,0.7696689979608855
path_b,Caminho B - Floresta Aleatória,0.036848203939745076,0.5198720877112837,0.7687523110461475
path_b,Caminho B - Floresta Aleatória,0.0373117033603708,0.5198720877112837,0.7687027713684036
path_b,Caminho B - Floresta Aleatória,0.0373117033603708,0.5201005025125628,0.7686286504075694
path_b,Caminho B - Floresta Aleatória,0.037543453070683665,0.5201005025125628,0.7685892006953385
path_b,Caminho B - Floresta Aleatória,0.037543453070683665,0.520557332115121,0.767664848270459
path_b,Caminho B - Floresta Aleatória,0.037775202780996525,0.5210141617176793,0.7675802843065047
path_b,Caminho B - Floresta Aleatória,0.037775202780996525,0.5214709913202376,0.7672533449676346
path_b,Caminho B - Floresta Aleatória,0.037775202780996525,0.522384650525354,0.7672171709557746
path_b,Caminho B - Floresta Aleatória,0.037775202780996525,0.5226130653266332,0.7670338945627547
path_b,Caminho B - Floresta Aleatória,0.038006952491309386,0.5226130653266332,0.7664625885310441
path_b,Caminho B - Floresta Aleatória,0.038006952491309386,0.5228414801279123,0.7663242685383176
path_b,Caminho B - Floresta Aleatória,0.038470451911935113,0.5228414801279123,0.7661687657849603
path_b,Caminho B - Floresta Aleatória,0.038470451911935113,0.5232983097304705,0.7660165390020505
path_b,Caminho B - Floresta Aleatória,0.038702201622247974,0.5235267245317496,0.7659072207670832
path_b,Caminho B - Floresta Aleatória,0.038702201622247974,0.5237551393330288,0.7657278418262856
path_b,Caminho B - Floresta Aleatória,0.038933951332560834,0.5237551393330288,0.7657114280354698
path_b,Caminho B - Floresta Aleatória,0.038933951332560834,0.5239835541343079,0.7650259623221991
path_b,Caminho B - Floresta Aleatória,0.038933951332560834,0.5246687985381453,0.7649142876662103
path_b,Caminho B - Floresta Aleatória,0.039397450753186555,0.5246687985381453,0.7645126796517934
path_b,Caminho B - Floresta Aleatória,0.03962920046349942,0.5248972133394244,0.7644906307889109
path_b,Caminho B - Floresta Aleatória,0.03962920046349942,0.5255824577432617,0.7643839817426893
path_b,Caminho B - Floresta Aleatória,0.03986095017381228,0.5262677021470992,0.7640174691046306
path_b,Caminho B - Floresta Aleatória,0.03986095017381228,0.5267245317496574,0.7639416108974354
path_b,Caminho B - Floresta Aleatória,0.03986095017381228,0.5274097761534947,0.763369469140052
path_b,Caminho B - Floresta Aleatória,0.040092699884125144,0.5274097761534947,0.7632202421402587
path_b,Caminho B - Floresta Aleatória,0.040092699884125144,0.5285518501598904,0.7624746873837099
path_b,Caminho B - Floresta Aleatória,0.040324449594438004,0.5285518501598904,0.7620932897576291
path_b,Caminho B - Floresta Aleatória,0.040324449594438004,0.5290086797624486,0.7619861040389977
path_b,Caminho B - Floresta Aleatória,0.04078794901506373,0.5290086797624486,0.7617468967159879
path_b,Caminho B - Floresta Aleatória,0.04078794901506373,0.5292370945637277,0.7615168146701488
path_b,Caminho B - Floresta Aleatória,0.04101969872537659,0.5292370945637277,0.7604028561630571
path_b,Caminho B - Floresta Aleatória,0.04101969872537659,0.5299223389675651,0.7601904265771962
path_b,Caminho B - Floresta Aleatória,0.04148319814600232,0.5299223389675651,0.7587394294712603
path_b,Caminho B - Floresta Aleatória,0.04148319814600232,0.5303791685701233,0.7582543869040498
path_b,Caminho B - Floresta Aleatória,0.0421784472769409,0.5303791685701233,0.7573726354641238
path_b,Caminho B - Floresta Aleatória,0.0421784472769409,0.5308359981726816,0.7571405793848291
path_b,Caminho B - Floresta Aleatória,0.0421784472769409,0.5312928277752398,0.757127001870663
path_b,Caminho B - Floresta Aleatória,0.04241019698725377,0.531521242576519,0.7568598707889592
path_b,Caminho B - Floresta Aleatória,0.04287369640787949,0.531521242576519,0.7555739962000464
path_b,Caminho B - Floresta Aleatória,0.04287369640787949,0.5319780721790772,0.754161971111221
path_b,Caminho B - Floresta Aleatória,0.04287369640787949,0.5324349017816354,0.7541037979899046
path_b,Caminho B - Floresta Aleatória,0.04287369640787949,0.5328917313841937,0.7539481171930993
path_b,Caminho B - Floresta Aleatória,0.04310544611819235,0.533348560986752,0.7538912973332635
path_b,Caminho B - Floresta Aleatória,0.04356894553881808,0.533348560986752,0.753212292719987
path_b,Caminho B - Floresta Aleatória,0.04356894553881808,0.5335769757880311,0.7531450304118197
path_b,Caminho B - Floresta Aleatória,0.04380069524913094,0.5335769757880311,0.752821612341417
path_b,Caminho B - Floresta Aleatória,0.04380069524913094,0.535175879396985,0.7515263372557479
path_b,Caminho B - Floresta Aleatória,0.04449594438006953,0.535175879396985,0.7504539637968195
path_b,Caminho B - Floresta Aleatória,0.04472769409038239,0.5356327089995432,0.7503166501910741
path_b,Caminho B - Floresta Aleatória,0.04472769409038239,0.5360895386021014,0.749428369625763
path_b,Caminho B - Floresta Aleatória,0.04495944380069525,0.5360895386021014,0.7494018135129368
path_b,Caminho B - Floresta Aleatória,0.04495944380069525,0.5383736866148926,0.7475405652159415
path_b,Caminho B - Floresta Aleatória,0.045654692931633836,0.5383736866148926,0.7469861945690909
path_b,Caminho B - Floresta Aleatória,0.045654692931633836,0.53905893101873,0.746666486820973
path_b,Caminho B - Floresta Aleatória,0.0458864426419467,0.53905893101873,0.7465528286714568
path_b,Caminho B - Floresta Aleatória,0.0458864426419467,0.5395157606212883,0.746458432574851
path_b,Caminho B - Floresta Aleatória,0.046581691772885285,0.5395157606212883,0.7456895684336919
path_b,Caminho B - Floresta Aleatória,0.046581691772885285,0.5399725902238465,0.7452396675467938
path_b,Caminho B - Floresta Aleatória,0.046581691772885285,0.5404294198264048,0.7451611191536243
path_b,Caminho B - Floresta Aleatória,0.046581691772885285,0.5406578346276839,0.7451355925060957
path_b,Caminho B - Floresta Aleatória,0.046581691772885285,0.5411146642302421,0.7450338495064244
path_b,Caminho B - Floresta Aleatória,0.046813441483198145,0.5411146642302421,0.744854617071256
path_b,Caminho B - Floresta Aleatória,0.046813441483198145,0.5420283234353586,0.7440581044907306
path_b,Caminho B - Floresta Aleatória,0.047045191193511006,0.5420283234353586,0.7437237039304614
path_b,Caminho B - Floresta Aleatória,0.047045191193511006,0.5424851530379169,0.7431639998272069
path_b,Caminho B - Floresta Aleatória,0.04727694090382387,0.5424851530379169,0.7430070940735551
path_b,Caminho B - Floresta Aleatória,0.04727694090382387,0.5433988122430333,0.7422959749570475
path_b,Caminho B - Floresta Aleatória,0.047740440324449594,0.5433988122430333,0.7421122304382863
path_b,Caminho B - Floresta Aleatória,0.047740440324449594,0.5438556418455915,0.7415205659350891
path_b,Caminho B - Floresta Aleatória,0.047972190034762455,0.5440840566468708,0.7414682298471447
path_b,Caminho B - Floresta Aleatória,0.047972190034762455,0.5447693010507081,0.7401173842209761
path_b,Caminho B - Floresta Aleatória,0.04843568945538818,0.5447693010507081,0.7398865450295462
path_b,Caminho B - Floresta Aleatória,0.04866743916570104,0.5447693010507081,0.7396422917937102
path_b,Caminho B - Floresta Aleatória,0.04866743916570104,0.5452261306532663,0.7396152707574458
path_b,Caminho B - Floresta Aleatória,0.049130938586326764,0.5456829602558245,0.7395616374687016
path_b,Caminho B - Floresta Aleatória,0.049130938586326764,0.5468250342622202,0.7392669106496472
path_b,Caminho B - Floresta Aleatória,0.04936268829663963,0.5468250342622202,0.7390649369750479
path_b,Caminho B - Floresta Aleatória,0.04936268829663963,0.5470534490634993,0.7389158639012549
path_b,Caminho B - Floresta Aleatória,0.04959443800695249,0.5470534490634993,0.7388162444721293
path_b,Caminho B - Floresta Aleatória,0.04959443800695249,0.5475102786660576,0.7383302469232738
path_b,Caminho B - Floresta Aleatória,0.04982618771726535,0.5475102786660576,0.7383130585364502
path_b,Caminho B - Floresta Aleatória,0.05005793742757821,0.5477386934673367,0.7380131714560183
path_b,Caminho B - Floresta Aleatória,0.05005793742757821,0.5479671082686158,0.7377150350648637
path_b,Caminho B - Floresta Aleatória,0.05028968713789108,0.5479671082686158,0.7375782950713522
path_b,Caminho B - Floresta Aleatória,0.05052143684820394,0.5481955230698949,0.737344354309941
path_b,Caminho B - Floresta Aleatória,0.05052143684820394,0.5497944266788488,0.7357146215314522
path_b,Caminho B - Floresta Aleatória,0.05098493626882966,0.5497944266788488,0.7356901467278013
path_b,Caminho B - Floresta Aleatória,0.05098493626882966,0.550251256281407,0.7350937099320559
path_b,Caminho B - Floresta Aleatória,0.05121668597914253,0.550251256281407,0.7347763083084837
path_b,Caminho B - Floresta Aleatória,0.05121668597914253,0.5507080858839652,0.7344845779786484
path_b,Caminho B - Floresta Aleatória,0.05144843568945539,0.5507080858839652,0.7344620073637192
path_b,Caminho B - Floresta Aleatória,0.05144843568945539,0.5511649154865236,0.7344116654704798
path_b,Caminho B - Floresta Aleatória,0.05168018539976825,0.5513933302878027,0.7343822547089854
path_b,Caminho B - Floresta Aleatória,0.05168018539976825,0.5516217450890818,0.7340676445969072
path_b,Caminho B - Floresta Aleatória,0.05191193511008111,0.55207857469164,0.7340043313849447
path_b,Caminho B - Floresta Aleatória,0.05191193511008111,0.5525354042941982,0.7335298563027288
path_b,Caminho B - Floresta Aleatória,0.05237543453070684,0.5527638190954773,0.7334748787740752
path_b,Caminho B - Floresta Aleatória,0.05237543453070684,0.5532206486980357,0.7333118154304025
path_b,Caminho B - Floresta Aleatória,0.05283893395133256,0.553905893101873,0.7332011964044762
path_b,Caminho B - Floresta Aleatória,0.05283893395133256,0.5541343079031521,0.7324807722131733
path_b,Caminho B - Floresta Aleatória,0.053070683661645426,0.5541343079031521,0.7323593912415872
path_b,Caminho B - Floresta Aleatória,0.05330243337195829,0.5543627227044312,0.7323245846526786
path_b,Caminho B - Floresta Aleatória,0.05330243337195829,0.5550479671082686,0.7319456555585562
path_b,Caminho B - Floresta Aleatória,0.05353418308227115,0.5555047967108269,0.7318011608861076
path_b,Caminho B - Floresta Aleatória,0.05353418308227115,0.555733211512106,0.7316433223243736
path_b,Caminho B - Floresta Aleatória,0.05376593279258401,0.555733211512106,0.7316147227369157
path_b,Caminho B - Floresta Aleatória,0.05376593279258401,0.5564184559159433,0.7314283478150508
path_b,Caminho B - Floresta Aleatória,0.05399768250289687,0.5564184559159433,0.7314244442944249
path_b,Caminho B - Floresta Aleatória,0.054229432213209736,0.5568752855185016,0.7314113501127392
path_b,Caminho B - Floresta Aleatória,0.054229432213209736,0.5571037003197807,0.7312269650419962
path_b,Caminho B - Floresta Aleatória,0.054692931633835457,0.5571037003197807,0.7311989145012712
path_b,Caminho B - Floresta Aleatória,0.054692931633835457,0.5582457743261764,0.7302514319395049
path_b,Caminho B - Floresta Aleatória,0.054692931633835457,0.5587026039287346,0.7301480640304996
path_b,Caminho B - Floresta Aleatória,0.054692931633835457,0.5589310187300137,0.7298292333650844
path_b,Caminho B - Floresta Aleatória,0.054692931633835457,0.559616263133851,0.7295577067345287
path_b,Caminho B - Floresta Aleatória,0.054692931633835457,0.5600730927364094,0.7294805385783906
path_b,Caminho B - Floresta Aleatória,0.054692931633835457,0.5607583371402467,0.7292074783824563
path_b,Caminho B - Floresta Aleatória,0.055156431054461184,0.5607583371402467,0.7288416273633339
path_b,Caminho B - Floresta Aleatória,0.055156431054461184,0.5625856555504797,0.7276566008350244
path_b,Caminho B - Floresta Aleatória,0.055388180764774045,0.5625856555504797,0.7273644091854671
path_b,Caminho B - Floresta Aleatória,0.055388180764774045,0.5630424851530379,0.7270484844781379
path_b,Caminho B - Floresta Aleatória,0.05608342989571263,0.563270899954317,0.7265849295514885
path_b,Caminho B - Floresta Aleatória,0.05608342989571263,0.5639561443581544,0.7256976947744426
path_b,Caminho B - Floresta Aleatória,0.056546929316338354,0.5639561443581544,0.7254930240499847
path_b,Caminho B - Floresta Aleatória,0.056546929316338354,0.5644129739607127,0.7253054071368689
path_b,Caminho B - Floresta Aleatória,0.056778679026651215,0.5644129739607127,0.7251332213750317
path_b,Caminho B - Floresta Aleatória,0.056778679026651215,0.5653266331658291,0.7247307812840633
path_b,Caminho B - Floresta Aleatória,0.05701042873696408,0.5653266331658291,0.7244680773905477
path_b,Caminho B - Floresta Aleatória,0.05724217844727694,0.5655550479671083,0.724265462558599
path_b,Caminho B - Floresta Aleatória,0.05724217844727694,0.5657834627683874,0.7242142634275971
path_b,Caminho B - Floresta Aleatória,0.0574739281575898,0.5657834627683874,0.7239924057524877
path_b,Caminho B - Floresta Aleatória,0.0574739281575898,0.5662402923709456,0.7239374365049529
path_b,Caminho B - Floresta Aleatória,0.05770567786790266,0.5662402923709456,0.7239045829726706
path_b,Caminho B - Floresta Aleatória,0.05770567786790266,0.5666971219735039,0.723839137937641
path_b,Caminho B - Floresta Aleatória,0.05770567786790266,0.566925536774783,0.7235307179830748
path_b,Caminho B - Floresta Aleatória,0.05793742757821553,0.5671539515760621,0.7232627958557785
path_b,Caminho B - Floresta Aleatória,0.05793742757821553,0.5682960255824577,0.7226720266391369
path_b,Caminho B - Floresta Aleatória,0.05793742757821553,0.568752855185016,0.7226578450006785
path_b,Caminho B - Floresta Aleatória,0.05793742757821553,0.5692096847875743,0.7223773267127873
path_b,Caminho B - Floresta Aleatória,0.05886442641946697,0.5692096847875743,0.7217838273261362
path_b,Caminho B - Floresta Aleatória,0.05886442641946697,0.5694380995888534,0.7214519898256058
path_b,Caminho B - Floresta Aleatória,0.0593279258400927,0.5694380995888534,0.7210930350375139
path_b,Caminho B - Floresta Aleatória,0.0593279258400927,0.5696665143901325,0.7207508876754999
path_b,Caminho B - Floresta Aleatória,0.05955967555040556,0.5696665143901325,0.7207172528776631
path_b,Caminho B - Floresta Aleatória,0.05955967555040556,0.5698949291914116,0.7207156543632515
path_b,Caminho B - Floresta Aleatória,0.05979142526071842,0.5698949291914116,0.7206980204202387
path_b,Caminho B - Floresta Aleatória,0.05979142526071842,0.5708085883965281,0.7200339917330537
path_b,Caminho B - Floresta Aleatória,0.05979142526071842,0.5712654179990864,0.720002171028275
path_b,Caminho B - Floresta Aleatória,0.06002317497103129,0.5712654179990864,0.7198220242624499
path_b,Caminho B - Floresta Aleatória,0.06002317497103129,0.5714938328003655,0.7197579409445816
path_b,Caminho B - Floresta Aleatória,0.06025492468134415,0.5717222476016446,0.7194814035278371
path_b,Caminho B - Floresta Aleatória,0.06025492468134415,0.5721790772042028,0.7194556737710504
path_b,Caminho B - Floresta Aleatória,0.06048667439165701,0.5724074920054819,0.7194539491568678
path_b,Caminho B - Floresta Aleatória,0.06048667439165701,0.5728643216080402,0.7193403641317404
path_b,Caminho B - Floresta Aleatória,0.06071842410196987,0.5728643216080402,0.719337866639598
path_b,Caminho B - Floresta Aleatória,0.06071842410196987,0.5730927364093193,0.7187383801750774
path_b,Caminho B - Floresta Aleatória,0.06095017381228274,0.5730927364093193,0.7187209643177869
path_b,Caminho B - Floresta Aleatória,0.06095017381228274,0.5733211512105985,0.7186884034334355
path_b,Caminho B - Floresta Aleatória,0.061877172653534186,0.5733211512105985,0.7179344203193546
path_b,Caminho B - Floresta Aleatória,0.061877172653534186,0.5735495660118776,0.7178112724293463
path_b,Caminho B - Floresta Aleatória,0.061877172653534186,0.5740063956144358,0.7176558754590361
path_b,Caminho B - Floresta Aleatória,0.061877172653534186,0.5742348104157149,0.7174406243667649
path_b,Caminho B - Floresta Aleatória,0.06210892236384705,0.5742348104157149,0.7167731342480402
path_b,Caminho B - Floresta Aleatória,0.06210892236384705,0.5746916400182732,0.7164761720444363
path_b,Caminho B - Floresta Aleatória,0.06234067207415991,0.5746916400182732,0.7161710294683581
path_b,Caminho B - Floresta Aleatória,0.06234067207415991,0.5749200548195523,0.7161442969620163
path_b,Caminho B - Floresta Aleatória,0.06234067207415991,0.5753768844221105,0.7159638584503869
path_b,Caminho B - Floresta Aleatória,0.06234067207415991,0.5758337140246688,0.7158712512491214
path_b,Caminho B - Floresta Aleatória,0.06257242178447277,0.5758337140246688,0.7156931484848202
path_b,Caminho B - Floresta Aleatória,0.06303592120509849,0.5758337140246688,0.7155804115614933
path_b,Caminho B - Floresta Aleatória,0.06303592120509849,0.5760621288259479,0.7154586049643237
path_b,Caminho B - Floresta Aleatória,0.06349942062572422,0.5760621288259479,0.7153067272923893
path_b,Caminho B - Floresta Aleatória,0.06396292004634994,0.5760621288259479,0.7146655787553107
path_b,Caminho B - Floresta Aleatória,0.06396292004634994,0.5767473732297853,0.714137315250831
path_b,Caminho B - Floresta Aleatória,0.0641946697566628,0.5772042028323435,0.7139124275064165
path_b,Caminho B - Floresta Aleatória,0.0641946697566628,0.5776610324349017,0.7138157897211386
path_b,Caminho B - Floresta Aleatória,0.06442641946697567,0.5776610324349017,0.7133922838099125
path_b,Caminho B - Floresta Aleatória,0.06442641946697567,0.5778894472361809,0.7131849074846527
path_b,Caminho B - Floresta Aleatória,0.06465816917728853,0.5778894472361809,0.7124782508669105
path_b,Caminho B - Floresta Aleatória,0.06465816917728853,0.5783462768387392,0.7122659971899126
path_b,Caminho B - Floresta Aleatória,0.06488991888760139,0.5783462768387392,0.7121061329070257
path_b,Caminho B - Floresta Aleatória,0.06512166859791425,0.5785746916400183,0.7117322639946567
path_b,Caminho B - Floresta Aleatória,0.06512166859791425,0.5788031064412974,0.7115756927966806
path_b,Caminho B - Floresta Aleatória,0.06558516801853997,0.5788031064412974,0.7114008722166993
path_b,Caminho B - Floresta Aleatória,0.06558516801853997,0.5792599360438556,0.7109247890172768
path_b,Caminho B - Floresta Aleatória,0.06581691772885284,0.5792599360438556,0.7108720432014699
path_b,Caminho B - Floresta Aleatória,0.06581691772885284,0.5797167656464138,0.7108439239289432
path_b,Caminho B - Floresta Aleatória,0.0660486674391657,0.5797167656464138,0.7106867200645568
path_b,Caminho B - Floresta Aleatória,0.06628041714947856,0.579945180447693,0.7103829143567819
path_b,Caminho B - Floresta Aleatória,0.06628041714947856,0.5804020100502513,0.7102464569066441
path_b,Caminho B - Floresta Aleatória,0.06697566628041715,0.5810872544540886,0.7099463227910308
path_b,Caminho B - Floresta Aleatória,0.06743916570104287,0.5810872544540886,0.7099326709908743
path_b,Caminho B - Floresta Aleatória,0.06743916570104287,0.5813156692553677,0.7099126731315584
path_b,Caminho B - Floresta Aleatória,0.06767091541135574,0.5813156692553677,0.7099078942177421
path_b,Caminho B - Floresta Aleatória,0.06767091541135574,0.5815440840566469,0.7099001446350305
path_b,Caminho B - Floresta Aleatória,0.06790266512166859,0.5815440840566469,0.7095263119181182
path_b,Caminho B - Floresta Aleatória,0.06790266512166859,0.5824577432617634,0.7091187791307249
path_b,Caminho B - Floresta Aleatória,0.06813441483198146,0.5826861580630425,0.7091010442573628
path_b,Caminho B - Floresta Aleatória,0.06836616454229433,0.5831429876656007,0.7089526347568518
path_b,Caminho B - Floresta Aleatória,0.06859791425260718,0.5831429876656007,0.7087949327049539
path_b,Caminho B - Floresta Aleatória,0.06859791425260718,0.583599817268159,0.7084736027678367
path_b,Caminho B - Floresta Aleatória,0.06859791425260718,0.5842850616719963,0.7074924660010433
path_b,Caminho B - Floresta Aleatória,0.06859791425260718,0.5851987208771129,0.7074005443493562
path_b,Caminho B - Floresta Aleatória,0.06882966396292005,0.5851987208771129,0.7072292351181468
path_b,Caminho B - Floresta Aleatória,0.06882966396292005,0.5856555504796711,0.7070341072503531
path_b,Caminho B - Floresta Aleatória,0.06929316338354577,0.5856555504796711,0.7063143920541409
path_b,Caminho B - Floresta Aleatória,0.06929316338354577,0.5863407948835084,0.7061415265182996
path_b,Caminho B - Floresta Aleatória,0.06952491309385864,0.5863407948835084,0.7061246591295998
path_b,Caminho B - Floresta Aleatória,0.06952491309385864,0.5865692096847875,0.7057957962656026
path_b,Caminho B - Floresta Aleatória,0.06975666280417149,0.587254454088625,0.7056396474747217
path_b,Caminho B - Floresta Aleatória,0.06975666280417149,0.5886249428962996,0.7051115792456645
path_b,Caminho B - Floresta Aleatória,0.06998841251448436,0.5886249428962996,0.7050258513464407
path_b,Caminho B - Floresta Aleatória,0.06998841251448436,0.5893101873001371,0.7041435593867861
path_b,Caminho B - Floresta Aleatória,0.07022016222479723,0.5893101873001371,0.7036375891700288
path_b,Caminho B - Floresta Aleatória,0.07022016222479723,0.5895386021014162,0.7035699256484045
path_b,Caminho B - Floresta Aleatória,0.07045191193511008,0.5895386021014162,0.7032912931374049
path_b,Caminho B - Floresta Aleatória,0.07045191193511008,0.5897670169026953,0.7027434215289561
path_b,Caminho B - Floresta Aleatória,0.0709154113557358,0.5897670169026953,0.7023341473831534
path_b,Caminho B - Floresta Aleatória,0.0709154113557358,0.5902238465052535,0.7022492303668246
path_b,Caminho B - Floresta Aleatória,0.07137891077636153,0.5902238465052535,0.702064782795415
path_b,Caminho B - Floresta Aleatória,0.07137891077636153,0.5904522613065326,0.7019412174938291
path_b,Caminho B - Floresta Aleatória,0.07161066048667439,0.5904522613065326,0.7019060504295837
path_b,Caminho B - Floresta Aleatória,0.07161066048667439,0.5909090909090909,0.701729018140229
path_b,Caminho B - Floresta Aleatória,0.07207415990730012,0.5909090909090909,0.7011908374962817
path_b,Caminho B - Floresta Aleatória,0.07207415990730012,0.592964824120603,0.6996418316985399
path_b,Caminho B - Floresta Aleatória,0.07230590961761298,0.592964824120603,0.6995365743695146
path_b,Caminho B - Floresta Aleatória,0.07230590961761298,0.5934216537231612,0.6991646372007532
path_b,Caminho B - Floresta Aleatória,0.07300115874855156,0.5934216537231612,0.6986056167666257
path_b,Caminho B - Floresta Aleatória,0.07323290845886443,0.5938784833257195,0.6983769334881395
path_b,Caminho B - Floresta Aleatória,0.07346465816917729,0.5938784833257195,0.6980910325364655
path_b,Caminho B - Floresta Aleatória,0.07346465816917729,0.5952489721333942,0.697473622627293
path_b,Caminho B - Floresta Aleatória,0.07369640787949015,0.5952489721333942,0.6974545590296961
path_b,Caminho B - Floresta Aleatória,0.07369640787949015,0.5957058017359524,0.6970813304743528
path_b,Caminho B - Floresta Aleatória,0.07415990730011587,0.5957058017359524,0.696865625181683
path_b,Caminho B - Floresta Aleatória,0.07415990730011587,0.5959342165372317,0.6967638739388747
path_b,Caminho B - Floresta Aleatória,0.07439165701042874,0.5959342165372317,0.6966802732413641
path_b,Caminho B - Floresta Aleatória,0.07439165701042874,0.5961626313385108,0.696537419205079
path_b,Caminho B - Floresta Aleatória,0.07485515643105446,0.5961626313385108,0.6962175184367881
path_b,Caminho B - Floresta Aleatória,0.07485515643105446,0.5970762905436272,0.695799458902786
path_b,Caminho B - Floresta Aleatória,0.07508690614136733,0.5970762905436272,0.6955818608956854
path_b,Caminho B - Floresta Aleatória,0.07508690614136733,0.5979899497487438,0.6946936382351199
path_b,Caminho B - Floresta Aleatória,0.07555040556199305,0.5979899497487438,0.6942537803952844
path_b,Caminho B - Floresta Aleatória,0.07555040556199305,0.5989036089538602,0.6937321711989411
path_b,Caminho B - Floresta Aleatória,0.07601390498261877,0.5993604385564184,0.6934576755678625
path_b,Caminho B - Floresta Aleatória,0.07624565469293164,0.5993604385564184,0.693389305409928
path_b,Caminho B - Floresta Aleatória,0.07624565469293164,0.5998172681589767,0.6929692448292434
path_b,Caminho B - Floresta Aleatória,0.07647740440324449,0.5998172681589767,0.6928528583927037
path_b,Caminho B - Floresta Aleatória,0.07647740440324449,0.6000456829602558,0.6928140967127957
path_b,Caminho B - Floresta Aleatória,0.07670915411355736,0.6000456829602558,0.6926975473822835
path_b,Caminho B - Floresta Aleatória,0.07670915411355736,0.6007309273640932,0.6918273689675852
path_b,Caminho B - Floresta Aleatória,0.07694090382387023,0.6007309273640932,0.6917753986271197
path_b,Caminho B - Floresta Aleatória,0.07694090382387023,0.6009593421653723,0.6917066099005517
path_b,Caminho B - Floresta Aleatória,0.07717265353418308,0.6009593421653723,0.6916776545804791
path_b,Caminho B - Floresta Aleatória,0.07717265353418308,0.6014161717679306,0.6912494916265177
path_b,Caminho B - Floresta Aleatória,0.07740440324449595,0.6014161717679306,0.6912268909340129
path_b,Caminho B - Floresta Aleatória,0.07740440324449595,0.6016445865692097,0.691074857711178
path_b,Caminho B - Floresta Aleatória,0.07740440324449595,0.6021014161717679,0.6910418495338249
path_b,Caminho B - Floresta Aleatória,0.07740440324449595,0.6025582457743262,0.6906645414754744
path_b,Caminho B - Floresta Aleatória,0.07786790266512167,0.6034719049794427,0.690641475350986
path_b,Caminho B - Floresta Aleatória,0.07786790266512167,0.6039287345820009,0.6904929982025126
path_b,Caminho B - Floresta Aleatória,0.07809965237543454,0.6039287345820009,0.6900998989386035
path_b,Caminho B - Floresta Aleatória,0.07809965237543454,0.60415714938328,0.6900271640029912
path_b,Caminho B - Floresta Aleatória,0.07833140208574739,0.60415714938328,0.6899662726052561
path_b,Caminho B - Floresta Aleatória,0.07833140208574739,0.6050708085883966,0.6896544472571479
path_b,Caminho B - Floresta Aleatória,0.07902665121668598,0.6050708085883966,0.6891700740269878
path_b,Caminho B - Floresta Aleatória,0.07902665121668598,0.6052992233896757,0.6890056870471746
path_b,Caminho B - Floresta Aleatória,0.07972190034762457,0.6052992233896757,0.688912027920315
path_b,Caminho B - Floresta Aleatória,0.07972190034762457,0.6062128825947921,0.6884050362250683
path_b,Caminho B - Floresta Aleatória,0.07972190034762457,0.6066697121973504,0.6881516369435857
path_b,Caminho B - Floresta Aleatória,0.07972190034762457,0.6068981269986296,0.6880086914376717
path_b,Caminho B - Floresta Aleatória,0.07995365005793743,0.6068981269986296,0.6879763358499811
path_b,Caminho B - Floresta Aleatória,0.07995365005793743,0.6071265417999087,0.6878990881670781
path_b,Caminho B - Floresta Aleatória,0.07995365005793743,0.6075833714024669,0.6876400828118884
path_b,Caminho B - Floresta Aleatória,0.08018539976825029,0.6075833714024669,0.6874768934145445
path_b,Caminho B - Floresta Aleatória,0.08041714947856315,0.607811786203746,0.6872824058741641
path_b,Caminho B - Floresta Aleatória,0.08064889918887601,0.6084970306075834,0.6872639478114586
path_b,Caminho B - Floresta Aleatória,0.08064889918887601,0.6087254454088625,0.6872449601163667
path_b,Caminho B - Floresta Aleatória,0.08064889918887601,0.6091822750114207,0.6869999622027296
path_b,Caminho B - Floresta Aleatória,0.08157589803012746,0.6091822750114207,0.6867713275121482
path_b,Caminho B - Floresta Aleatória,0.08157589803012746,0.6100959342165372,0.68657355417557
path_b,Caminho B - Floresta Aleatória,0.08180764774044033,0.6100959342165372,0.6863943170969152
path_b,Caminho B - Floresta Aleatória,0.08180764774044033,0.6107811786203746,0.6862948465098806
path_b,Caminho B - Floresta Aleatória,0.08180764774044033,0.6110095934216537,0.686151277817408
path_b,Caminho B - Floresta Aleatória,0.08203939745075318,0.6110095934216537,0.6860408202087087
path_b,Caminho B - Floresta Aleatória,0.08203939745075318,0.6112380082229328,0.6859900320304452
path_b,Caminho B - Floresta Aleatória,0.08227114716106605,0.6112380082229328,0.6859841259050765
path_b,Caminho B - Floresta Aleatória,0.08227114716106605,0.6121516674280494,0.6838316578532833
path_b,Caminho B - Floresta Aleatória,0.08227114716106605,0.6126084970306076,0.6837995221037731
path_b,Caminho B - Floresta Aleatória,0.0825028968713789,0.6126084970306076,0.6836240751244257
path_b,Caminho B - Floresta Aleatória,0.0825028968713789,0.6130653266331658,0.6835001169472109
path_b,Caminho B - Floresta Aleatória,0.08296639629200464,0.613522156235724,0.6833850670989454
path_b,Caminho B - Floresta Aleatória,0.08296639629200464,0.6137505710370031,0.6832707572874094
path_b,Caminho B - Floresta Aleatória,0.0831981460023175,0.6139789858382824,0.6831990456332737
path_b,Caminho B - Floresta Aleatória,0.08342989571263036,0.6139789858382824,0.6831091808460462
path_b,Caminho B - Floresta Aleatória,0.08342989571263036,0.6144358154408406,0.682498406547373
path_b,Caminho B - Floresta Aleatória,0.08366164542294321,0.6144358154408406,0.6824931235385577
path_b,Caminho B - Floresta Aleatória,0.08366164542294321,0.6155778894472361,0.6822658786124449
path_b,Caminho B - Floresta Aleatória,0.08389339513325608,0.6155778894472361,0.6821172841108689
path_b,Caminho B - Floresta Aleatória,0.08389339513325608,0.6162631338510736,0.6817994466803028
path_b,Caminho B - Floresta Aleatória,0.08412514484356895,0.6162631338510736,0.6817789271811299
path_b,Caminho B - Floresta Aleatória,0.08412514484356895,0.6174052078574692,0.680896289412629
path_b,Caminho B - Floresta Aleatória,0.0843568945538818,0.6174052078574692,0.6807750600624424
path_b,Caminho B - Floresta Aleatória,0.0843568945538818,0.6176336226587483,0.6807679022476748
path_b,Caminho B - Floresta Aleatória,0.08505214368482039,0.6176336226587483,0.6803145540686003
path_b,Caminho B - Floresta Aleatória,0.08505214368482039,0.6183188670625857,0.6799349920252152
path_b,Caminho B - Floresta Aleatória,0.08505214368482039,0.6187756966651439,0.6797960345176988
path_b,Caminho B - Floresta Aleatória,0.08505214368482039,0.6192325262677022,0.6795981905626847
path_b,Caminho B - Floresta Aleatória,0.08574739281575898,0.6192325262677022,0.6790717614426116
path_b,Caminho B - Floresta Aleatória,0.08597914252607185,0.6196893558702604,0.6790657178161231
path_b,Caminho B - Floresta Aleatória,0.08597914252607185,0.6199177706715395,0.6787368229192123
path_b,Caminho B - Floresta Aleatória,0.0862108922363847,0.6199177706715395,0.6783173319598331
path_b,Caminho B - Floresta Aleatória,0.0862108922363847,0.6201461854728186,0.6783111360921654
path_b,Caminho B - Floresta Aleatória,0.08667439165701044,0.6206030150753769,0.6778952298182169
path_b,Caminho B - Floresta Aleatória,0.08667439165701044,0.620831429876656,0.6777708709276298
path_b,Caminho B - Floresta Aleatória,0.08760139049826188,0.620831429876656,0.6771335491204103
path_b,Caminho B - Floresta Aleatória,0.08760139049826188,0.6210598446779352,0.676756608379007
path_b,Caminho B - Floresta Aleatória,0.08783314020857474,0.6210598446779352,0.6766126157664353
path_b,Caminho B - Floresta Aleatória,0.08783314020857474,0.6217450890817725,0.6760978714480081
path_b,Caminho B - Floresta Aleatória,0.0880648899188876,0.6217450890817725,0.6760563599230556
path_b,Caminho B - Floresta Aleatória,0.0880648899188876,0.6238008222932846,0.6750983271454264
path_b,Caminho B - Floresta Aleatória,0.08829663962920047,0.6238008222932846,0.6750676230159682
path_b,Caminho B - Floresta Aleatória,0.08829663962920047,0.6247144814984011,0.6739628806643226
path_b,Caminho B - Floresta Aleatória,0.08829663962920047,0.6251713111009594,0.6735380585680623
path_b,Caminho B - Floresta Aleatória,0.08876013904982619,0.6251713111009594,0.6730913431986507
path_b,Caminho B - Floresta Aleatória,0.08876013904982619,0.6258565555047967,0.6730836161240701
path_b,Caminho B - Floresta Aleatória,0.08876013904982619,0.6267702147099132,0.6728214070346674
path_b,Caminho B - Floresta Aleatória,0.08876013904982619,0.6272270443124714,0.6725455213989703
path_b,Caminho B - Floresta Aleatória,0.08876013904982619,0.6274554591137506,0.6722010209218717
path_b,Caminho B - Floresta Aleatória,0.08899188876013905,0.6279122887163088,0.671596479825619
path_b,Caminho B - Floresta Aleatória,0.08922363847045191,0.6279122887163088,0.6715591108789143
path_b,Caminho B - Floresta Aleatória,0.08945538818076477,0.628140703517588,0.6712737578651669
path_b,Caminho B - Floresta Aleatória,0.0899188876013905,0.628140703517588,0.6711151917297956
path_b,Caminho B - Floresta Aleatória,0.0899188876013905,0.6283691183188671,0.6709384909842818
path_b,Caminho B - Floresta Aleatória,0.09015063731170336,0.6283691183188671,0.6707106797598543
path_b,Caminho B - Floresta Aleatória,0.09015063731170336,0.6290543627227044,0.6699623490304527
path_b,Caminho B - Floresta Aleatória,0.09038238702201622,0.6295111923252626,0.6699273511410057
path_b,Caminho B - Floresta Aleatória,0.09038238702201622,0.6297396071265418,0.6698640879129911
path_b,Caminho B - Floresta Aleatória,0.09061413673232908,0.6297396071265418,0.669620613409124
path_b,Caminho B - Floresta Aleatória,0.09061413673232908,0.629968021927821,0.6693405249960336
path_b,Caminho B - Floresta Aleatória,0.09084588644264195,0.629968021927821,0.6685242542242172
path_b,Caminho B - Floresta Aleatória,0.09084588644264195,0.6306532663316583,0.6684389822326021
path_b,Caminho B - Floresta Aleatória,0.09084588644264195,0.6313385107354956,0.6681588976387309
path_b,Caminho B - Floresta Aleatória,0.0910776361529548,0.6313385107354956,0.668042665305684
path_b,Caminho B - Floresta Aleatória,0.0910776361529548,0.631795340338054,0.6678673522680233
path_b,Caminho B - Floresta Aleatória,0.0910776361529548,0.6322521699406122,0.6675694251022868
path_b,Caminho B - Floresta Aleatória,0.0910776361529548,0.6329374143444495,0.6668676421910278
path_b,Caminho B - Floresta Aleatória,0.09130938586326767,0.6331658291457286,0.6668053656909267
path_b,Caminho B - Floresta Aleatória,0.09130938586326767,0.6340794883508452,0.6665731040338637
path_b,Caminho B - Floresta Aleatória,0.09130938586326767,0.6345363179534034,0.6664218499267928
path_b,Caminho B - Floresta Aleatória,0.09154113557358054,0.6345363179534034,0.6654986466946461
path_b,Caminho B - Floresta Aleatória,0.09154113557358054,0.6349931475559616,0.6653585245365853
path_b,Caminho B - Floresta Aleatória,0.09200463499420626,0.6349931475559616,0.665165334213266
path_b,Caminho B - Floresta Aleatória,0.09200463499420626,0.6352215623572407,0.665037567355727
path_b,Caminho B - Floresta Aleatória,0.09223638470451911,0.6352215623572407,0.6649219834564538
path_b,Caminho B - Floresta Aleatória,0.09223638470451911,0.6370488807674737,0.6635689787833394
path_b,Caminho B - Floresta Aleatória,0.09246813441483198,0.6372772955687529,0.6630330184462451
path_b,Caminho B - Floresta Aleatória,0.09246813441483198,0.6377341251713111,0.662441424447932
path_b,Caminho B - Floresta Aleatória,0.09269988412514485,0.6379625399725902,0.6621362371291282
path_b,Caminho B - Floresta Aleatória,0.0929316338354577,0.6379625399725902,0.6619141327198863
path_b,Caminho B - Floresta Aleatória,0.0929316338354577,0.6384193695751484,0.6615006558019574
path_b,Caminho B - Floresta Aleatória,0.09316338354577057,0.6388761991777067,0.6613114822554841
path_b,Caminho B - Floresta Aleatória,0.09316338354577057,0.6395614435815441,0.6608401701173812
path_b,Caminho B - Floresta Aleatória,0.09339513325608342,0.6395614435815441,0.6608041696536657
path_b,Caminho B - Floresta Aleatória,0.09339513325608342,0.641160347190498,0.6599869698724552
path_b,Caminho B - Floresta Aleatória,0.09362688296639629,0.641160347190498,0.6599718928049813
path_b,Caminho B - Floresta Aleatória,0.09385863267670916,0.6413887619917771,0.6598178229574158
path_b,Caminho B - Floresta Aleatória,0.09501738122827347,0.6413887619917771,0.6589159138216146
path_b,Caminho B - Floresta Aleatória,0.09501738122827347,0.6418455915943353,0.6588320472920515
path_b,Caminho B - Floresta Aleatória,0.09548088064889919,0.6418455915943353,0.6586257926515394
path_b,Caminho B - Floresta Aleatória,0.09548088064889919,0.6423024211968935,0.6584754406052802
path_b,Caminho B - Floresta Aleatória,0.09617612977983778,0.6423024211968935,0.658238285359437
path_b,Caminho B - Floresta Aleatória,0.09617612977983778,0.6432160804020101,0.6577923238717012
path_b,Caminho B - Floresta Aleatória,0.09640787949015064,0.6432160804020101,0.6576755050442793
path_b,Caminho B - Floresta Aleatória,0.09640787949015064,0.6436729100045683,0.6576181002684656
path_b,Caminho B - Floresta Aleatória,0.09687137891077637,0.6436729100045683,0.6572434702952022
path_b,Caminho B - Floresta Aleatória,0.09687137891077637,0.6441297396071265,0.6569520338085721
path_b,Caminho B - Floresta Aleatória,0.09687137891077637,0.645043398812243,0.6568895818311441
path_b,Caminho B - Floresta Aleatória,0.09710312862108922,0.645043398812243,0.6568077570296709
path_b,Caminho B - Floresta Aleatória,0.09733487833140209,0.6452718136135221,0.6566661809352057
path_b,Caminho B - Floresta Aleatória,0.09733487833140209,0.6455002284148013,0.6565477226003175
path_b,Caminho B - Floresta Aleatória,0.09756662804171495,0.6455002284148013,0.6563557247759871
path_b,Caminho B - Floresta Aleatória,0.0977983777520278,0.6457286432160804,0.6562275570471515
path_b,Caminho B - Floresta Aleatória,0.0977983777520278,0.6459570580173595,0.6561251687444437
path_b,Caminho B - Floresta Aleatória,0.0977983777520278,0.6464138876199178,0.6560594084598506
path_b,Caminho B - Floresta Aleatória,0.0977983777520278,0.6466423024211969,0.6558686723771181
path_b,Caminho B - Floresta Aleatória,0.09803012746234067,0.6466423024211969,0.6558102687404294
path_b,Caminho B - Floresta Aleatória,0.09826187717265353,0.646870717222476,0.655699679785065
path_b,Caminho B - Floresta Aleatória,0.09872537659327926,0.6470991320237551,0.6556459009381658
path_b,Caminho B - Floresta Aleatória,0.09872537659327926,0.6475559616263133,0.6555923564826847
path_b,Caminho B - Floresta Aleatória,0.09895712630359212,0.6475559616263133,0.6554444312224684
path_b,Caminho B - Floresta Aleatória,0.09895712630359212,0.6484696208314299,0.6548239886640014
path_b,Caminho B - Floresta Aleatória,0.09918887601390498,0.6484696208314299,0.6545197106924462
path_b,Caminho B - Floresta Aleatória,0.09918887601390498,0.648698035632709,0.6541541000715666
path_b,Caminho B - Floresta Aleatória,0.09942062572421785,0.6491548652352672,0.653958644965032
path_b,Caminho B - Floresta Aleatória,0.0996523754345307,0.6491548652352672,0.6539002111471027
path_b,Caminho B - Floresta Aleatória,0.0996523754345307,0.6496116948378254,0.6537083000371204
path_b,Caminho B - Floresta Aleatória,0.10011587485515643,0.6496116948378254,0.6535625237878958
path_b,Caminho B - Floresta Aleatória,0.10011587485515643,0.6498401096391047,0.6532226119229462
path_b,Caminho B - Floresta Aleatória,0.10034762456546929,0.6500685244403838,0.6531871409286781
path_b,Caminho B - Floresta Aleatória,0.10034762456546929,0.6502969392416629,0.6531840259896924
path_b,Caminho B - Floresta Aleatória,0.10057937427578216,0.6502969392416629,0.6531026693985299
path_b,Caminho B - Floresta Aleatória,0.10057937427578216,0.6512105984467793,0.6527027819888974
path_b,Caminho B - Floresta Aleatória,0.10104287369640788,0.6512105984467793,0.6521647936194789
path_b,Caminho B - Floresta Aleatória,0.10104287369640788,0.6514390132480585,0.6521288931225914
path_b,Caminho B - Floresta Aleatória,0.10127462340672075,0.6514390132480585,0.651672137836525
path_b,Caminho B - Floresta Aleatória,0.10127462340672075,0.6521242576518959,0.6511579450030746
path_b,Caminho B - Floresta Aleatória,0.1015063731170336,0.6521242576518959,0.6511110545532341
path_b,Caminho B - Floresta Aleatória,0.1015063731170336,0.6530379168570123,0.6503396104917037
path_b,Caminho B - Floresta Aleatória,0.10173812282734647,0.6532663316582915,0.6502242589996732
path_b,Caminho B - Floresta Aleatória,0.10173812282734647,0.654179990863408,0.6491540972056306
path_b,Caminho B - Floresta Aleatória,0.10220162224797219,0.654179990863408,0.6488791215505619
path_b,Caminho B - Floresta Aleatória,0.10220162224797219,0.6546368204659662,0.648871308394365
path_b,Caminho B - Floresta Aleatória,0.10243337195828506,0.6546368204659662,0.6486227376659944
path_b,Caminho B - Floresta Aleatória,0.10243337195828506,0.6550936500685245,0.6485313784390893
path_b,Caminho B - Floresta Aleatória,0.10266512166859791,0.6550936500685245,0.6481843600485894
path_b,Caminho B - Floresta Aleatória,0.10266512166859791,0.6557788944723618,0.6476669278644877
path_b,Caminho B - Floresta Aleatória,0.10266512166859791,0.65623572407492,0.6474850778385173
path_b,Caminho B - Floresta Aleatória,0.10266512166859791,0.6571493832800366,0.6470500022858107
path_b,Caminho B - Floresta Aleatória,0.10289687137891078,0.6571493832800366,0.6467103401111354
path_b,Caminho B - Floresta Aleatória,0.10289687137891078,0.6576062128825948,0.6466173241836306
path_b,Caminho B - Floresta Aleatória,0.10312862108922363,0.6576062128825948,0.6465771815802257
path_b,Caminho B - Floresta Aleatória,0.10312862108922363,0.6582914572864321,0.6455509002777151
path_b,Caminho B - Floresta Aleatória,0.1033603707995365,0.6582914572864321,0.6455157612149011
path_b,Caminho B - Floresta Aleatória,0.1033603707995365,0.6594335312928278,0.6448395972423446
path_b,Caminho B - Floresta Aleatória,0.10359212050984937,0.6596619460941069,0.6447802924557829
path_b,Caminho B - Floresta Aleatória,0.10405561993047509,0.6596619460941069,0.644688449113647
path_b,Caminho B - Floresta Aleatória,0.10405561993047509,0.659890360895386,0.6444848277552052
path_b,Caminho B - Floresta Aleatória,0.10428736964078796,0.659890360895386,0.6444609205392199
path_b,Caminho B - Floresta Aleatória,0.10428736964078796,0.6601187756966651,0.6442965471141585
path_b,Caminho B - Floresta Aleatória,0.10451911935110081,0.6603471904979442,0.6442397203683677
path_b,Caminho B - Floresta Aleatória,0.10451911935110081,0.6605756052992234,0.644041347768444
path_b,Caminho B - Floresta Aleatória,0.10475086906141368,0.6605756052992234,0.6438840152261247
path_b,Caminho B - Floresta Aleatória,0.10475086906141368,0.6621745089081772,0.6432902552092395
path_b,Caminho B - Floresta Aleatória,0.10498261877172653,0.6621745089081772,0.6432382069194846
path_b,Caminho B - Floresta Aleatória,0.10498261877172653,0.6633165829145728,0.6424481116824124
path_b,Caminho B - Floresta Aleatória,0.1052143684820394,0.663544997715852,0.6421876314595935
path_b,Caminho B - Floresta Aleatória,0.1052143684820394,0.6640018273184103,0.6421721490602823
path_b,Caminho B - Floresta Aleatória,0.1052143684820394,0.6649154865235267,0.6414994837809771
path_b,Caminho B - Floresta Aleatória,0.10544611819235226,0.6649154865235267,0.6414126465491513
path_b,Caminho B - Floresta Aleatória,0.10544611819235226,0.6651439013248058,0.6411391056312545
path_b,Caminho B - Floresta Aleatória,0.10614136732329085,0.665600730927364,0.6410590723793412
path_b,Caminho B - Floresta Aleatória,0.1063731170336037,0.6658291457286433,0.6409567675437491
path_b,Caminho B - Floresta Aleatória,0.1063731170336037,0.6660575605299224,0.6408043280363911
path_b,Caminho B - Floresta Aleatória,0.10660486674391657,0.6660575605299224,0.6405751845563619
path_b,Caminho B - Floresta Aleatória,0.10660486674391657,0.6662859753312015,0.640527428963515
path_b,Caminho B - Floresta Aleatória,0.10683661645422943,0.6667428049337597,0.6404894907655141
path_b,Caminho B - Floresta Aleatória,0.1070683661645423,0.6667428049337597,0.6403511365931984
path_b,Caminho B - Floresta Aleatória,0.1070683661645423,0.6671996345363179,0.6401320847943673
path_b,Caminho B - Floresta Aleatória,0.10730011587485516,0.6671996345363179,0.640071089333881
path_b,Caminho B - Floresta Aleatória,0.10753186558516802,0.6676564641388762,0.6399888363440243
path_b,Caminho B - Floresta Aleatória,0.10753186558516802,0.6683417085427136,0.6397789237383493
path_b,Caminho B - Floresta Aleatória,0.10776361529548088,0.6683417085427136,0.639716981007958
path_b,Caminho B - Floresta Aleatória,0.10776361529548088,0.6701690269529466,0.6386999621303284
path_b,Caminho B - Floresta Aleatória,0.10799536500579374,0.6701690269529466,0.6386942550301711
path_b,Caminho B - Floresta Aleatória,0.10799536500579374,0.6706258565555048,0.6386904513258158
path_b,Caminho B - Floresta Aleatória,0.1082271147161066,0.6706258565555048,0.6386270717345317
path_b,Caminho B - Floresta Aleatória,0.1082271147161066,0.6713111009593422,0.6379270700513805
path_b,Caminho B - Floresta Aleatória,0.1082271147161066,0.6717679305619004,0.6378887030258954
path_b,Caminho B - Floresta Aleatória,0.10845886442641947,0.6717679305619004,0.6377782232651008
path_b,Caminho B - Floresta Aleatória,0.10845886442641947,0.6719963453631795,0.6375320491330055
path_b,Caminho B - Floresta Aleatória,0.10869061413673232,0.6722247601644586,0.6372773316045405
path_b,Caminho B - Floresta Aleatória,0.10869061413673232,0.672910004568296,0.6369653651340068
path_b,Caminho B - Floresta Aleatória,0.10892236384704519,0.672910004568296,0.6369162734823418
path_b,Caminho B - Floresta Aleatória,0.10961761297798378,0.672910004568296,0.6369074869185789
path_b,Caminho B - Floresta Aleatória,0.10961761297798378,0.6733668341708543,0.6369007316081939
path_b,Caminho B - Floresta Aleatória,0.10961761297798378,0.6735952489721334,0.6367231742570844
path_b,Caminho B - Floresta Aleatória,0.10961761297798378,0.6740520785746916,0.6365414549103763
path_b,Caminho B - Floresta Aleatória,0.10984936268829663,0.6742804933759707,0.6365266661819954
path_b,Caminho B - Floresta Aleatória,0.1100811123986095,0.6742804933759707,0.6363581635302445
path_b,Caminho B - Floresta Aleatória,0.1100811123986095,0.6747373229785291,0.6363371144458205
path_b,Caminho B - Floresta Aleatória,0.11123986095017381,0.6747373229785291,0.6359222326744262
path_b,Caminho B - Floresta Aleatória,0.11123986095017381,0.6763362265874828,0.635145803143545
path_b,Caminho B - Floresta Aleatória,0.11147161066048668,0.6763362265874828,0.6348294677810342
path_b,Caminho B - Floresta Aleatória,0.11147161066048668,0.6767930561900412,0.6344819437430443
path_b,Caminho B - Floresta Aleatória,0.11170336037079953,0.6767930561900412,0.6343518881078318
path_b,Caminho B - Floresta Aleatória,0.11170336037079953,0.6774783005938785,0.6330438505738043
path_b,Caminho B - Floresta Aleatória,0.11216685979142527,0.6777067153951576,0.6330088974060357
path_b,Caminho B - Floresta Aleatória,0.11216685979142527,0.6779351301964367,0.632985448659506
path_b,Caminho B - Floresta Aleatória,0.11239860950173812,0.6781635449977158,0.6329432955904905
path_b,Caminho B - Floresta Aleatória,0.11239860950173812,0.6790772042028324,0.6323971376015608
path_b,Caminho B - Floresta Aleatória,0.11239860950173812,0.6793056190041115,0.6323435183470615
path_b,Caminho B - Floresta Aleatória,0.11263035921205099,0.6797624486066697,0.6322956910743416
path_b,Caminho B - Floresta Aleatória,0.11263035921205099,0.680219278209228,0.6314116373500089
path_b,Caminho B - Floresta Aleatória,0.11286210892236384,0.680219278209228,0.6312340264588573
path_b,Caminho B - Floresta Aleatória,0.11286210892236384,0.6811329374143444,0.6308932043412815
path_b,Caminho B - Floresta Aleatória,0.11286210892236384,0.6818181818181818,0.6308553725461046
path_b,Caminho B - Floresta Aleatória,0.11286210892236384,0.682046596619461,0.6307797903754092
path_b,Caminho B - Floresta Aleatória,0.11309385863267671,0.682046596619461,0.6306908137666815
path_b,Caminho B - Floresta Aleatória,0.11309385863267671,0.6822750114207401,0.6301491385368665
path_b,Caminho B - Floresta Aleatória,0.11332560834298958,0.6822750114207401,0.6299782436772451
path_b,Caminho B - Floresta Aleatória,0.11332560834298958,0.6827318410232983,0.629588968563107
path_b,Caminho B - Floresta Aleatória,0.11355735805330243,0.6827318410232983,0.6295150947205701
path_b,Caminho B - Floresta Aleatória,0.11355735805330243,0.6829602558245774,0.62934988589909
path_b,Caminho B - Floresta Aleatória,0.1137891077636153,0.6829602558245774,0.629304949925801
path_b,Caminho B - Floresta Aleatória,0.1137891077636153,0.6834170854271356,0.6291348055018207
path_b,Caminho B - Floresta Aleatória,0.1137891077636153,0.6836455002284147,0.629121189545259
path_b,Caminho B - Floresta Aleatória,0.11402085747392816,0.6836455002284147,0.6288862680805752
path_b,Caminho B - Floresta Aleatória,0.11425260718424102,0.6841023298309731,0.6286707242952593
path_b,Caminho B - Floresta Aleatória,0.11448435689455388,0.6841023298309731,0.6286464951767274
path_b,Caminho B - Floresta Aleatória,0.11448435689455388,0.6845591594335313,0.6283381413752965
path_b,Caminho B - Floresta Aleatória,0.11471610660486674,0.6845591594335313,0.6279781116325431
path_b,Caminho B - Floresta Aleatória,0.11471610660486674,0.6847875742348104,0.6276676909926757
path_b,Caminho B - Floresta Aleatória,0.1149478563151796,0.6847875742348104,0.6276329842375253
path_b,Caminho B - Floresta Aleatória,0.1149478563151796,0.6861580630424852,0.6269574131419653
path_b,Caminho B - Floresta Aleatória,0.11517960602549247,0.6861580630424852,0.6268954492977599
path_b,Caminho B - Floresta Aleatória,0.11517960602549247,0.6866148926450434,0.6262393799124241
path_b,Caminho B - Floresta Aleatória,0.11517960602549247,0.6875285518501599,0.6254537471759766
path_b,Caminho B - Floresta Aleatória,0.11517960602549247,0.6891274554591138,0.6246809952704622
path_b,Caminho B - Floresta Aleatória,0.11541135573580533,0.6891274554591138,0.6241711704569886
path_b,Caminho B - Floresta Aleatória,0.11541135573580533,0.689584285061672,0.6239686662523419
path_b,Caminho B - Floresta Aleatória,0.1156431054461182,0.689584285061672,0.6236894139170095
path_b,Caminho B - Floresta Aleatória,0.1156431054461182,0.6898126998629511,0.6236081731373965
path_b,Caminho B - Floresta Aleatória,0.11610660486674391,0.6898126998629511,0.6231250338650696
path_b,Caminho B - Floresta Aleatória,0.11610660486674391,0.6904979442667885,0.6223706508504719
path_b,Caminho B - Floresta Aleatória,0.11703360370799537,0.6904979442667885,0.6217879655174441
path_b,Caminho B - Floresta Aleatória,0.11703360370799537,0.691411603471905,0.6207312735161542
path_b,Caminho B - Floresta Aleatória,0.11726535341830822,0.691411603471905,0.6206616353795136
path_b,Caminho B - Floresta Aleatória,0.11726535341830822,0.6918684330744632,0.6204463332012952
path_b,Caminho B - Floresta Aleatória,0.11726535341830822,0.6923252626770214,0.620134049513404
path_b,Caminho B - Floresta Aleatória,0.11726535341830822,0.6934673366834171,0.6196897452095863
path_b,Caminho B - Floresta Aleatória,0.11772885283893395,0.6934673366834171,0.619100464521892
path_b,Caminho B - Floresta Aleatória,0.11772885283893395,0.6941525810872544,0.6185163228848455
path_b,Caminho B - Floresta Aleatória,0.11772885283893395,0.6946094106898127,0.6185118228484919
path_b,Caminho B - Floresta Aleatória,0.11796060254924681,0.6946094106898127,0.6184322404653834
path_b,Caminho B - Floresta Aleatória,0.11796060254924681,0.695066240292371,0.6178791150946984
path_b,Caminho B - Floresta Aleatória,0.11819235225955968,0.695066240292371,0.6178478509562676
path_b,Caminho B - Floresta Aleatória,0.11819235225955968,0.6962083142987665,0.6167721782978857
path_b,Caminho B - Floresta Aleatória,0.11842410196987253,0.6962083142987665,0.616740499461199
path_b,Caminho B - Floresta Aleatória,0.11842410196987253,0.6973503883051622,0.6162197410875521
path_b,Caminho B - Floresta Aleatória,0.11888760139049827,0.6973503883051622,0.6161747924426737
path_b,Caminho B - Floresta Aleatória,0.11935110081112399,0.6973503883051622,0.6155249197591375
path_b,Caminho B - Floresta Aleatória,0.11935110081112399,0.698949291914116,0.6142001289678005
path_b,Caminho B - Floresta Aleatória,0.11958285052143684,0.698949291914116,0.613470268462261
path_b,Caminho B - Floresta Aleatória,0.11958285052143684,0.6991777067153951,0.6132034140733899
path_b,Caminho B - Floresta Aleatória,0.11981460023174971,0.6991777067153951,0.6130868316697428
path_b,Caminho B - Floresta Aleatória,0.11981460023174971,0.6994061215166743,0.6130808821321462
path_b,Caminho B - Floresta Aleatória,0.12004634994206258,0.6994061215166743,0.6130642332155616
path_b,Caminho B - Floresta Aleatória,0.12004634994206258,0.700776610324349,0.6121368274539676
path_b,Caminho B - Floresta Aleatória,0.12027809965237543,0.700776610324349,0.6121028438482127
path_b,Caminho B - Floresta Aleatória,0.12027809965237543,0.7010050251256281,0.6118456434277962
path_b,Caminho B - Floresta Aleatória,0.1205098493626883,0.7010050251256281,0.6114754145443214
path_b,Caminho B - Floresta Aleatória,0.1205098493626883,0.7012334399269072,0.611351030657159
path_b,Caminho B - Floresta Aleatória,0.1205098493626883,0.7019186843307447,0.6110242164474847
path_b,Caminho B - Floresta Aleatória,0.1205098493626883,0.7023755139333029,0.6103007010822608
path_b,Caminho B - Floresta Aleatória,0.12074159907300117,0.7023755139333029,0.6102979214305092
path_b,Caminho B - Floresta Aleatória,0.12074159907300117,0.7028323435358611,0.609514917077477
path_b,Caminho B - Floresta Aleatória,0.12097334878331402,0.7028323435358611,0.6094271692217644
path_b,Caminho B - Floresta Aleatória,0.12097334878331402,0.7035175879396985,0.6091183552255574
path_b,Caminho B - Floresta Aleatória,0.12120509849362689,0.7035175879396985,0.6090562765279798
path_b,Caminho B - Floresta Aleatória,0.12120509849362689,0.7039744175422568,0.6090289781857012
path_b,Caminho B - Floresta Aleatória,0.12166859791425261,0.7039744175422568,0.6088256077468074
path_b,Caminho B - Floresta Aleatória,0.12166859791425261,0.704431247144815,0.6086824518811729
path_b,Caminho B - Floresta Aleatória,0.12190034762456547,0.704431247144815,0.6086789191417618
path_b,Caminho B - Floresta Aleatória,0.12190034762456547,0.7046596619460941,0.6085236095094609
path_b,Caminho B - Floresta Aleatória,0.12213209733487833,0.7046596619460941,0.6082565247267042
path_b,Caminho B - Floresta Aleatória,0.12213209733487833,0.7051164915486523,0.6080538294943832
path_b,Caminho B - Floresta Aleatória,0.12282734646581692,0.7051164915486523,0.6076174528141075
path_b,Caminho B - Floresta Aleatória,0.12282734646581692,0.7053449063499315,0.607515005534968
path_b,Caminho B - Floresta Aleatória,0.12305909617612978,0.7053449063499315,0.607465021255554
path_b,Caminho B - Floresta Aleatória,0.12305909617612978,0.7055733211512106,0.6071713929701685
path_b,Caminho B - Floresta Aleatória,0.12305909617612978,0.7060301507537688,0.6071045650546409
path_b,Caminho B - Floresta Aleatória,0.12305909617612978,0.7064869803563271,0.6067400683384254
path_b,Caminho B - Floresta Aleatória,0.12329084588644264,0.7064869803563271,0.6064856880980238
path_b,Caminho B - Floresta Aleatória,0.12329084588644264,0.7069438099588853,0.6063914722727989
path_b,Caminho B - Floresta Aleatória,0.1235225955967555,0.7069438099588853,0.6063244206974256
path_b,Caminho B - Floresta Aleatória,0.1235225955967555,0.7076290543627227,0.6061003532722347
path_b,Caminho B - Floresta Aleatória,0.12398609501738123,0.7076290543627227,0.605677344744816
path_b,Caminho B - Floresta Aleatória,0.12398609501738123,0.7078574691640018,0.6054501052384454
path_b,Caminho B - Floresta Aleatória,0.1242178447276941,0.7078574691640018,0.6052113115592991
path_b,Caminho B - Floresta Aleatória,0.1242178447276941,0.7080858839652809,0.6051416648120944
path_b,Caminho B - Floresta Aleatória,0.12444959443800695,0.70831429876656,0.6050656283397058
path_b,Caminho B - Floresta Aleatória,0.12468134414831981,0.70831429876656,0.605064267567645
path_b,Caminho B - Floresta Aleatória,0.12468134414831981,0.7089995431703975,0.604432097164655
path_b,Caminho B - Floresta Aleatória,0.12491309385863268,0.7089995431703975,0.6042362638319547
path_b,Caminho B - Floresta Aleatória,0.12491309385863268,0.7092279579716766,0.6042308034950717
path_b,Caminho B - Floresta Aleatória,0.12514484356894554,0.7094563727729557,0.6037936597354104
path_b,Caminho B - Floresta Aleatória,0.12514484356894554,0.7105984467793514,0.6032060174854167
path_b,Caminho B - Floresta Aleatória,0.12560834298957127,0.7105984467793514,0.6025590561323123
path_b,Caminho B - Floresta Aleatória,0.12607184241019698,0.7105984467793514,0.601661086507332
path_b,Caminho B - Floresta Aleatória,0.12607184241019698,0.7108268615806305,0.6016435143299032
path_b,Caminho B - Floresta Aleatória,0.12607184241019698,0.7112836911831887,0.6016322403163031
path_b,Caminho B - Floresta Aleatória,0.12607184241019698,0.7121973503883051,0.6009945123309246
path_b,Caminho B - Floresta Aleatória,0.12630359212050984,0.7121973503883051,0.6009895752757698
path_b,Caminho B - Floresta Aleatória,0.12630359212050984,0.7126541799908634,0.600844172271137
path_b,Caminho B - Floresta Aleatória,0.1265353418308227,0.7126541799908634,0.600690882986118
path_b,Caminho B - Floresta Aleatória,0.1265353418308227,0.7131110095934217,0.6005711039107992
path_b,Caminho B - Floresta Aleatória,0.12676709154113558,0.7131110095934217,0.6005229438241118
path_b,Caminho B - Floresta Aleatória,0.12676709154113558,0.7140246687985381,0.5998555595829514
path_b,Caminho B - Floresta Aleatória,0.12699884125144845,0.7140246687985381,0.5998033381332524
path_b,Caminho B - Floresta Aleatória,0.12699884125144845,0.7144814984010964,0.5989999419441288
path_b,Caminho B - Floresta Aleatória,0.12769409038238702,0.7144814984010964,0.5985464547104191
path_b,Caminho B - Floresta Aleatória,0.12769409038238702,0.7147099132023755,0.5980913961852264
path_b,Caminho B - Floresta Aleatória,0.12815758980301276,0.7147099132023755,0.5973873141441133
path_b,Caminho B - Floresta Aleatória,0.12815758980301276,0.7151667428049338,0.5972684102430753
path_b,Caminho B - Floresta Aleatória,0.12815758980301276,0.7153951576062129,0.5971504544242676
path_b,Caminho B - Floresta Aleatória,0.12815758980301276,0.7158519872087711,0.5969445857840019
path_b,Caminho B - Floresta Aleatória,0.1283893395133256,0.7158519872087711,0.5968722036337537
path_b,Caminho B - Floresta Aleatória,0.1283893395133256,0.7163088168113294,0.5961812137106706
path_b,Caminho B - Floresta Aleatória,0.12862108922363846,0.7163088168113294,0.5958466701081302
path_b,Caminho B - Floresta Aleatória,0.12862108922363846,0.7165372316126085,0.5956324244689154
path_b,Caminho B - Floresta Aleatória,0.12885283893395133,0.7165372316126085,0.5953664732246216
path_b,Caminho B - Floresta Aleatória,0.12885283893395133,0.7167656464138876,0.595081016784395
path_b,Caminho B - Floresta Aleatória,0.12885283893395133,0.7172224760164458,0.5950699537595604
path_b,Caminho B - Floresta Aleatória,0.1290845886442642,0.7172224760164458,0.5947668871514297
path_b,Caminho B - Floresta Aleatória,0.1290845886442642,0.7183645500228415,0.5940094533838294
path_b,Caminho B - Floresta Aleatória,0.12931633835457707,0.7183645500228415,0.5939750060186962
path_b,Caminho B - Floresta Aleatória,0.12931633835457707,0.7185929648241206,0.5934862045399085
path_b,Caminho B - Floresta Aleatória,0.12931633835457707,0.7190497944266788,0.5933047862651764
path_b,Caminho B - Floresta Aleatória,0.12977983777520277,0.7190497944266788,0.5932206632413375
path_b,Caminho B - Floresta Aleatória,0.12977983777520277,0.719506624029237,0.5929628095172356
path_b,Caminho B - Floresta Aleatória,0.13001158748551564,0.7199634536317954,0.5927697580620607
path_b,Caminho B - Floresta Aleatória,0.13001158748551564,0.7206486980356327,0.5918611827095324
path_b,Caminho B - Floresta Aleatória,0.1302433371958285,0.7206486980356327,0.5911712644964948
path_b,Caminho B - Floresta Aleatória,0.1302433371958285,0.7215623572407492,0.5904817030059246
path_b,Caminho B - Floresta Aleatória,0.13093858632676708,0.7215623572407492,0.5897716691134856
path_b,Caminho B - Floresta Aleatória,0.13093858632676708,0.7220191868433075,0.5894453016062092
path_b,Caminho B - Floresta Aleatória,0.13093858632676708,0.7224760164458657,0.5893691001712297
path_b,Caminho B - Floresta Aleatória,0.13117033603707995,0.7224760164458657,0.5891019858630353
path_b,Caminho B - Floresta Aleatória,0.13117033603707995,0.7229328460484239,0.5888054132394904
path_b,Caminho B - Floresta Aleatória,0.13140208574739282,0.7231612608497031,0.5886078172775536
path_b,Caminho B - Floresta Aleatória,0.13140208574739282,0.7259022384650525,0.5861901355281338
path_b,Caminho B - Floresta Aleatória,0.13163383545770568,0.7259022384650525,0.58607839175
path_b,Caminho B - Floresta Aleatória,0.13163383545770568,0.7265874828688899,0.585487293672212
path_b,Caminho B - Floresta Aleatória,0.13186558516801855,0.7265874828688899,0.5854404704379659
path_b,Caminho B - Floresta Aleatória,0.13186558516801855,0.7268158976701691,0.5852310918877351
path_b,Caminho B - Floresta Aleatória,0.1320973348783314,0.7268158976701691,0.5849958711092831
path_b,Caminho B - Floresta Aleatória,0.1320973348783314,0.7275011420740064,0.5848610453899997
path_b,Caminho B - Floresta Aleatória,0.13232908458864426,0.7277295568752855,0.584515354466023
path_b,Caminho B - Floresta Aleatória,0.13302433371958286,0.7277295568752855,0.5836661569013493
path_b,Caminho B - Floresta Aleatória,0.13302433371958286,0.7281863864778437,0.5833746420285445
path_b,Caminho B - Floresta Aleatória,0.1332560834298957,0.7281863864778437,0.5830970847182416
path_b,Caminho B - Floresta Aleatória,0.1332560834298957,0.7284148012791228,0.5830922189274711
path_b,Caminho B - Floresta Aleatória,0.13348783314020857,0.7284148012791228,0.582830686006378
path_b,Caminho B - Floresta Aleatória,0.13348783314020857,0.7288716308816812,0.5825483791073922
path_b,Caminho B - Floresta Aleatória,0.13371958285052143,0.7288716308816812,0.5825278905540076
path_b,Caminho B - Floresta Aleatória,0.13371958285052143,0.730470534490635,0.5813091380247433
path_b,Caminho B - Floresta Aleatória,0.13418308227114717,0.730470534490635,0.5809682126614175
path_b,Caminho B - Floresta Aleatória,0.13418308227114717,0.7306989492919141,0.5808076544777016
path_b,Caminho B - Floresta Aleatória,0.13464658169177288,0.7306989492919141,0.5803766881894534
path_b,Caminho B - Floresta Aleatória,0.13464658169177288,0.7325262677021471,0.5792651113356202
path_b,Caminho B - Floresta Aleatória,0.13557358053302435,0.7325262677021471,0.5787371446236427
path_b,Caminho B - Floresta Aleatória,0.13557358053302435,0.7329830973047053,0.5782662766831023
path_b,Caminho B - Floresta Aleatória,0.13580533024333719,0.7329830973047053,0.5781018082241072
path_b,Caminho B - Floresta Aleatória,0.13580533024333719,0.7332115121059845,0.5780890833279021
path_b,Caminho B - Floresta Aleatória,0.13626882966396292,0.7332115121059845,0.5779279160916405
path_b,Caminho B - Floresta Aleatória,0.13626882966396292,0.7338967565098219,0.5777615524790757
path_b,Caminho B - Floresta Aleatória,0.1365005793742758,0.7338967565098219,0.577696649267944
path_b,Caminho B - Floresta Aleatória,0.1365005793742758,0.734125171311101,0.577511381665407
path_b,Caminho B - Floresta Aleatória,0.1369640787949015,0.734125171311101,0.5772583238536222
path_b,Caminho B - Floresta Aleatória,0.1369640787949015,0.7343535861123801,0.5772201328696885
path_b,Caminho B - Floresta Aleatória,0.13719582850521436,0.7343535861123801,0.5770698878655226
path_b,Caminho B - Floresta Aleatória,0.13719582850521436,0.7348104157149383,0.5768752570341987
path_b,Caminho B - Floresta Aleatória,0.13742757821552723,0.7350388305162174,0.5766588177715353
path_b,Caminho B - Floresta Aleatória,0.13742757821552723,0.7357240749200549,0.5764198283764652
path_b,Caminho B - Floresta Aleatória,0.1376593279258401,0.7357240749200549,0.5762894275649005
path_b,Caminho B - Floresta Aleatória,0.1376593279258401,0.735952489721334,0.5760973608775041
path_b,Caminho B - Floresta Aleatória,0.1376593279258401,0.7364093193238922,0.5756788938442318
path_b,Caminho B - Floresta Aleatória,0.1381228273464658,0.7364093193238922,0.5752150710492648
path_b,Caminho B - Floresta Aleatória,0.1381228273464658,0.7370945637277295,0.5745314577200696
path_b,Caminho B - Floresta Aleatória,0.13858632676709154,0.7370945637277295,0.5744346782221695
path_b,Caminho B - Floresta Aleatória,0.13858632676709154,0.7375513933302879,0.574145897298074
path_b,Caminho B - Floresta Aleatória,0.1388180764774044,0.7375513933302879,0.5737015463256442
path_b,Caminho B - Floresta Aleatória,0.1388180764774044,0.737779808131567,0.5731930391826755
path_b,Caminho B - Floresta Aleatória,0.13904982618771727,0.737779808131567,0.5731764020821376
path_b,Caminho B - Floresta Aleatória,0.13904982618771727,0.7382366377341252,0.5727084330633714
path_b,Caminho B - Floresta Aleatória,0.13951332560834298,0.7382366377341252,0.572415817545569
path_b,Caminho B - Floresta Aleatória,0.13951332560834298,0.7384650525354043,0.5723748474540263
path_b,Caminho B - Floresta Aleatória,0.13974507531865585,0.7384650525354043,0.5723237271553999
path_b,Caminho B - Floresta Aleatória,0.13974507531865585,0.7389218821379625,0.5721973774888269
path_b,Caminho B - Floresta Aleatória,0.14044032444959445,0.7389218821379625,0.5719075238463371
path_b,Caminho B - Floresta Aleatória,0.14044032444959445,0.7393787117405208,0.5712146247148447
path_b,Caminho B - Floresta Aleatória,0.14090382387022016,0.7393787117405208,0.5710899661683652
path_b,Caminho B - Floresta Aleatória,0.14113557358053302,0.7396071265417999,0.5710709370284961
path_b,Caminho B - Floresta Aleatória,0.1413673232908459,0.7396071265417999,0.5710593551624656
path_b,Caminho B - Floresta Aleatória,0.1418308227114716,0.7396071265417999,0.5708653262416874
path_b,Caminho B - Floresta Aleatória,0.1418308227114716,0.739835541343079,0.570855339671154
path_b,Caminho B - Floresta Aleatória,0.14229432213209733,0.739835541343079,0.5708448229917198
path_b,Caminho B - Floresta Aleatória,0.14229432213209733,0.7405207857469164,0.5704318239764001
path_b,Caminho B - Floresta Aleatória,0.14414831981460025,0.7405207857469164,0.5694818700967917
path_b,Caminho B - Floresta Aleatória,0.14438006952491308,0.7407492005481955,0.5694254970534794
path_b,Caminho B - Floresta Aleatória,0.14438006952491308,0.7409776153494746,0.5691571067976366
path_b,Caminho B - Floresta Aleatória,0.1450753186558517,0.7409776153494746,0.5686013631379381
path_b,Caminho B - Floresta Aleatória,0.1450753186558517,0.7412060301507538,0.5684681763187138
path_b,Caminho B - Floresta Aleatória,0.14577056778679026,0.7412060301507538,0.5674475775862163
path_b,Caminho B - Floresta Aleatória,0.14577056778679026,0.7418912745545911,0.5671202436287283
path_b,Caminho B - Floresta Aleatória,0.146234067207416,0.7418912745545911,0.5669132470007935
path_b,Caminho B - Floresta Aleatória,0.146234067207416,0.7421196893558702,0.5665821688404559
path_b,Caminho B - Floresta Aleatória,0.14646581691772886,0.7421196893558702,0.5665661141930001
path_b,Caminho B - Floresta Aleatória,0.14646581691772886,0.7425765189584285,0.566281072330364
path_b,Caminho B - Floresta Aleatória,0.1466975666280417,0.7425765189584285,0.5661944441029133
path_b,Caminho B - Floresta Aleatória,0.1466975666280417,0.7432617633622659,0.5651421770026842
path_b,Caminho B - Floresta Aleatória,0.14692931633835457,0.7432617633622659,0.565010209511314
path_b,Caminho B - Floresta Aleatória,0.14692931633835457,0.743490178163545,0.5649884799584909
path_b,Caminho B - Floresta Aleatória,0.1473928157589803,0.743490178163545,0.5644995926679354
path_b,Caminho B - Floresta Aleatória,0.1473928157589803,0.7437185929648241,0.5644865970493655
path_b,Caminho B - Floresta Aleatória,0.14762456546929317,0.7437185929648241,0.5644578034212651
path_b,Caminho B - Floresta Aleatória,0.14762456546929317,0.7439470077661032,0.5644429668759393
path_b,Caminho B - Floresta Aleatória,0.147856315179606,0.7441754225673823,0.5642371053820823
path_b,Caminho B - Floresta Aleatória,0.147856315179606,0.7444038373686614,0.5639408948177171
path_b,Caminho B - Floresta Aleatória,0.14901506373117035,0.7444038373686614,0.5631228760518111
path_b,Caminho B - Floresta Aleatória,0.1492468134414832,0.7446322521699407,0.563065517810656
path_b,Caminho B - Floresta Aleatória,0.1492468134414832,0.745317496573778,0.5622359222973028
path_b,Caminho B - Floresta Aleatória,0.14947856315179606,0.745317496573778,0.5622257518490916
path_b,Caminho B - Floresta Aleatória,0.14971031286210892,0.7455459113750571,0.5621715544990574
path_b,Caminho B - Floresta Aleatória,0.14971031286210892,0.7457743261763362,0.5620999465252146
path_b,Caminho B - Floresta Aleatória,0.1499420625724218,0.7457743261763362,0.561818962343811
path_b,Caminho B - Floresta Aleatória,0.1499420625724218,0.7462311557788944,0.5614167225438768
path_b,Caminho B - Floresta Aleatória,0.15133256083429897,0.7462311557788944,0.5595406512373031
path_b,Caminho B - Floresta Aleatória,0.15133256083429897,0.7466879853814528,0.5590581274189979
path_b,Caminho B - Floresta Aleatória,0.1515643105446118,0.7466879853814528,0.559005196045727
path_b,Caminho B - Floresta Aleatória,0.1515643105446118,0.7473732297852901,0.5583982491941302
path_b,Caminho B - Floresta Aleatória,0.15179606025492468,0.7473732297852901,0.5583505312734508
path_b,Caminho B - Floresta Aleatória,0.15179606025492468,0.7476016445865692,0.5583294146216543
path_b,Caminho B - Floresta Aleatória,0.15202780996523754,0.7476016445865692,0.5580463454475313
path_b,Caminho B - Floresta Aleatória,0.1522595596755504,0.7478300593878483,0.5576928615288091
path_b,Caminho B - Floresta Aleatória,0.1522595596755504,0.7487437185929648,0.5571664193010228
path_b,Caminho B - Floresta Aleatória,0.15249130938586328,0.7487437185929648,0.5570003013827752
path_b,Caminho B - Floresta Aleatória,0.15249130938586328,0.748972133394244,0.5569900913834618
path_b,Caminho B - Floresta Aleatória,0.15318655851680185,0.748972133394244,0.5559478406981347
path_b,Caminho B - Floresta Aleatória,0.15318655851680185,0.7494289629968022,0.5555567665794157
path_b,Caminho B - Floresta Aleatória,0.15318655851680185,0.7496573777980813,0.5552521960563404
path_b,Caminho B - Floresta Aleatória,0.15341830822711472,0.7496573777980813,0.5550193385383617
path_b,Caminho B - Floresta Aleatória,0.15341830822711472,0.7498857925993604,0.5548840767835832
path_b,Caminho B - Floresta Aleatória,0.15388180764774045,0.7498857925993604,0.554873501560853
path_b,Caminho B - Floresta Aleatória,0.15388180764774045,0.7501142074006396,0.5544556615419375
path_b,Caminho B - Floresta Aleatória,0.1541135573580533,0.7501142074006396,0.5538605978867486
path_b,Caminho B - Floresta Aleatória,0.1541135573580533,0.7505710370031978,0.5537921605870121
path_b,Caminho B - Floresta Aleatória,0.15434530706836616,0.7505710370031978,0.552811414525501
path_b,Caminho B - Floresta Aleatória,0.15434530706836616,0.7507994518044769,0.5526134681594246
path_b,Caminho B - Floresta Aleatória,0.15457705677867903,0.7507994518044769,0.5524619479312342
path_b,Caminho B - Floresta Aleatória,0.15457705677867903,0.7512562814070352,0.5523549205990149
path_b,Caminho B - Floresta Aleatória,0.15457705677867903,0.7517131110095934,0.5519554734883652
path_b,Caminho B - Floresta Aleatória,0.15504055619930476,0.7517131110095934,0.5519316692392555
path_b,Caminho B - Floresta Aleatória,0.15550405561993047,0.7519415258108726,0.5517413032591548
path_b,Caminho B - Floresta Aleatória,0.15573580533024334,0.7519415258108726,0.5512705696955659
path_b,Caminho B - Floresta Aleatória,0.15573580533024334,0.7526267702147099,0.5510379770154598
path_b,Caminho B - Floresta Aleatória,0.1559675550405562,0.7526267702147099,0.5509871946696078
path_b,Caminho B - Floresta Aleatória,0.1559675550405562,0.7533120146185472,0.5507040628851205
path_b,Caminho B - Floresta Aleatória,0.15619930475086907,0.7533120146185472,0.5503662599002145
path_b,Caminho B - Floresta Aleatória,0.1564310544611819,0.7535404294198264,0.5500969773810249
path_b,Caminho B - Floresta Aleatória,0.15666280417149478,0.7535404294198264,0.5500206788531175
path_b,Caminho B - Floresta Aleatória,0.15689455388180765,0.7537688442211056,0.550007235941473
path_b,Caminho B - Floresta Aleatória,0.15712630359212051,0.7537688442211056,0.5499886215515294
path_b,Caminho B - Floresta Aleatória,0.15712630359212051,0.7539972590223847,0.5499228707957572
path_b,Caminho B - Floresta Aleatória,0.15735805330243338,0.7539972590223847,0.5498686416457313
path_b,Caminho B - Floresta Aleatória,0.15735805330243338,0.7544540886249429,0.5494747999434422
path_b,Caminho B - Floresta Aleatória,0.15805330243337196,0.7544540886249429,0.5488835356147557
path_b,Caminho B - Floresta Aleatória,0.15805330243337196,0.754682503426222,0.5488384911957651
path_b,Caminho B - Floresta Aleatória,0.15828505214368482,0.754682503426222,0.5484973055418472
path_b,Caminho B - Floresta Aleatória,0.15828505214368482,0.7549109182275011,0.548474836772148
path_b,Caminho B - Floresta Aleatória,0.15874855156431056,0.7549109182275011,0.5482970882396815
path_b,Caminho B - Floresta Aleatória,0.15874855156431056,0.7553677478300593,0.5481222786680339
path_b,Caminho B - Floresta Aleatória,0.1589803012746234,0.7553677478300593,0.5479440034852066
path_b,Caminho B - Floresta Aleatória,0.1589803012746234,0.7555961626313386,0.5478734306181967
path_b,Caminho B - Floresta Aleatória,0.15990730011587487,0.7555961626313386,0.5472471117683788
path_b,Caminho B - Floresta Aleatória,0.15990730011587487,0.7560529922338968,0.5471640286246724
path_b,Caminho B - Floresta Aleatória,0.1601390498261877,0.7560529922338968,0.5471207584455345
path_b,Caminho B - Floresta Aleatória,0.1601390498261877,0.7567382366377341,0.545791150783183
path_b,Caminho B - Floresta Aleatória,0.16060254924681344,0.7567382366377341,0.545600194813383
path_b,Caminho B - Floresta Aleatória,0.16060254924681344,0.7571950662402924,0.5450551961916515
path_b,Caminho B - Floresta Aleatória,0.1608342989571263,0.7571950662402924,0.5450172652959803
path_b,Caminho B - Floresta Aleatória,0.1608342989571263,0.7576518958428506,0.5446322485922815
path_b,Caminho B - Floresta Aleatória,0.16152954808806488,0.7576518958428506,0.5441642718829578
path_b,Caminho B - Floresta Aleatória,0.16152954808806488,0.7578803106441298,0.544066326206801
path_b,Caminho B - Floresta Aleatória,0.16176129779837775,0.7578803106441298,0.5439008683804489
path_b,Caminho B - Floresta Aleatória,0.16176129779837775,0.7581087254454089,0.5438511920420989
path_b,Caminho B - Floresta Aleatória,0.16199304750869062,0.7581087254454089,0.5436689461369766
path_b,Caminho B - Floresta Aleatória,0.16199304750869062,0.758337140246688,0.5432403212677099
path_b,Caminho B - Floresta Aleatória,0.1626882966396292,0.758337140246688,0.542566007109417
path_b,Caminho B - Floresta Aleatória,0.1626882966396292,0.7585655550479671,0.5422553836490777
path_b,Caminho B - Floresta Aleatória,0.16315179606025493,0.7585655550479671,0.5419529221156959
path_b,Caminho B - Floresta Aleatória,0.16361529548088066,0.7585655550479671,0.5415846237729193
path_b,Caminho B - Floresta Aleatória,0.16361529548088066,0.7587939698492462,0.5415291745594769
path_b,Caminho B - Floresta Aleatória,0.1638470451911935,0.7587939698492462,0.541422177467161
path_b,Caminho B - Floresta Aleatória,0.1638470451911935,0.7594792142530836,0.5408842382082549
path_b,Caminho B - Floresta Aleatória,0.16407879490150637,0.7594792142530836,0.540815635445068
path_b,Caminho B - Floresta Aleatória,0.16407879490150637,0.7597076290543627,0.5401689073674868
path_b,Caminho B - Floresta Aleatória,0.1645422943221321,0.7597076290543627,0.5400684051698428
path_b,Caminho B - Floresta Aleatória,0.1645422943221321,0.760164458656921,0.5399969109459752
path_b,Caminho B - Floresta Aleatória,0.16477404403244497,0.760164458656921,0.5393411739329081
path_b,Caminho B - Floresta Aleatória,0.16477404403244497,0.7603928734582001,0.5390559806830753
path_b,Caminho B - Floresta Aleatória,0.1650057937427578,0.7603928734582001,0.5389464856846572
path_b,Caminho B - Floresta Aleatória,0.1650057937427578,0.7606212882594792,0.5387180508772594
path_b,Caminho B - Floresta Aleatória,0.16523754345307068,0.7606212882594792,0.5386971836837843
path_b,Caminho B - Floresta Aleatória,0.16523754345307068,0.7608497030607584,0.5383520622793232
path_b,Caminho B - Floresta Aleatória,0.16593279258400928,0.7608497030607584,0.5381233317161676
path_b,Caminho B - Floresta Aleatória,0.16593279258400928,0.7619917770671539,0.5372777485006177
path_b,Caminho B - Floresta Aleatória,0.16616454229432212,0.7619917770671539,0.5371083272514151
path_b,Caminho B - Floresta Aleatória,0.16616454229432212,0.7624486066697121,0.5368918074039007
path_b,Caminho B - Floresta Aleatória,0.166396292004635,0.7624486066697121,0.5366587036083371
path_b,Caminho B - Floresta Aleatória,0.16685979142526072,0.7624486066697121,0.5365193963963607
path_b,Caminho B - Floresta Aleatória,0.1670915411355736,0.7624486066697121,0.536183002979426
path_b,Caminho B - Floresta Aleatória,0.1675550405561993,0.7624486066697121,0.5361600135663688
path_b,Caminho B - Floresta Aleatória,0.1675550405561993,0.7626770214709914,0.5355450774521328
path_b,Caminho B - Floresta Aleatória,0.16778679026651216,0.7626770214709914,0.5354954120222941
path_b,Caminho B - Floresta Aleatória,0.16778679026651216,0.7629054362722705,0.535251907114404
path_b,Caminho B - Floresta Aleatória,0.1687137891077636,0.7629054362722705,0.5350177513019228
path_b,Caminho B - Floresta Aleatória,0.1687137891077636,0.7631338510735496,0.5346281226840927
path_b,Caminho B - Floresta Aleatória,0.16894553881807647,0.7631338510735496,0.5344594549182953
path_b,Caminho B - Floresta Aleatória,0.16894553881807647,0.7633622658748287,0.5342932118740732
path_b,Caminho B - Floresta Aleatória,0.16917728852838934,0.7633622658748287,0.5342784252548022
path_b,Caminho B - Floresta Aleatória,0.16917728852838934,0.7635906806761078,0.5342451785752278
path_b,Caminho B - Floresta Aleatória,0.16964078794901508,0.7635906806761078,0.534167209036376
path_b,Caminho B - Floresta Aleatória,0.16964078794901508,0.7638190954773869,0.5341237635260739
path_b,Caminho B - Floresta Aleatória,0.17056778679026652,0.7638190954773869,0.5333753989985679
path_b,Caminho B - Floresta Aleatória,0.17056778679026652,0.764047510278666,0.5331858961097945
path_b,Caminho B - Floresta Aleatória,0.17079953650057939,0.764047510278666,0.5329595416609829
path_b,Caminho B - Floresta Aleatória,0.17079953650057939,0.7642759250799451,0.5328717922152946
path_b,Caminho B - Floresta Aleatória,0.1712630359212051,0.7642759250799451,0.5325408118275524
path_b,Caminho B - Floresta Aleatória,0.1712630359212051,0.7649611694837826,0.5322335111725888
path_b,Caminho B - Floresta Aleatória,0.1719582850521437,0.7649611694837826,0.5316320656966815
path_b,Caminho B - Floresta Aleatória,0.1719582850521437,0.7651895842850617,0.5313452792711423
path_b,Caminho B - Floresta Aleatória,0.1724217844727694,0.7651895842850617,0.5310481760223456
path_b,Caminho B - Floresta Aleatória,0.1724217844727694,0.7654179990863408,0.5306713197594312
path_b,Caminho B - Floresta Aleatória,0.17265353418308227,0.7654179990863408,0.5303290130565783
path_b,Caminho B - Floresta Aleatória,0.17265353418308227,0.7656464138876199,0.5300682324892335
path_b,Caminho B - Floresta Aleatória,0.17288528389339514,0.7656464138876199,0.5298307679716018
path_b,Caminho B - Floresta Aleatória,0.17288528389339514,0.765874828688899,0.5296944483070776
path_b,Caminho B - Floresta Aleatória,0.173117033603708,0.7661032434901781,0.5295170612151725
path_b,Caminho B - Floresta Aleatória,0.173117033603708,0.7663316582914573,0.5292815629687875
path_b,Caminho B - Floresta Aleatória,0.17334878331402087,0.7663316582914573,0.5289313785664463
path_b,Caminho B - Floresta Aleatória,0.1735805330243337,0.7665600730927364,0.5287387025532606
path_b,Caminho B - Floresta Aleatória,0.17381228273464658,0.7665600730927364,0.5287366091619613
path_b,Caminho B - Floresta Aleatória,0.17381228273464658,0.7667884878940155,0.5287198045838378
path_b,Caminho B - Floresta Aleatória,0.1742757821552723,0.7667884878940155,0.5285770994756034
path_b,Caminho B - Floresta Aleatória,0.1742757821552723,0.7672453174965738,0.5283258706928635
path_b,Caminho B - Floresta Aleatória,0.17450753186558518,0.7672453174965738,0.5280354887575527
path_b,Caminho B - Floresta Aleatória,0.17450753186558518,0.7679305619004112,0.5275207117690491
path_b,Caminho B - Floresta Aleatória,0.1749710312862109,0.7679305619004112,0.5275165197598277
path_b,Caminho B - Floresta Aleatória,0.1749710312862109,0.7686158063042485,0.527304654550509
path_b,Caminho B - Floresta Aleatória,0.17520278099652375,0.7686158063042485,0.5271000048050855
path_b,Caminho B - Floresta Aleatória,0.17520278099652375,0.7688442211055276,0.527061582407612
path_b,Caminho B - Floresta Aleatória,0.17543453070683662,0.7690726359068067,0.5270560813414993
path_b,Caminho B - Floresta Aleatória,0.1756662804171495,0.7690726359068067,0.527023617493237
path_b,Caminho B - Floresta Aleatória,0.1756662804171495,0.769529465509365,0.5269278717909383
path_b,Caminho B - Floresta Aleatória,0.1761297798377752,0.769529465509365,0.5266890744771385
path_b,Caminho B - Floresta Aleatória,0.1761297798377752,0.7702147099132024,0.5260137483714461
path_b,Caminho B - Floresta Aleatória,0.17636152954808806,0.7702147099132024,0.5253803145636557
path_b,Caminho B - Floresta Aleatória,0.17636152954808806,0.7706715395157606,0.524806637980417
path_b,Caminho B - Floresta Aleatória,0.17636152954808806,0.7708999543170397,0.5248046214023723
path_b,Caminho B - Floresta Aleatória,0.17659327925840093,0.7708999543170397,0.5244308751727489
path_b,Caminho B - Floresta Aleatória,0.17659327925840093,0.7713567839195979,0.5242973896971758
path_b,Caminho B - Floresta Aleatória,0.1768250289687138,0.7715851987208772,0.5240076838962168
path_b,Caminho B - Floresta Aleatória,0.1768250289687138,0.7718136135221563,0.5239105297556566
path_b,Caminho B - Floresta Aleatória,0.1772885283893395,0.7718136135221563,0.5233993963569898
path_b,Caminho B - Floresta Aleatória,0.1772885283893395,0.7720420283234354,0.5232403525329167
path_b,Caminho B - Floresta Aleatória,0.17775202780996524,0.7720420283234354,0.5229153501559923
path_b,Caminho B - Floresta Aleatória,0.17775202780996524,0.7724988579259936,0.5228181812555837
path_b,Caminho B - Floresta Aleatória,0.1779837775202781,0.7724988579259936,0.5226382654254297
path_b,Caminho B - Floresta Aleatória,0.1779837775202781,0.7727272727272727,0.5225699100121001
path_b,Caminho B - Floresta Aleatória,0.17821552723059098,0.7729556875285518,0.5224002778600497
path_b,Caminho B - Floresta Aleatória,0.17821552723059098,0.7731841023298309,0.5222654480059512
path_b,Caminho B - Floresta Aleatória,0.17844727694090382,0.7731841023298309,0.5218398101886981
path_b,Caminho B - Floresta Aleatória,0.17844727694090382,0.7738693467336684,0.5213470454539787
path_b,Caminho B - Floresta Aleatória,0.17867902665121668,0.7738693467336684,0.5210570994080778
path_b,Caminho B - Floresta Aleatória,0.17867902665121668,0.7740977615349475,0.5208950551946049
path_b,Caminho B - Floresta Aleatória,0.17891077636152955,0.7740977615349475,0.5204910199874755
path_b,Caminho B - Floresta Aleatória,0.17891077636152955,0.7743261763362266,0.5203439987304607
path_b,Caminho B - Floresta Aleatória,0.17914252607184242,0.7743261763362266,0.5202942903018933
path_b,Caminho B - Floresta Aleatória,0.17914252607184242,0.7745545911375057,0.5200440235625036
path_b,Caminho B - Floresta Aleatória,0.17960602549246812,0.7745545911375057,0.5198022211876894
path_b,Caminho B - Floresta Aleatória,0.17960602549246812,0.7747830059387848,0.5193533006948242
path_b,Caminho B - Floresta Aleatória,0.18006952491309386,0.7752398355413431,0.5193432985877887
path_b,Caminho B - Floresta Aleatória,0.18030127462340673,0.7752398355413431,0.5191065788188303
path_b,Caminho B - Floresta Aleatória,0.1805330243337196,0.7754682503426222,0.5189548761304897
path_b,Caminho B - Floresta Aleatória,0.18076477404403243,0.7754682503426222,0.5187826753771263
path_b,Caminho B - Floresta Aleatória,0.18076477404403243,0.7761534947464596,0.5180546081929336
path_b,Caminho B - Floresta Aleatória,0.18122827346465817,0.7761534947464596,0.5175235616079724
path_b,Caminho B - Floresta Aleatória,0.18122827346465817,0.7763819095477387,0.517507778951745
path_b,Caminho B - Floresta Aleatória,0.1816917728852839,0.7763819095477387,0.5173073299963658
path_b,Caminho B - Floresta Aleatória,0.1816917728852839,0.7766103243490178,0.5171084855284259
path_b,Caminho B - Floresta Aleatória,0.18192352259559674,0.7766103243490178,0.5170310171793404
path_b,Caminho B - Floresta Aleatória,0.1821552723059096,0.7768387391502969,0.5169960491888754
path_b,Caminho B - Floresta Aleatória,0.18238702201622248,0.7768387391502969,0.5166518884713136
path_b,Caminho B - Floresta Aleatória,0.18238702201622248,0.7770671539515761,0.5162904127436944
path_b,Caminho B - Floresta Aleatória,0.1828505214368482,0.7770671539515761,0.5161694872227717
path_b,Caminho B - Floresta Aleatória,0.1828505214368482,0.7775239835541343,0.5158105364044012
path_b,Caminho B - Floresta Aleatória,0.18331402085747392,0.7775239835541343,0.5155024607869051
path_b,Caminho B - Floresta Aleatória,0.1842410196987254,0.7775239835541343,0.515048444692394
path_b,Caminho B - Floresta Aleatória,0.1842410196987254,0.7777523983554134,0.5149835632345695
path_b,Caminho B - Floresta Aleatória,0.18447276940903823,0.7777523983554134,0.5149454436707873
path_b,Caminho B - Floresta Aleatória,0.18447276940903823,0.7782092279579716,0.5147367232710918
path_b,Caminho B - Floresta Aleatória,0.1847045191193511,0.7782092279579716,0.5143278183709916
path_b,Caminho B - Floresta Aleatória,0.1847045191193511,0.7786660575605299,0.5137428079874785
path_b,Caminho B - Floresta Aleatória,0.1853997682502897,0.7786660575605299,0.5133939111544571
path_b,Caminho B - Floresta Aleatória,0.1853997682502897,0.7795797167656464,0.5127946299777383
path_b,Caminho B - Floresta Aleatória,0.18563151796060254,0.7795797167656464,0.5124150850874271
path_b,Caminho B - Floresta Aleatória,0.18563151796060254,0.7798081315669255,0.5122452233729617
path_b,Caminho B - Floresta Aleatória,0.18632676709154114,0.7802649611694837,0.512174973285536
path_b,Caminho B - Floresta Aleatória,0.18632676709154114,0.7807217907720421,0.5117840910564522
path_b,Caminho B - Floresta Aleatória,0.18679026651216685,0.7807217907720421,0.5115113753505435
path_b,Caminho B - Floresta Aleatória,0.18679026651216685,0.7809502055733212,0.5112682967318922
path_b,Caminho B - Floresta Aleatória,0.18702201622247971,0.7809502055733212,0.5103889370532532
path_b,Caminho B - Floresta Aleatória,0.18748551564310545,0.7811786203746003,0.5103817678156681
path_b,Caminho B - Floresta Aleatória,0.18748551564310545,0.7839195979899497,0.5081542607319744
path_b,Caminho B - Floresta Aleatória,0.18771726535341832,0.7839195979899497,0.5080088186842224
path_b,Caminho B - Floresta Aleatória,0.18771726535341832,0.7841480127912289,0.5079247252183356
path_b,Caminho B - Floresta Aleatória,0.18794901506373118,0.7841480127912289,0.5073350613403531
path_b,Caminho B - Floresta Aleatória,0.18794901506373118,0.784376427592508,0.5071801615170908
path_b,Caminho B - Floresta Aleatória,0.18818076477404402,0.784376427592508,0.5070799463401382
path_b,Caminho B - Floresta Aleatória,0.18818076477404402,0.7848332571950662,0.5069103888234567
path_b,Caminho B - Floresta Aleatória,0.18864426419466976,0.7848332571950662,0.5063776621608903
path_b,Caminho B - Floresta Aleatória,0.18864426419466976,0.7852900867976245,0.5060912650084185
path_b,Caminho B - Floresta Aleatória,0.1891077636152955,0.7852900867976245,0.5057558474812536
path_b,Caminho B - Floresta Aleatória,0.1891077636152955,0.7859753312014619,0.5054339444431757
path_b,Caminho B - Floresta Aleatória,0.18933951332560833,0.7859753312014619,0.5053996814348563
path_b,Caminho B - Floresta Aleatória,0.18933951332560833,0.786203746002741,0.5053466294766121
path_b,Caminho B - Floresta Aleatória,0.18980301274623407,0.786203746002741,0.5048922212432555
path_b,Caminho B - Floresta Aleatória,0.1902665121668598,0.786203746002741,0.5045449496409443
path_b,Caminho B - Floresta Aleatória,0.1902665121668598,0.7875742348104157,0.5035723085605212
path_b,Caminho B - Floresta Aleatória,0.1907300115874855,0.7875742348104157,0.5035015918006476
path_b,Caminho B - Floresta Aleatória,0.1914252607184241,0.7875742348104157,0.503089315069723
path_b,Caminho B - Floresta Aleatória,0.1914252607184241,0.7882594792142531,0.5028254874322725
path_b,Caminho B - Floresta Aleatória,0.19165701042873695,0.7882594792142531,0.5022115405117035
path_b,Caminho B - Floresta Aleatória,0.19165701042873695,0.7891731384193695,0.5007059562832805
path_b,Caminho B - Floresta Aleatória,0.19188876013904982,0.7891731384193695,0.5005461433290602
path_b,Caminho B - Floresta Aleatória,0.19188876013904982,0.789858382823207,0.49976233346231935
path_b,Caminho B - Floresta Aleatória,0.1921205098493627,0.789858382823207,0.49938455296203654
path_b,Caminho B - Floresta Aleatória,0.1921205098493627,0.7900867976244861,0.499250129280098
path_b,Caminho B - Floresta Aleatória,0.19258400926998842,0.7900867976244861,0.4991392207022691
path_b,Caminho B - Floresta Aleatória,0.193279258400927,0.7900867976244861,0.4981505283654337
path_b,Caminho B - Floresta Aleatória,0.193279258400927,0.7903152124257652,0.4980859398417418
path_b,Caminho B - Floresta Aleatória,0.19374275782155273,0.7903152124257652,0.49774251087074467
path_b,Caminho B - Floresta Aleatória,0.19374275782155273,0.7910004568296025,0.49758379595854796
path_b,Caminho B - Floresta Aleatória,0.1939745075318656,0.7910004568296025,0.4974057248838779
path_b,Caminho B - Floresta Aleatória,0.1939745075318656,0.7914572864321608,0.49675729429084886
path_b,Caminho B - Floresta Aleatória,0.19420625724217844,0.79168570123344,0.49662042982842913
path_b,Caminho B - Floresta Aleatória,0.19420625724217844,0.7919141160347191,0.496145314604023
path_b,Caminho B - Floresta Aleatória,0.19466975666280417,0.7919141160347191,0.4949347850173999
path_b,Caminho B - Floresta Aleatória,0.19490150637311704,0.7921425308359982,0.49487587780706854
path_b,Caminho B - Floresta Aleatória,0.19536500579374275,0.7921425308359982,0.49425990779309786
path_b,Caminho B - Floresta Aleatória,0.19536500579374275,0.7923709456372773,0.4941341519956455
path_b,Caminho B - Floresta Aleatória,0.19582850521436848,0.7923709456372773,0.49324338454045147
path_b,Caminho B - Floresta Aleatória,0.19582850521436848,0.7930561900411147,0.49286858617805623
path_b,Caminho B - Floresta Aleatória,0.19606025492468135,0.7930561900411147,0.4927295125334413
path_b,Caminho B - Floresta Aleatória,0.19606025492468135,0.793741434444952,0.49135709507299014
path_b,Caminho B - Floresta Aleatória,0.19629200463499422,0.793741434444952,0.49108335547866516
path_b,Caminho B - Floresta Aleatória,0.19629200463499422,0.7939698492462312,0.4909901026746991
path_b,Caminho B - Floresta Aleatória,0.19652375434530706,0.7939698492462312,0.49084768699032144
path_b,Caminho B - Floresta Aleatória,0.19675550405561992,0.7941982640475103,0.4908303954101098
path_b,Caminho B - Floresta Aleatória,0.19675550405561992,0.7944266788487894,0.49048665643624223
path_b,Caminho B - Floresta Aleatória,0.1969872537659328,0.7946550936500685,0.49047729406164436
path_b,Caminho B - Floresta Aleatória,0.1969872537659328,0.7953403380539059,0.4895687334748998
path_b,Caminho B - Floresta Aleatória,0.19745075318655853,0.7957971676564641,0.48952847386959525
path_b,Caminho B - Floresta Aleatória,0.19745075318655853,0.7964824120603015,0.48910943992139366
path_b,Caminho B - Floresta Aleatória,0.1976825028968714,0.7964824120603015,0.4889812829835256
path_b,Caminho B - Floresta Aleatória,0.1976825028968714,0.7971676564641389,0.48849094564760887
path_b,Caminho B - Floresta Aleatória,0.1981460023174971,0.7971676564641389,0.48837311076517964
path_b,Caminho B - Floresta Aleatória,0.1981460023174971,0.797396071265418,0.4883061736758298
path_b,Caminho B - Floresta Aleatória,0.19837775202780997,0.797396071265418,0.48827755894153385
path_b,Caminho B - Floresta Aleatória,0.19837775202780997,0.7978529008679762,0.48755428668439216
path_b,Caminho B - Floresta Aleatória,0.19860950173812283,0.7978529008679762,0.48726462364522094
path_b,Caminho B - Floresta Aleatória,0.19860950173812283,0.7980813156692553,0.4871796310077585
path_b,Caminho B - Floresta Aleatória,0.1988412514484357,0.7980813156692553,0.4870160935743662
path_b,Caminho B - Floresta Aleatória,0.1993047508690614,0.7980813156692553,0.4868922107036667
path_b,Caminho B - Floresta Aleatória,0.19953650057937428,0.7980813156692553,0.4866551494311843
path_b,Caminho B - Floresta Aleatória,0.19953650057937428,0.7983097304705344,0.4865975174969155
path_b,Caminho B - Floresta Aleatória,0.20023174971031285,0.7983097304705344,0.4861050929017014
path_b,Caminho B - Floresta Aleatória,0.20023174971031285,0.7987665600730928,0.4858917365793079
path_b,Caminho B - Floresta Aleatória,0.20115874855156432,0.7987665600730928,0.48566976025154746
path_b,Caminho B - Floresta Aleatória,0.20115874855156432,0.799223389675651,0.48537347336679587
path_b,Caminho B - Floresta Aleatória,0.20139049826187716,0.799223389675651,0.4850768992639967
path_b,Caminho B - Floresta Aleatória,0.20139049826187716,0.7999086340794883,0.4843368712441415
path_b,Caminho B - Floresta Aleatória,0.20139049826187716,0.8003654636820466,0.4842905425233256
path_b,Caminho B - Floresta Aleatória,0.20139049826187716,0.8008222932846049,0.48415582816614555
path_b,Caminho B - Floresta Aleatória,0.20162224797219003,0.8008222932846049,0.4840898271908018
path_b,Caminho B - Floresta Aleatória,0.20162224797219003,0.801050708085884,0.48395771437937873
path_b,Caminho B - Floresta Aleatória,0.2018539976825029,0.801050708085884,0.4833195104301537
path_b,Caminho B - Floresta Aleatória,0.2018539976825029,0.8012791228871631,0.4832437240434833
path_b,Caminho B - Floresta Aleatória,0.20208574739281576,0.8012791228871631,0.48319869092050566
path_b,Caminho B - Floresta Aleatória,0.20208574739281576,0.8015075376884422,0.48318089601498215
path_b,Caminho B - Floresta Aleatória,0.20231749710312863,0.8015075376884422,0.48316120674567664
path_b,Caminho B - Floresta Aleatória,0.20231749710312863,0.8017359524897213,0.48308898146740237
path_b,Caminho B - Floresta Aleatória,0.2025492468134415,0.8017359524897213,0.48301559909989217
path_b,Caminho B - Floresta Aleatória,0.2025492468134415,0.802878026496117,0.4823088970038744
path_b,Caminho B - Floresta Aleatória,0.20278099652375434,0.802878026496117,0.48208302494784183
path_b,Caminho B - Floresta Aleatória,0.20278099652375434,0.8040201005025126,0.4812864141447446
path_b,Caminho B - Floresta Aleatória,0.2030127462340672,0.8040201005025126,0.48083549469301895
path_b,Caminho B - Floresta Aleatória,0.2030127462340672,0.8044769301050708,0.48057491731572854
path_b,Caminho B - Floresta Aleatória,0.20324449594438007,0.8044769301050708,0.48051659276222736
path_b,Caminho B - Floresta Aleatória,0.20324449594438007,0.804933759707629,0.4802901042836634
path_b,Caminho B - Floresta Aleatória,0.2037079953650058,0.804933759707629,0.48019619545791514
path_b,Caminho B - Floresta Aleatória,0.2037079953650058,0.8051621745089081,0.4796613455072724
path_b,Caminho B - Floresta Aleatória,0.20440324449594438,0.8051621745089081,0.47921078513892124
path_b,Caminho B - Floresta Aleatória,0.20440324449594438,0.8053905893101873,0.4791191573714646
path_b,Caminho B - Floresta Aleatória,0.20463499420625725,0.8053905893101873,0.4788732198475825
path_b,Caminho B - Floresta Aleatória,0.20463499420625725,0.8056190041114665,0.4785605116078635
path_b,Caminho B - Floresta Aleatória,0.20486674391657012,0.8056190041114665,0.47844480115384874
path_b,Caminho B - Floresta Aleatória,0.20486674391657012,0.8060758337140247,0.4783304700752649
path_b,Caminho B - Floresta Aleatória,0.20533024333719582,0.8060758337140247,0.47814526939937124
path_b,Caminho B - Floresta Aleatória,0.20533024333719582,0.8065326633165829,0.4780528195228965
path_b,Caminho B - Floresta Aleatória,0.20602549246813442,0.8065326633165829,0.47743598813207605
path_b,Caminho B - Floresta Aleatória,0.20602549246813442,0.8072179077204202,0.4768992763716971
path_b,Caminho B - Floresta Aleatória,0.20625724217844726,0.8072179077204202,0.4768650797934025
path_b,Caminho B - Floresta Aleatória,0.20625724217844726,0.8074463225216995,0.47668763858683905
path_b,Caminho B - Floresta Aleatória,0.20625724217844726,0.8079031521242577,0.4765965197990833
path_b,Caminho B - Floresta Aleatória,0.20625724217844726,0.8083599817268159,0.47567938613292104
path_b,Caminho B - Floresta Aleatória,0.206720741599073,0.8083599817268159,0.4755923973461726
path_b,Caminho B - Floresta Aleatória,0.206720741599073,0.8088168113293741,0.47502054054510023
path_b,Caminho B - Floresta Aleatória,0.20718424101969873,0.8088168113293741,0.474432313449634
path_b,Caminho B - Floresta Aleatória,0.20718424101969873,0.8090452261306532,0.4743900986310248
path_b,Caminho B - Floresta Aleatória,0.2074159907300116,0.8090452261306532,0.4738530351410858
path_b,Caminho B - Floresta Aleatória,0.2074159907300116,0.8097304705344907,0.47336361586479403
path_b,Caminho B - Floresta Aleatória,0.2078794901506373,0.8097304705344907,0.4725965868798461
path_b,Caminho B - Floresta Aleatória,0.2078794901506373,0.8099588853357698,0.4725309712778742
path_b,Caminho B - Floresta Aleatória,0.20811123986095018,0.8099588853357698,0.47217589145873
path_b,Caminho B - Floresta Aleatória,0.20811123986095018,0.8101873001370489,0.4719148939295463
path_b,Caminho B - Floresta Aleatória,0.20880648899188875,0.8101873001370489,0.47139822879748716
path_b,Caminho B - Floresta Aleatória,0.20880648899188875,0.8108725445408862,0.47087078793938875
path_b,Caminho B - Floresta Aleatória,0.20903823870220162,0.8113293741434445,0.4705790062084504
path_b,Caminho B - Floresta Aleatória,0.20950173812282735,0.8113293741434445,0.46983331757014135
path_b,Caminho B - Floresta Aleatória,0.20950173812282735,0.8115577889447236,0.4697033209375423
path_b,Caminho B - Floresta Aleatória,0.20973348783314022,0.8115577889447236,0.46968500968713084
path_b,Caminho B - Floresta Aleatória,0.20973348783314022,0.8126998629511192,0.46930868291101757
path_b,Caminho B - Floresta Aleatória,0.21066048667439166,0.8126998629511192,0.4689276538608651
path_b,Caminho B - Floresta Aleatória,0.21089223638470453,0.8131566925536775,0.46862133293711133
path_b,Caminho B - Floresta Aleatória,0.21089223638470453,0.8133851073549566,0.4685757982915692
path_b,Caminho B - Floresta Aleatória,0.21112398609501737,0.8133851073549566,0.4684571476446869
path_b,Caminho B - Floresta Aleatória,0.21112398609501737,0.8138419369575148,0.4681853586234404
path_b,Caminho B - Floresta Aleatória,0.21181923522595597,0.8138419369575148,0.46760275360364717
path_b,Caminho B - Floresta Aleatória,0.21205098493626884,0.8140703517587939,0.467447402405981
path_b,Caminho B - Floresta Aleatória,0.21205098493626884,0.8145271813613523,0.46729435492112587
path_b,Caminho B - Floresta Aleatória,0.2122827346465817,0.8145271813613523,0.4671908926462325
path_b,Caminho B - Floresta Aleatória,0.2122827346465817,0.8147555961626314,0.4671872733027066
path_b,Caminho B - Floresta Aleatória,0.21251448435689455,0.8147555961626314,0.4669932156978833
path_b,Caminho B - Floresta Aleatória,0.21251448435689455,0.8154408405664687,0.46624954229436866
path_b,Caminho B - Floresta Aleatória,0.2127462340672074,0.8154408405664687,0.46618484077301997
path_b,Caminho B - Floresta Aleatória,0.2127462340672074,0.8156692553677478,0.4660505614730288
path_b,Caminho B - Floresta Aleatória,0.21297798377752028,0.8156692553677478,0.4660105927781736
path_b,Caminho B - Floresta Aleatória,0.21297798377752028,0.8158976701690269,0.46565530125422966
path_b,Caminho B - Floresta Aleatória,0.21344148319814601,0.8158976701690269,0.4653428919119459
path_b,Caminho B - Floresta Aleatória,0.21344148319814601,0.8163544997715853,0.46521668827844703
path_b,Caminho B - Floresta Aleatória,0.21367323290845885,0.8163544997715853,0.4649503899058057
path_b,Caminho B - Floresta Aleatória,0.21367323290845885,0.8168113293741435,0.46479169505678786
path_b,Caminho B - Floresta Aleatória,0.2141367323290846,0.8168113293741435,0.4646213201087236
path_b,Caminho B - Floresta Aleatória,0.2141367323290846,0.8172681589767017,0.4644142885736404
path_b,Caminho B - Floresta Aleatória,0.21460023174971032,0.8172681589767017,0.464041899616215
path_b,Caminho B - Floresta Aleatória,0.21460023174971032,0.8174965737779808,0.4639026985587712
path_b,Caminho B - Floresta Aleatória,0.21483198146002316,0.8174965737779808,0.46380977628050685
path_b,Caminho B - Floresta Aleatória,0.21483198146002316,0.8177249885792599,0.4637766055293411
path_b,Caminho B - Floresta Aleatória,0.2152954808806489,0.8177249885792599,0.4632842884492974
path_b,Caminho B - Floresta Aleatória,0.2152954808806489,0.817953403380539,0.463165594196967
path_b,Caminho B - Floresta Aleatória,0.21552723059096177,0.817953403380539,0.4629475020084674
path_b,Caminho B - Floresta Aleatória,0.21552723059096177,0.8181818181818182,0.46281386571499195
path_b,Caminho B - Floresta Aleatória,0.21575898030127463,0.8181818181818182,0.4626210236542093
path_b,Caminho B - Floresta Aleatória,0.21575898030127463,0.8186386477843764,0.46253782848595143
path_b,Caminho B - Floresta Aleatória,0.21599073001158747,0.8190954773869347,0.462423314983729
path_b,Caminho B - Floresta Aleatória,0.2164542294322132,0.8190954773869347,0.4622410124788245
path_b,Caminho B - Floresta Aleatória,0.2164542294322132,0.819780721790772,0.4620472445569832
path_b,Caminho B - Floresta Aleatória,0.21668597914252608,0.819780721790772,0.46184307883944586
path_b,Caminho B - Floresta Aleatória,0.21668597914252608,0.8204659661946094,0.4611762301600211
path_b,Caminho B - Floresta Aleatória,0.21691772885283894,0.8204659661946094,0.46115926394940593
path_b,Caminho B - Floresta Aleatória,0.21691772885283894,0.8209227957971676,0.4609560460757579
path_b,Caminho B - Floresta Aleatória,0.2171494785631518,0.8209227957971676,0.46090736267980104
path_b,Caminho B - Floresta Aleatória,0.21761297798377752,0.8209227957971676,0.46066214342769696
path_b,Caminho B - Floresta Aleatória,0.21784472769409038,0.8209227957971676,0.4606376036721975
path_b,Caminho B - Floresta Aleatória,0.21784472769409038,0.8211512105984468,0.46049255597758043
path_b,Caminho B - Floresta Aleatória,0.21877172653534183,0.8211512105984468,0.4601422748729068
path_b,Caminho B - Floresta Aleatória,0.21877172653534183,0.8218364550022842,0.45913060785783544
path_b,Caminho B - Floresta Aleatória,0.2190034762456547,0.8218364550022842,0.45907560091690813
path_b,Caminho B - Floresta Aleatória,0.21946697566628043,0.8220648698035633,0.4589948669429262
path_b,Caminho B - Floresta Aleatória,0.21969872537659327,0.8220648698035633,0.45877711927382625
path_b,Caminho B - Floresta Aleatória,0.21969872537659327,0.8225216994061215,0.458558255072414
path_b,Caminho B - Floresta Aleatória,0.220162224797219,0.8225216994061215,0.45841245024800453
path_b,Caminho B - Floresta Aleatória,0.220162224797219,0.8238921882137963,0.4573600232948085
path_b,Caminho B - Floresta Aleatória,0.22062572421784474,0.8238921882137963,0.45696939239665724
path_b,Caminho B - Floresta Aleatória,0.22062572421784474,0.8245774326176336,0.45582963163798096
path_b,Caminho B - Floresta Aleatória,0.2213209733487833,0.8245774326176336,0.45503181034881024
path_b,Caminho B - Floresta Aleatória,0.2213209733487833,0.8259479214253084,0.4533973062387456
path_b,Caminho B - Floresta Aleatória,0.22247972190034762,0.8259479214253084,0.45244899006587835
path_b,Caminho B - Floresta Aleatória,0.22247972190034762,0.8264047510278666,0.45234273940261865
path_b,Caminho B - Floresta Aleatória,0.2227114716106605,0.8264047510278666,0.4522175258944614
path_b,Caminho B - Floresta Aleatória,0.22294322132097336,0.8266331658291457,0.45213731849628963
path_b,Caminho B - Floresta Aleatória,0.22294322132097336,0.8268615806304248,0.4521112131876106
path_b,Caminho B - Floresta Aleatória,0.22340672074159906,0.8268615806304248,0.45168413728732704
path_b,Caminho B - Floresta Aleatória,0.22340672074159906,0.827089995431704,0.4513737979541175
path_b,Caminho B - Floresta Aleatória,0.2238702201622248,0.827089995431704,0.45108081676902845
path_b,Caminho B - Floresta Aleatória,0.22456546929316337,0.827089995431704,0.4502466742342435
path_b,Caminho B - Floresta Aleatória,0.22456546929316337,0.8275468250342622,0.44979381849267314
path_b,Caminho B - Floresta Aleatória,0.22479721900347624,0.8275468250342622,0.4497384383988609
path_b,Caminho B - Floresta Aleatória,0.22479721900347624,0.8277752398355414,0.4497058349222821
path_b,Caminho B - Floresta Aleatória,0.2250289687137891,0.8277752398355414,0.4495699406766939
path_b,Caminho B - Floresta Aleatória,0.2250289687137891,0.8280036546368205,0.4495171018516459
path_b,Caminho B - Floresta Aleatória,0.22526071842410197,0.8280036546368205,0.4493983126822275
path_b,Caminho B - Floresta Aleatória,0.22526071842410197,0.828917313841937,0.44871774123761726
path_b,Caminho B - Floresta Aleatória,0.22549246813441484,0.828917313841937,0.44871384375502715
path_b,Caminho B - Floresta Aleatória,0.22549246813441484,0.8298309730470534,0.44742682890652613
path_b,Caminho B - Floresta Aleatória,0.22572421784472768,0.8298309730470534,0.4472970620057123
path_b,Caminho B - Floresta Aleatória,0.22572421784472768,0.8300593878483326,0.4471160085547663
path_b,Caminho B - Floresta Aleatória,0.22618771726535342,0.8305162174508908,0.4470288661982285
path_b,Caminho B - Floresta Aleatória,0.22641946697566628,0.8305162174508908,0.44690248402622335
path_b,Caminho B - Floresta Aleatória,0.22641946697566628,0.8309730470534491,0.4464390987597344
path_b,Caminho B - Floresta Aleatória,0.22734646581691773,0.8309730470534491,0.4458098310776305
path_b,Caminho B - Floresta Aleatória,0.22734646581691773,0.8312014618547282,0.4457366113384232
path_b,Caminho B - Floresta Aleatória,0.2275782155272306,0.8314298766560073,0.4454770156539645
path_b,Caminho B - Floresta Aleatória,0.2275782155272306,0.8321151210598446,0.4446861855673945
path_b,Caminho B - Floresta Aleatória,0.22827346465816917,0.8321151210598446,0.44363259493272056
path_b,Caminho B - Floresta Aleatória,0.22827346465816917,0.832571950662403,0.4429544191900753
path_b,Caminho B - Floresta Aleatória,0.22827346465816917,0.8330287802649612,0.4429260757075986
path_b,Caminho B - Floresta Aleatória,0.22827346465816917,0.8332571950662403,0.4427944683188285
path_b,Caminho B - Floresta Aleatória,0.22850521436848203,0.8332571950662403,0.4426645019045094
path_b,Caminho B - Floresta Aleatória,0.22850521436848203,0.8334856098675194,0.4419624941044959
path_b,Caminho B - Floresta Aleatória,0.2287369640787949,0.8334856098675194,0.441576156844498
path_b,Caminho B - Floresta Aleatória,0.2287369640787949,0.8339424394700776,0.4414500959841195
path_b,Caminho B - Floresta Aleatória,0.22896871378910777,0.8339424394700776,0.44130271246435987
path_b,Caminho B - Floresta Aleatória,0.22896871378910777,0.8341708542713567,0.4411809815524601
path_b,Caminho B - Floresta Aleatória,0.22966396292004634,0.8341708542713567,0.4403518593088035
path_b,Caminho B - Floresta Aleatória,0.23012746234067208,0.8341708542713567,0.4402717861571071
path_b,Caminho B - Floresta Aleatória,0.23012746234067208,0.834399269072636,0.43981078339943
path_b,Caminho B - Floresta Aleatória,0.23059096176129779,0.834399269072636,0.43951039211975407
path_b,Caminho B - Floresta Aleatória,0.23059096176129779,0.8346276838739151,0.43939537798425143
path_b,Caminho B - Floresta Aleatória,0.23105446118192352,0.8348560986751942,0.4390854716061145
path_b,Caminho B - Floresta Aleatória,0.23174971031286212,0.8348560986751942,0.43836052822113347
path_b,Caminho B - Floresta Aleatória,0.23174971031286212,0.8350845134764733,0.4382242129223779
path_b,Caminho B - Floresta Aleatória,0.2324449594438007,0.8350845134764733,0.43766483211793245
path_b,Caminho B - Floresta Aleatória,0.2324449594438007,0.8355413430790315,0.4374315164129665
path_b,Caminho B - Floresta Aleatória,0.23267670915411356,0.8355413430790315,0.43713265044775795
path_b,Caminho B - Floresta Aleatória,0.23267670915411356,0.8357697578803106,0.43695645810172073
path_b,Caminho B - Floresta Aleatória,0.23314020857473927,0.8357697578803106,0.4365247098426569
path_b,Caminho B - Floresta Aleatória,0.23314020857473927,0.8359981726815897,0.43614902823572976
path_b,Caminho B - Floresta Aleatória,0.23337195828505214,0.8359981726815897,0.4359920490407053
path_b,Caminho B - Floresta Aleatória,0.23337195828505214,0.8362265874828689,0.4358398084335047
path_b,Caminho B - Floresta Aleatória,0.23383545770567787,0.8362265874828689,0.4357117285147512
path_b,Caminho B - Floresta Aleatória,0.23383545770567787,0.8366834170854272,0.4354529112419027
path_b,Caminho B - Floresta Aleatória,0.23568945538818076,0.8366834170854272,0.4347482619465039
path_b,Caminho B - Floresta Aleatória,0.23568945538818076,0.8375970762905436,0.4342856253668747
path_b,Caminho B - Floresta Aleatória,0.23638470451911936,0.8375970762905436,0.4339665017327768
path_b,Caminho B - Floresta Aleatória,0.23638470451911936,0.8380539058931019,0.4339643960146636
path_b,Caminho B - Floresta Aleatória,0.23638470451911936,0.838282320694381,0.4337276108937089
path_b,Caminho B - Floresta Aleatória,0.23661645422943223,0.838282320694381,0.4336543005215883
path_b,Caminho B - Floresta Aleatória,0.23661645422943223,0.8391959798994975,0.4326769887313691
path_b,Caminho B - Floresta Aleatória,0.23754345307068367,0.8391959798994975,0.4320964277597624
path_b,Caminho B - Floresta Aleatória,0.23754345307068367,0.8394243947007766,0.431888090470107
path_b,Caminho B - Floresta Aleatória,0.23777520278099654,0.8396528095020558,0.43174572264341776
path_b,Caminho B - Floresta Aleatória,0.23800695249130938,0.8396528095020558,0.43166539626775846
path_b,Caminho B - Floresta Aleatória,0.23800695249130938,0.8398812243033349,0.43139684168861625
path_b,Caminho B - Floresta Aleatória,0.23823870220162224,0.840109639104614,0.43132910470522773
path_b,Caminho B - Floresta Aleatória,0.23823870220162224,0.8403380539058931,0.43122450377604005
path_b,Caminho B - Floresta Aleatória,0.23916570104287369,0.8403380539058931,0.43014816437189163
path_b,Caminho B - Floresta Aleatória,0.23916570104287369,0.8405664687071722,0.4296799851540392
path_b,Caminho B - Floresta Aleatória,0.23939745075318655,0.8405664687071722,0.4295394686069147
path_b,Caminho B - Floresta Aleatória,0.23939745075318655,0.8407948835084513,0.4290876453696409
path_b,Caminho B - Floresta Aleatória,0.2398609501738123,0.8407948835084513,0.42893582603502417
path_b,Caminho B - Floresta Aleatória,0.2398609501738123,0.8412517131110095,0.4272644058864301
path_b,Caminho B - Floresta Aleatória,0.24009269988412515,0.8412517131110095,0.42678514377029225
path_b,Caminho B - Floresta Aleatória,0.24009269988412515,0.8414801279122888,0.426654182170525
path_b,Caminho B - Floresta Aleatória,0.240324449594438,0.8414801279122888,0.42664265366514786
path_b,Caminho B - Floresta Aleatória,0.240324449594438,0.8417085427135679,0.42660939739613635
path_b,Caminho B - Floresta Aleatória,0.24078794901506373,0.8417085427135679,0.4260928189424632
path_b,Caminho B - Floresta Aleatória,0.24125144843568946,0.8417085427135679,0.42605402531653774
path_b,Caminho B - Floresta Aleatória,0.24125144843568946,0.841936957514847,0.42578666733458803
path_b,Caminho B - Floresta Aleatória,0.24171494785631517,0.841936957514847,0.42563759803925827
path_b,Caminho B - Floresta Aleatória,0.24171494785631517,0.8423937871174052,0.425277173843983
path_b,Caminho B - Floresta Aleatória,0.2421784472769409,0.8423937871174052,0.4245992579558666
path_b,Caminho B - Floresta Aleatória,0.24264194669756664,0.8423937871174052,0.4243528215214435
path_b,Caminho B - Floresta Aleatória,0.24264194669756664,0.8428506167199634,0.423561797294429
path_b,Caminho B - Floresta Aleatória,0.24333719582850522,0.8428506167199634,0.4225079093837086
path_b,Caminho B - Floresta Aleatória,0.24333719582850522,0.8430790315212425,0.42241890563889783
path_b,Caminho B - Floresta Aleatória,0.24356894553881808,0.8433074463225217,0.42225372004915845
path_b,Caminho B - Floresta Aleatória,0.24426419466975666,0.8433074463225217,0.4217560448268763
path_b,Caminho B - Floresta Aleatória,0.24426419466975666,0.8439926907263591,0.42124893392664936
path_b,Caminho B - Floresta Aleatória,0.24495944380069526,0.8439926907263591,0.4209756355955129
path_b,Caminho B - Floresta Aleatória,0.2451911935110081,0.8439926907263591,0.42090394923876484
path_b,Caminho B - Floresta Aleatória,0.2451911935110081,0.8442211055276382,0.4208606040237384
path_b,Caminho B - Floresta Aleatória,0.24565469293163383,0.8442211055276382,0.42060249427710056
path_b,Caminho B - Floresta Aleatória,0.24565469293163383,0.8444495203289173,0.42026431367896383
path_b,Caminho B - Floresta Aleatória,0.24727694090382388,0.8444495203289173,0.4191159203829049
path_b,Caminho B - Floresta Aleatória,0.24727694090382388,0.8451347647327547,0.4184149556594003
path_b,Caminho B - Floresta Aleatória,0.24797219003476245,0.8451347647327547,0.41761117409457005
path_b,Caminho B - Floresta Aleatória,0.24797219003476245,0.8453631795340338,0.41730301657102115
path_b,Caminho B - Floresta Aleatória,0.24866743916570105,0.8453631795340338,0.4166673385843711
path_b,Caminho B - Floresta Aleatória,0.24866743916570105,0.8460484239378712,0.416158983069003
path_b,Caminho B - Floresta Aleatória,0.2488991888760139,0.8460484239378712,0.41615621214897625
path_b,Caminho B - Floresta Aleatória,0.2488991888760139,0.8471904979442668,0.41453341046784575
path_b,Caminho B - Floresta Aleatória,0.24982618771726536,0.8471904979442668,0.4137320272559865
path_b,Caminho B - Floresta Aleatória,0.2500579374275782,0.8474189127455459,0.4136064658873653
path_b,Caminho B - Floresta Aleatória,0.25028968713789107,0.8474189127455459,0.41356303291176366
path_b,Caminho B - Floresta Aleatória,0.25028968713789107,0.847647327546825,0.41317189485064876
path_b,Caminho B - Floresta Aleatória,0.2507531865585168,0.847647327546825,0.4127301064202915
path_b,Caminho B - Floresta Aleatória,0.2509849362688297,0.847647327546825,0.41267868861160123
path_b,Caminho B - Floresta Aleatória,0.2509849362688297,0.8478757423481041,0.4118788719594278
path_b,Caminho B - Floresta Aleatória,0.25121668597914254,0.8481041571493833,0.41138612682458464
path_b,Caminho B - Floresta Aleatória,0.2514484356894554,0.8481041571493833,0.41135742652982965
path_b,Caminho B - Floresta Aleatória,0.2514484356894554,0.8485609867519415,0.4109922956112267
path_b,Caminho B - Floresta Aleatória,0.2516801853997683,0.8485609867519415,0.41087764976893437
path_b,Caminho B - Floresta Aleatória,0.2516801853997683,0.8487894015532207,0.4106140440996302
path_b,Caminho B - Floresta Aleatória,0.2526071842410197,0.8487894015532207,0.4099706361527734
path_b,Caminho B - Floresta Aleatória,0.2530706836616454,0.8490178163544998,0.4099268368026533
path_b,Caminho B - Floresta Aleatória,0.2530706836616454,0.8492462311557789,0.4093121200853651
path_b,Caminho B - Floresta Aleatória,0.2533024333719583,0.8492462311557789,0.40928045877488123
path_b,Caminho B - Floresta Aleatória,0.253765932792584,0.849474645957058,0.4090437412929288
path_b,Caminho B - Floresta Aleatória,0.253765932792584,0.8499314755596162,0.4081617822161496
path_b,Caminho B - Floresta Aleatória,0.253765932792584,0.8501598903608953,0.4080671382662108
path_b,Caminho B - Floresta Aleatória,0.2539976825028969,0.8501598903608953,0.40799209453692753
path_b,Caminho B - Floresta Aleatória,0.2539976825028969,0.8503883051621746,0.4066680407406043
path_b,Caminho B - Floresta Aleatória,0.2544611819235226,0.8503883051621746,0.4064037726322773
path_b,Caminho B - Floresta Aleatória,0.2544611819235226,0.8515303791685701,0.4058927626776042
path_b,Caminho B - Floresta Aleatória,0.2549246813441483,0.8515303791685701,0.40582707623103725
path_b,Caminho B - Floresta Aleatória,0.2551564310544612,0.8517587939698492,0.40580228052278833
path_b,Caminho B - Floresta Aleatória,0.2556199304750869,0.8517587939698492,0.40533360132993085
path_b,Caminho B - Floresta Aleatória,0.2556199304750869,0.8519872087711283,0.4050806662312356
path_b,Caminho B - Floresta Aleatória,0.2563151796060255,0.8519872087711283,0.4041737393897694
path_b,Caminho B - Floresta Aleatória,0.2563151796060255,0.8522156235724075,0.40382984539323125
path_b,Caminho B - Floresta Aleatória,0.2572421784472769,0.8522156235724075,0.4033528575471569
path_b,Caminho B - Floresta Aleatória,0.2572421784472769,0.8524440383736867,0.4032102293922152
path_b,Caminho B - Floresta Aleatória,0.2574739281575898,0.8524440383736867,0.4028786826228726
path_b,Caminho B - Floresta Aleatória,0.2574739281575898,0.8529008679762449,0.4026873019094533
path_b,Caminho B - Floresta Aleatória,0.25840092699884126,0.8529008679762449,0.4014247993175403
path_b,Caminho B - Floresta Aleatória,0.25840092699884126,0.8540429419826405,0.40070179901638625
path_b,Caminho B - Floresta Aleatória,0.25863267670915413,0.8540429419826405,0.40062770152411026
path_b,Caminho B - Floresta Aleatória,0.25863267670915413,0.8542713567839196,0.40054632311927135
path_b,Caminho B - Floresta Aleatória,0.258864426419467,0.8542713567839196,0.40032143539958054
path_b,Caminho B - Floresta Aleatória,0.258864426419467,0.8544997715851987,0.39982318404457035
path_b,Caminho B - Floresta Aleatória,0.2597914252607184,0.8544997715851987,0.3991137892369321
path_b,Caminho B - Floresta Aleatória,0.2597914252607184,0.8554134307903152,0.39761213791966954
path_b,Caminho B - Floresta Aleatória,0.26025492468134415,0.8554134307903152,0.3975244639080965
path_b,Caminho B - Floresta Aleatória,0.26025492468134415,0.8560986751941526,0.39657884934188203
path_b,Caminho B - Floresta Aleatória,0.260486674391657,0.8560986751941526,0.39645423923202094
path_b,Caminho B - Floresta Aleatória,0.260486674391657,0.8567839195979899,0.3960346605796338
path_b,Caminho B - Floresta Aleatória,0.260486674391657,0.8572407492005482,0.3957409000306517
path_b,Caminho B - Floresta Aleatória,0.260486674391657,0.8581544084056647,0.39524009378772257
path_b,Caminho B - Floresta Aleatória,0.2607184241019699,0.8581544084056647,0.39523982701227894
path_b,Caminho B - Floresta Aleatória,0.2607184241019699,0.8583828232069438,0.39488496494579955
path_b,Caminho B - Floresta Aleatória,0.2611819235225956,0.8583828232069438,0.3948318230864674
path_b,Caminho B - Floresta Aleatória,0.2611819235225956,0.8586112380082229,0.394821019148243
path_b,Caminho B - Floresta Aleatória,0.26257242178447276,0.8586112380082229,0.3941448002169961
path_b,Caminho B - Floresta Aleatória,0.26257242178447276,0.858839652809502,0.39409052856979315
path_b,Caminho B - Floresta Aleatória,0.26257242178447276,0.8592964824120602,0.3939786646727722
path_b,Caminho B - Floresta Aleatória,0.26280417149478563,0.8592964824120602,0.39392452308928644
path_b,Caminho B - Floresta Aleatória,0.26280417149478563,0.8595248972133395,0.39391518983116947
path_b,Caminho B - Floresta Aleatória,0.2637311703360371,0.8595248972133395,0.39261723964788614
path_b,Caminho B - Floresta Aleatória,0.2637311703360371,0.8599817268158977,0.3925751722970429
path_b,Caminho B - Floresta Aleatória,0.26396292004634997,0.8599817268158977,0.39255903815194193
path_b,Caminho B - Floresta Aleatória,0.26396292004634997,0.8602101416171768,0.39253064223953954
path_b,Caminho B - Floresta Aleatória,0.2641946697566628,0.8602101416171768,0.39230974012631
path_b,Caminho B - Floresta Aleatória,0.2646581691772885,0.8602101416171768,0.39220774260487706
path_b,Caminho B - Floresta Aleatória,0.26512166859791425,0.8602101416171768,0.39196980949892307
path_b,Caminho B - Floresta Aleatória,0.26512166859791425,0.860666971219735,0.39188195386510416
path_b,Caminho B - Floresta Aleatória,0.26512166859791425,0.8608953860210141,0.3917123910630537
path_b,Caminho B - Floresta Aleatória,0.2653534183082271,0.8608953860210141,0.39145008944396775
path_b,Caminho B - Floresta Aleatória,0.2653534183082271,0.8611238008222933,0.3907774329263252
path_b,Caminho B - Floresta Aleatória,0.2660486674391657,0.8611238008222933,0.39052191719600354
path_b,Caminho B - Floresta Aleatória,0.2660486674391657,0.8613522156235724,0.39050586144721333
path_b,Caminho B - Floresta Aleatória,0.2662804171494786,0.8613522156235724,0.3902073171053292
path_b,Caminho B - Floresta Aleatória,0.2662804171494786,0.8615806304248516,0.39016836784875253
path_b,Caminho B - Floresta Aleatória,0.2665121668597914,0.8615806304248516,0.3895145121951104
path_b,Caminho B - Floresta Aleatória,0.2665121668597914,0.8620374600274098,0.38917939263561707
path_b,Caminho B - Floresta Aleatória,0.26697566628041713,0.8620374600274098,0.3888441710723981
path_b,Caminho B - Floresta Aleatória,0.26697566628041713,0.8622658748286889,0.3886779304350488
path_b,Caminho B - Floresta Aleatória,0.26720741599073,0.8622658748286889,0.38851150403768875
path_b,Caminho B - Floresta Aleatória,0.26720741599073,0.8627227044312471,0.3884438131469385
path_b,Caminho B - Floresta Aleatória,0.26813441483198147,0.8627227044312471,0.3873674546086216
path_b,Caminho B - Floresta Aleatória,0.26836616454229434,0.8629511192325263,0.3873264104734623
path_b,Caminho B - Floresta Aleatória,0.2685979142526072,0.8629511192325263,0.38706177533111613
path_b,Caminho B - Floresta Aleatória,0.2685979142526072,0.8631795340338054,0.38687550159755113
path_b,Caminho B - Floresta Aleatória,0.2690614136732329,0.8631795340338054,0.38636598150698165
path_b,Caminho B - Floresta Aleatória,0.2690614136732329,0.8634079488350845,0.38623696229197607
path_b,Caminho B - Floresta Aleatória,0.2697566628041715,0.8634079488350845,0.38577424320598014
path_b,Caminho B - Floresta Aleatória,0.2697566628041715,0.8636363636363636,0.3856630323987635
path_b,Caminho B - Floresta Aleatória,0.26998841251448435,0.8636363636363636,0.3854738073883951
path_b,Caminho B - Floresta Aleatória,0.26998841251448435,0.8645500228414801,0.3849138612241167
path_b,Caminho B - Floresta Aleatória,0.2702201622247972,0.8647784376427593,0.3846192274875888
path_b,Caminho B - Floresta Aleatória,0.27068366164542296,0.8647784376427593,0.38366392688811335
path_b,Caminho B - Floresta Aleatória,0.27068366164542296,0.8650068524440384,0.38280969947671123
path_b,Caminho B - Floresta Aleatória,0.2709154113557358,0.8650068524440384,0.3827236303267045
path_b,Caminho B - Floresta Aleatória,0.2709154113557358,0.8652352672453175,0.38270309100857847
path_b,Caminho B - Floresta Aleatória,0.2711471610660487,0.8652352672453175,0.382656108657098
path_b,Caminho B - Floresta Aleatória,0.2711471610660487,0.8663773412517131,0.38145464653655015
path_b,Caminho B - Floresta Aleatória,0.272305909617613,0.8663773412517131,0.37962840463764164
path_b,Caminho B - Floresta Aleatória,0.272305909617613,0.8666057560529923,0.37936297310999856
path_b,Caminho B - Floresta Aleatória,0.2727694090382387,0.8666057560529923,0.3793573357284502
path_b,Caminho B - Floresta Aleatória,0.27323290845886444,0.8666057560529923,0.3788973056386208
path_b,Caminho B - Floresta Aleatória,0.27323290845886444,0.8670625856555505,0.3787526061586863
path_b,Caminho B - Floresta Aleatória,0.2736964078794902,0.8670625856555505,0.3786754984244593
path_b,Caminho B - Floresta Aleatória,0.2736964078794902,0.8672910004568296,0.3784189506821675
path_b,Caminho B - Floresta Aleatória,0.273928157589803,0.8672910004568296,0.3783086006958512
path_b,Caminho B - Floresta Aleatória,0.273928157589803,0.8675194152581087,0.37785065309703053
path_b,Caminho B - Floresta Aleatória,0.2743916570104287,0.8675194152581087,0.37740634969898595
path_b,Caminho B - Floresta Aleatória,0.2743916570104287,0.8677478300593878,0.37709002776871814
path_b,Caminho B - Floresta Aleatória,0.27485515643105446,0.8677478300593878,0.3765892754021211
path_b,Caminho B - Floresta Aleatória,0.27485515643105446,0.8679762448606669,0.3762190372816909
path_b,Caminho B - Floresta Aleatória,0.2753186558516802,0.8679762448606669,0.3759081266055162
path_b,Caminho B - Floresta Aleatória,0.2753186558516802,0.8684330744632253,0.3755915262223113
path_b,Caminho B - Floresta Aleatória,0.27555040556199306,0.8684330744632253,0.37541823263660623
path_b,Caminho B - Floresta Aleatória,0.27555040556199306,0.8686614892645044,0.3753841426520556
path_b,Caminho B - Floresta Aleatória,0.2760139049826188,0.8686614892645044,0.37502417203537836
path_b,Caminho B - Floresta Aleatória,0.2760139049826188,0.8688899040657835,0.37492224080081293
path_b,Caminho B - Floresta Aleatória,0.27670915411355734,0.8688899040657835,0.374737251736315
path_b,Caminho B - Floresta Aleatória,0.27670915411355734,0.8691183188670626,0.3747275757048134
path_b,Caminho B - Floresta Aleatória,0.2771726535341831,0.8691183188670626,0.3738627058434865
path_b,Caminho B - Floresta Aleatória,0.2771726535341831,0.8693467336683417,0.37379407440717327
path_b,Caminho B - Floresta Aleatória,0.2776361529548088,0.8693467336683417,0.37362565874916115
path_b,Caminho B - Floresta Aleatória,0.2776361529548088,0.870031978072179,0.3733912874446429
path_b,Caminho B - Floresta Aleatória,0.2785631517960603,0.870031978072179,0.3726044143478632
path_b,Caminho B - Floresta Aleatória,0.2785631517960603,0.8702603928734582,0.3722918311961229
path_b,Caminho B - Floresta Aleatória,0.27925840092699883,0.8702603928734582,0.3717069223421498
path_b,Caminho B - Floresta Aleatória,0.27925840092699883,0.8707172224760165,0.3716748462861074
path_b,Caminho B - Floresta Aleatória,0.2808806488991889,0.8707172224760165,0.3701245476414002
path_b,Caminho B - Floresta Aleatória,0.2808806488991889,0.8709456372772956,0.3700888508383721
path_b,Caminho B - Floresta Aleatória,0.2811123986095017,0.8709456372772956,0.36988391299551954
path_b,Caminho B - Floresta Aleatória,0.2813441483198146,0.8711740520785747,0.3697006590864201
path_b,Caminho B - Floresta Aleatória,0.2818076477404403,0.8711740520785747,0.3691220307700859
path_b,Caminho B - Floresta Aleatória,0.2818076477404403,0.8725445408862494,0.3673311737867873
path_b,Caminho B - Floresta Aleatória,0.2825028968713789,0.8725445408862494,0.3667818893348733
path_b,Caminho B - Floresta Aleatória,0.2825028968713789,0.8730013704888077,0.3664614264203486
path_b,Caminho B - Floresta Aleatória,0.2834298957126304,0.8730013704888077,0.36593237406106494
path_b,Caminho B - Floresta Aleatória,0.2834298957126304,0.8734582000913659,0.3658298288499082
path_b,Caminho B - Floresta Aleatória,0.28389339513325607,0.8736866148926451,0.3657205637379071
path_b,Caminho B - Floresta Aleatória,0.28389339513325607,0.8741434444952033,0.36534411862202315
path_b,Caminho B - Floresta Aleatória,0.28458864426419467,0.8741434444952033,0.3650094157560757
path_b,Caminho B - Floresta Aleatória,0.28458864426419467,0.8746002740977615,0.36483529325864594
path_b,Caminho B - Floresta Aleatória,0.2866743916570104,0.8746002740977615,0.3631864803301786
path_b,Caminho B - Floresta Aleatória,0.2866743916570104,0.8748286888990406,0.3630305478287657
path_b,Caminho B - Floresta Aleatória,0.2869061413673233,0.8748286888990406,0.3629179458691811
path_b,Caminho B - Floresta Aleatória,0.2869061413673233,0.8755139333028781,0.362254371715435
path_b,Caminho B - Floresta Aleatória,0.2869061413673233,0.8759707629054363,0.36179562050386455
path_b,Caminho B - Floresta Aleatória,0.2876013904982619,0.8759707629054363,0.36159306944146496
path_b,Caminho B - Floresta Aleatória,0.2876013904982619,0.8761991777067154,0.3615143359405226
path_b,Caminho B - Floresta Aleatória,0.28783314020857476,0.8761991777067154,0.36140895331895917
path_b,Caminho B - Floresta Aleatória,0.28783314020857476,0.8766560073092736,0.3612828040012595
path_b,Caminho B - Floresta Aleatória,0.28783314020857476,0.8773412517131111,0.3608477735746823
path_b,Caminho B - Floresta Aleatória,0.2885283893395133,0.8773412517131111,0.3595559240872245
path_b,Caminho B - Floresta Aleatória,0.2885283893395133,0.8775696665143902,0.3592848919487795
path_b,Caminho B - Floresta Aleatória,0.28876013904982617,0.8775696665143902,0.35862802409031597
path_b,Caminho B - Floresta Aleatória,0.28899188876013904,0.8777980813156693,0.358151456497819
path_b,Caminho B - Floresta Aleatória,0.28899188876013904,0.8780264961169484,0.35814978149025767
path_b,Caminho B - Floresta Aleatória,0.29038238702201624,0.8780264961169484,0.3555139744019169
path_b,Caminho B - Floresta Aleatória,0.29038238702201624,0.8784833257195066,0.3551265504833359
path_b,Caminho B - Floresta Aleatória,0.2906141367323291,0.8784833257195066,0.35490643828728613
path_b,Caminho B - Floresta Aleatória,0.2906141367323291,0.8787117405207857,0.35418318824288
path_b,Caminho B - Floresta Aleatória,0.2917728852838934,0.8787117405207857,0.3525312223262989
path_b,Caminho B - Floresta Aleatória,0.2917728852838934,0.879168570123344,0.3517960330044563
path_b,Caminho B - Floresta Aleatória,0.29200463499420626,0.879168570123344,0.3516760108015448
path_b,Caminho B - Floresta Aleatória,0.29200463499420626,0.8793969849246231,0.35157025333827846
path_b,Caminho B - Floresta Aleatória,0.2922363847045191,0.8793969849246231,0.3514758589402154
path_b,Caminho B - Floresta Aleatória,0.2922363847045191,0.8796253997259023,0.3511509743109733
path_b,Caminho B - Floresta Aleatória,0.292468134414832,0.8796253997259023,0.35089284452893055
path_b,Caminho B - Floresta Aleatória,0.292468134414832,0.8803106441297396,0.35068536632278646
path_b,Caminho B - Floresta Aleatória,0.2929316338354577,0.8803106441297396,0.35017391286953903
path_b,Caminho B - Floresta Aleatória,0.2929316338354577,0.8807674737322978,0.3498964398691631
path_b,Caminho B - Floresta Aleatória,0.29385863267670914,0.8807674737322978,0.34915081012718985
path_b,Caminho B - Floresta Aleatória,0.29385863267670914,0.880995888533577,0.3482006633959902
path_b,Caminho B - Floresta Aleatória,0.294090382387022,0.880995888533577,0.34790803189316494
path_b,Caminho B - Floresta Aleatória,0.294090382387022,0.8812243033348561,0.34790459021826436
path_b,Caminho B - Floresta Aleatória,0.2943221320973349,0.8812243033348561,0.34750253401086
path_b,Caminho B - Floresta Aleatória,0.2943221320973349,0.8814527181361352,0.3473271587577825
path_b,Caminho B - Floresta Aleatória,0.2947856315179606,0.8814527181361352,0.3471102632613565
path_b,Caminho B - Floresta Aleatória,0.2947856315179606,0.8816811329374143,0.3469584015751461
path_b,Caminho B - Floresta Aleatória,0.2959443800695249,0.8816811329374143,0.34537074449440824
path_b,Caminho B - Floresta Aleatória,0.2959443800695249,0.8819095477386935,0.3449493755073157
path_b,Caminho B - Floresta Aleatória,0.2966396292004635,0.8819095477386935,0.3434364543580401
path_b,Caminho B - Floresta Aleatória,0.2966396292004635,0.8825947921425308,0.34308507657448994
path_b,Caminho B - Floresta Aleatória,0.29687137891077636,0.8825947921425308,0.34293933574626256
path_b,Caminho B - Floresta Aleatória,0.29687137891077636,0.88282320694381,0.3425138072186695
path_b,Caminho B - Floresta Aleatória,0.29756662804171496,0.88282320694381,0.34223772855122764
path_b,Caminho B - Floresta Aleatória,0.29756662804171496,0.8832800365463682,0.3418171967915026
path_b,Caminho B - Floresta Aleatória,0.29779837775202783,0.8832800365463682,0.3417952114493865
path_b,Caminho B - Floresta Aleatória,0.29779837775202783,0.8835084513476473,0.341784251847999
path_b,Caminho B - Floresta Aleatória,0.2980301274623407,0.8835084513476473,0.3413842010108092
path_b,Caminho B - Floresta Aleatória,0.2980301274623407,0.8837368661489264,0.3411435755490132
path_b,Caminho B - Floresta Aleatória,0.2982618771726535,0.8837368661489264,0.34103293439794086
path_b,Caminho B - Floresta Aleatória,0.2982618771726535,0.8839652809502055,0.34072565728721793
path_b,Caminho B - Floresta Aleatória,0.29872537659327925,0.8839652809502055,0.33977837630396257
path_b,Caminho B - Floresta Aleatória,0.29872537659327925,0.8841936957514847,0.3395114467701743
path_b,Caminho B - Floresta Aleatória,0.2996523754345307,0.8841936957514847,0.3379651301198843
path_b,Caminho B - Floresta Aleatória,0.2996523754345307,0.8844221105527639,0.3378011376167332
path_b,Caminho B - Floresta Aleatória,0.30011587485515645,0.8844221105527639,0.33734798978678177
path_b,Caminho B - Floresta Aleatória,0.30011587485515645,0.884650525354043,0.33716480295283346
path_b,Caminho B - Floresta Aleatória,0.30057937427578213,0.884650525354043,0.3367181228173571
path_b,Caminho B - Floresta Aleatória,0.30057937427578213,0.8851073549566012,0.33659069338428615
path_b,Caminho B - Floresta Aleatória,0.300811123986095,0.8851073549566012,0.33651947235852575
path_b,Caminho B - Floresta Aleatória,0.300811123986095,0.8853357697578803,0.3364615417829942
path_b,Caminho B - Floresta Aleatória,0.30127462340672073,0.8853357697578803,0.33542507485836554
path_b,Caminho B - Floresta Aleatória,0.30127462340672073,0.8855641845591594,0.33517438318958565
path_b,Caminho B - Floresta Aleatória,0.3015063731170336,0.8855641845591594,0.335166568974872
path_b,Caminho B - Floresta Aleatória,0.3015063731170336,0.8860210141617176,0.33492022730006915
path_b,Caminho B - Floresta Aleatória,0.3022016222479722,0.8860210141617176,0.3345910617352811
path_b,Caminho B - Floresta Aleatória,0.3022016222479722,0.8862494289629969,0.333751747569883
path_b,Caminho B - Floresta Aleatória,0.30243337195828507,0.8862494289629969,0.3335509417362785
path_b,Caminho B - Floresta Aleatória,0.30243337195828507,0.8867062585655551,0.33245500272992806
path_b,Caminho B - Floresta Aleatória,0.3028968713789108,0.8867062585655551,0.33185659560271197
path_b,Caminho B - Floresta Aleatória,0.3028968713789108,0.8869346733668342,0.33182770226299885
path_b,Caminho B - Floresta Aleatória,0.3028968713789108,0.8873915029693924,0.3318091320079568
path_b,Caminho B - Floresta Aleatória,0.3033603707995365,0.8873915029693924,0.33167335449648805
path_b,Caminho B - Floresta Aleatória,0.3033603707995365,0.8876199177706715,0.331590032556694
path_b,Caminho B - Floresta Aleatória,0.30359212050984935,0.8876199177706715,0.3310631462217928
path_b,Caminho B - Floresta Aleatória,0.30359212050984935,0.8883051621745089,0.33084387809507815
path_b,Caminho B - Floresta Aleatória,0.30660486674391657,0.8883051621745089,0.3287659373294855
path_b,Caminho B - Floresta Aleatória,0.30660486674391657,0.888533576975788,0.3286610634587177
path_b,Caminho B - Floresta Aleatória,0.30683661645422944,0.888533576975788,0.32861651456091723
path_b,Caminho B - Floresta Aleatória,0.30683661645422944,0.8887619917770672,0.3282452636154663
path_b,Caminho B - Floresta Aleatória,0.3079953650057937,0.8887619917770672,0.32762073216209026
path_b,Caminho B - Floresta Aleatória,0.3079953650057937,0.8889904065783463,0.3269441677199719
path_b,Caminho B - Floresta Aleatória,0.31100811123986094,0.8889904065783463,0.32446429048454967
path_b,Caminho B - Floresta Aleatória,0.31100811123986094,0.8896756509821836,0.32409025119100565
path_b,Caminho B - Floresta Aleatória,0.31170336037079954,0.8896756509821836,0.3232421658084703
path_b,Caminho B - Floresta Aleatória,0.31170336037079954,0.8899040657834628,0.3228599620943377
path_b,Caminho B - Floresta Aleatória,0.3121668597914253,0.8899040657834628,0.32246486827897286
path_b,Caminho B - Floresta Aleatória,0.3121668597914253,0.8901324805847419,0.32210751520530845
path_b,Caminho B - Floresta Aleatória,0.312630359212051,0.8901324805847419,0.3214279562024856
path_b,Caminho B - Floresta Aleatória,0.312630359212051,0.890360895386021,0.32140053823441755
path_b,Caminho B - Floresta Aleatória,0.3137891077636153,0.890360895386021,0.32027577171844196
path_b,Caminho B - Floresta Aleatória,0.31425260718424103,0.890360895386021,0.3202363417282089
path_b,Caminho B - Floresta Aleatória,0.31425260718424103,0.8905893101873001,0.3201315037411342
path_b,Caminho B - Floresta Aleatória,0.3144843568945539,0.8905893101873001,0.3200591402002491
path_b,Caminho B - Floresta Aleatória,0.31494785631517963,0.8905893101873001,0.3196519410971944
path_b,Caminho B - Floresta Aleatória,0.3154113557358053,0.8905893101873001,0.3193405335917486
path_b,Caminho B - Floresta Aleatória,0.3154113557358053,0.8908177249885793,0.3192712646764939
path_b,Caminho B - Floresta Aleatória,0.3154113557358053,0.8912745545911375,0.3190395712826144
path_b,Caminho B - Floresta Aleatória,0.3161066048667439,0.8912745545911375,0.3180927577475109
path_b,Caminho B - Floresta Aleatória,0.3161066048667439,0.8915029693924166,0.31802576190606513
path_b,Caminho B - Floresta Aleatória,0.3170336037079954,0.8915029693924166,0.3172139850172129
path_b,Caminho B - Floresta Aleatória,0.3170336037079954,0.8917313841936958,0.3171985833536886
path_b,Caminho B - Floresta Aleatória,0.31772885283893393,0.8917313841936958,0.3164434357327297
path_b,Caminho B - Floresta Aleatória,0.31772885283893393,0.8919597989949749,0.316226757789686
path_b,Caminho B - Floresta Aleatória,0.31888760139049827,0.8919597989949749,0.3154037271460729
path_b,Caminho B - Floresta Aleatória,0.31888760139049827,0.892188213796254,0.3152022521676481
path_b,Caminho B - Floresta Aleatória,0.319351100811124,0.892188213796254,0.31490526161280236
path_b,Caminho B - Floresta Aleatória,0.319351100811124,0.8926450433988122,0.3145692201365395
path_b,Caminho B - Floresta Aleatória,0.3202780996523754,0.8926450433988122,0.31373936492626603
path_b,Caminho B - Floresta Aleatória,0.3202780996523754,0.8935587026039288,0.3133255397669168
path_b,Caminho B - Floresta Aleatória,0.3205098493626883,0.8935587026039288,0.3132553953273238
path_b,Caminho B - Floresta Aleatória,0.3205098493626883,0.8942439470077661,0.3127357711670776
path_b,Caminho B - Floresta Aleatória,0.3216685979142526,0.8942439470077661,0.31186165183420506
path_b,Caminho B - Floresta Aleatória,0.3219003476245655,0.8944723618090452,0.31182256669396974
path_b,Caminho B - Floresta Aleatória,0.3219003476245655,0.8951576062128825,0.3110128450101892
path_b,Caminho B - Floresta Aleatória,0.32305909617612977,0.8951576062128825,0.30962899991585363
path_b,Caminho B - Floresta Aleatória,0.32329084588644263,0.8953860210141618,0.3094023207765089
path_b,Caminho B - Floresta Aleatória,0.32375434530706837,0.8953860210141618,0.3093086596011452
path_b,Caminho B - Floresta Aleatória,0.32375434530706837,0.89584285061672,0.3092376672907243
path_b,Caminho B - Floresta Aleatória,0.32398609501738124,0.89584285061672,0.3090221218646783
path_b,Caminho B - Floresta Aleatória,0.32398609501738124,0.8960712654179991,0.3089178188684849
path_b,Caminho B - Floresta Aleatória,0.32444959443800697,0.8960712654179991,0.30818387189004415
path_b,Caminho B - Floresta Aleatória,0.32444959443800697,0.8962996802192782,0.3080314258460739
path_b,Caminho B - Floresta Aleatória,0.32468134414831984,0.8962996802192782,0.3078807855747093
path_b,Caminho B - Floresta Aleatória,0.32468134414831984,0.8967565098218364,0.3073555598040276
path_b,Caminho B - Floresta Aleatória,0.32560834298957125,0.8967565098218364,0.306764470644614
path_b,Caminho B - Floresta Aleatória,0.32560834298957125,0.8969849246231156,0.30667986279414533
path_b,Caminho B - Floresta Aleatória,0.32699884125144846,0.8969849246231156,0.30591064249307065
path_b,Caminho B - Floresta Aleatória,0.32699884125144846,0.8972133394243947,0.30575142838523567
path_b,Caminho B - Floresta Aleatória,0.3272305909617613,0.8972133394243947,0.3057229629350492
path_b,Caminho B - Floresta Aleatória,0.3272305909617613,0.8974417542256738,0.30532642622374484
path_b,Caminho B - Floresta Aleatória,0.3286210892236385,0.8974417542256738,0.3037413129959508
path_b,Caminho B - Floresta Aleatória,0.3286210892236385,0.897670169026953,0.3035646939661267
path_b,Caminho B - Floresta Aleatória,0.3293163383545771,0.897670169026953,0.30297639075048716
path_b,Caminho B - Floresta Aleatória,0.3293163383545771,0.8981269986295112,0.302799464927104
path_b,Caminho B - Floresta Aleatória,0.32977983777520276,0.8981269986295112,0.30248230379831553
path_b,Caminho B - Floresta Aleatória,0.32977983777520276,0.8983554134307903,0.30240642115283234
path_b,Caminho B - Floresta Aleatória,0.3300115874855156,0.8983554134307903,0.3022797022195377
path_b,Caminho B - Floresta Aleatória,0.3300115874855156,0.8990406578346277,0.30210241573676516
path_b,Caminho B - Floresta Aleatória,0.33047508690614136,0.8990406578346277,0.30179003780138675
path_b,Caminho B - Floresta Aleatória,0.33047508690614136,0.8994974874371859,0.3015070248297454
path_b,Caminho B - Floresta Aleatória,0.3307068366164542,0.8994974874371859,0.3013635288565322
path_b,Caminho B - Floresta Aleatória,0.3307068366164542,0.899725902238465,0.30107764503686024
path_b,Caminho B - Floresta Aleatória,0.3309385863267671,0.899725902238465,0.30096369364521575
path_b,Caminho B - Floresta Aleatória,0.3309385863267671,0.9004111466423024,0.30080037124057946
path_b,Caminho B - Floresta Aleatória,0.33117033603707996,0.9004111466423024,0.3007190964058258
path_b,Caminho B - Floresta Aleatória,0.3316338354577057,0.9006395614435816,0.30045563350509713
path_b,Caminho B - Floresta Aleatória,0.33209733487833143,0.9006395614435816,0.30032360666962116
path_b,Caminho B - Floresta Aleatória,0.33209733487833143,0.9013248058474189,0.29979409608372265
path_b,Caminho B - Floresta Aleatória,0.33232908458864424,0.9013248058474189,0.2996515414294543
path_b,Caminho B - Floresta Aleatória,0.33232908458864424,0.901553220648698,0.29958228176627094
path_b,Caminho B - Floresta Aleatória,0.33279258400927,0.901553220648698,0.299478452223963
path_b,Caminho B - Floresta Aleatória,0.33279258400927,0.9017816354499771,0.2994614371106447
path_b,Caminho B - Floresta Aleatória,0.33302433371958284,0.9017816354499771,0.29934739132715055
path_b,Caminho B - Floresta Aleatória,0.33302433371958284,0.9020100502512562,0.2992313409288123
path_b,Caminho B - Floresta Aleatória,0.3332560834298957,0.9020100502512562,0.2991205172144031
path_b,Caminho B - Floresta Aleatória,0.3332560834298957,0.9022384650525354,0.2990441201170769
path_b,Caminho B - Floresta Aleatória,0.3341830822711472,0.9022384650525354,0.2987817552945126
path_b,Caminho B - Floresta Aleatória,0.3341830822711472,0.9024668798538146,0.2985909616744952
path_b,Caminho B - Floresta Aleatória,0.33557358053302433,0.9024668798538146,0.2971473750822393
path_b,Caminho B - Floresta Aleatória,0.33557358053302433,0.9026952946550937,0.29671779833858425
path_b,Caminho B - Floresta Aleatória,0.3365005793742758,0.9026952946550937,0.2954072316291844
path_b,Caminho B - Floresta Aleatória,0.3365005793742758,0.9031521242576519,0.29511001542765253
path_b,Caminho B - Floresta Aleatória,0.33673232908458867,0.9031521242576519,0.29494258246714006
path_b,Caminho B - Floresta Aleatória,0.33673232908458867,0.903380539058931,0.29477100208387286
path_b,Caminho B - Floresta Aleatória,0.3376593279258401,0.903380539058931,0.2941802180341421
path_b,Caminho B - Floresta Aleatória,0.3376593279258401,0.9036089538602101,0.293945952523072
path_b,Caminho B - Floresta Aleatória,0.33789107763615295,0.9036089538602101,0.29390599469661505
path_b,Caminho B - Floresta Aleatória,0.33789107763615295,0.9040657834627683,0.2936295938614708
path_b,Caminho B - Floresta Aleatória,0.3388180764774044,0.9040657834627683,0.2930908049498732
path_b,Caminho B - Floresta Aleatória,0.3388180764774044,0.9042941982640476,0.2927377884600024
path_b,Caminho B - Floresta Aleatória,0.3390498261877173,0.9042941982640476,0.29254082767534917
path_b,Caminho B - Floresta Aleatória,0.3390498261877173,0.9047510278666058,0.29210859024365887
path_b,Caminho B - Floresta Aleatória,0.34275782155272305,0.9047510278666058,0.2904953092647315
path_b,Caminho B - Floresta Aleatória,0.34275782155272305,0.9054362722704431,0.2900198505173103
path_b,Caminho B - Floresta Aleatória,0.34461181923522594,0.9054362722704431,0.28687288261806176
path_b,Caminho B - Floresta Aleatória,0.3448435689455388,0.9056646870717222,0.28682081510096274
path_b,Caminho B - Floresta Aleatória,0.3448435689455388,0.9058931018730013,0.28644606373829934
path_b,Caminho B - Floresta Aleatória,0.34530706836616454,0.9058931018730013,0.2861745803493619
path_b,Caminho B - Floresta Aleatória,0.34530706836616454,0.9065783462768388,0.2857484164859037
path_b,Caminho B - Floresta Aleatória,0.34831981460023176,0.9065783462768388,0.28392944771678535
path_b,Caminho B - Floresta Aleatória,0.34831981460023176,0.9068067610781179,0.28378206541242307
path_b,Caminho B - Floresta Aleatória,0.35017381228273464,0.9068067610781179,0.28226132618028155
path_b,Caminho B - Floresta Aleatória,0.35017381228273464,0.9072635906806761,0.2820225371708147
path_b,Caminho B - Floresta Aleatória,0.3522595596755504,0.9072635906806761,0.2813901785450195
path_b,Caminho B - Floresta Aleatória,0.3522595596755504,0.9077204202832344,0.2810703171012684
path_b,Caminho B - Floresta Aleatória,0.3536500579374276,0.9077204202832344,0.28001427665290834
path_b,Caminho B - Floresta Aleatória,0.3536500579374276,0.9081772498857926,0.2796775821682963
path_b,Caminho B - Floresta Aleatória,0.354577056778679,0.9081772498857926,0.27888252190450635
path_b,Caminho B - Floresta Aleatória,0.354577056778679,0.9084056646870717,0.2786201565682184
path_b,Caminho B - Floresta Aleatória,0.3552723059096176,0.9084056646870717,0.27804675759993924
path_b,Caminho B - Floresta Aleatória,0.3552723059096176,0.9086340794883508,0.27779770735388704
path_b,Caminho B - Floresta Aleatória,0.3561993047508691,0.9086340794883508,0.277392307518315
path_b,Caminho B - Floresta Aleatória,0.3561993047508691,0.90886249428963,0.27731212451800674
path_b,Caminho B - Floresta Aleatória,0.3571263035921205,0.90886249428963,0.27661859387015636
path_b,Caminho B - Floresta Aleatória,0.3571263035921205,0.9090909090909091,0.27649597975971074
path_b,Caminho B - Floresta Aleatória,0.35735805330243336,0.9090909090909091,0.2764701871200088
path_b,Caminho B - Floresta Aleatória,0.35735805330243336,0.9093193238921882,0.27571687007440165
path_b,Caminho B - Floresta Aleatória,0.35758980301274623,0.9093193238921882,0.2751982747170179
path_b,Caminho B - Floresta Aleatória,0.35758980301274623,0.9095477386934674,0.27514371044592484
path_b,Caminho B - Floresta Aleatória,0.35828505214368483,0.9095477386934674,0.2749125389271149
path_b,Caminho B - Floresta Aleatória,0.35828505214368483,0.9100045682960256,0.27477099216229034
path_b,Caminho B - Floresta Aleatória,0.3585168018539977,0.9100045682960256,0.2745446134939175
path_b,Caminho B - Floresta Aleatória,0.3585168018539977,0.9102329830973047,0.2744325290094915
path_b,Caminho B - Floresta Aleatória,0.35921205098493625,0.9102329830973047,0.274229325986795
path_b,Caminho B - Floresta Aleatória,0.35921205098493625,0.9104613978985838,0.2741860560039304
path_b,Caminho B - Floresta Aleatória,0.3594438006952491,0.9104613978985838,0.27406562002679435
path_b,Caminho B - Floresta Aleatória,0.3594438006952491,0.9106898126998629,0.27386669073464226
path_b,Caminho B - Floresta Aleatória,0.359675550405562,0.9106898126998629,0.27380500521038115
path_b,Caminho B - Floresta Aleatória,0.359675550405562,0.910918227501142,0.27376623161678393
path_b,Caminho B - Floresta Aleatória,0.36152954808806487,0.910918227501142,0.27214204717891105
path_b,Caminho B - Floresta Aleatória,0.36152954808806487,0.9111466423024212,0.27212323635217034
path_b,Caminho B - Floresta Aleatória,0.36292004634994207,0.9111466423024212,0.2710236780476037
path_b,Caminho B - Floresta Aleatória,0.36292004634994207,0.9116034719049795,0.27046982013549487
path_b,Caminho B - Floresta Aleatória,0.36315179606025494,0.9116034719049795,0.2704677032305179
path_b,Caminho B - Floresta Aleatória,0.36315179606025494,0.9118318867062586,0.2702706013339851
path_b,Caminho B - Floresta Aleatória,0.3638470451911935,0.9118318867062586,0.2692847885793818
path_b,Caminho B - Floresta Aleatória,0.3638470451911935,0.9122887163088168,0.26857724968996904
path_b,Caminho B - Floresta Aleatória,0.36477404403244496,0.9122887163088168,0.2680697391916618
path_b,Caminho B - Floresta Aleatória,0.36477404403244496,0.912745545911375,0.26765158738908235
path_b,Caminho B - Floresta Aleatória,0.3659327925840093,0.912745545911375,0.26705045622035006
path_b,Caminho B - Floresta Aleatória,0.3659327925840093,0.9129739607126541,0.26698317704997837
path_b,Caminho B - Floresta Aleatória,0.36616454229432216,0.9129739607126541,0.2667511274842919
path_b,Caminho B - Floresta Aleatória,0.36616454229432216,0.9132023755139334,0.2665056507725233
path_b,Caminho B - Floresta Aleatória,0.3668597914252607,0.9132023755139334,0.2660342444454188
path_b,Caminho B - Floresta Aleatória,0.3668597914252607,0.9134307903152125,0.26601499567775083
path_b,Caminho B - Floresta Aleatória,0.3691772885283893,0.9134307903152125,0.26446269935559363
path_b,Caminho B - Floresta Aleatória,0.3691772885283893,0.9136592051164916,0.26438844385034205
path_b,Caminho B - Floresta Aleatória,0.36964078794901506,0.9136592051164916,0.26416172830073176
path_b,Caminho B - Floresta Aleatória,0.36964078794901506,0.9141160347190498,0.263808284749583
path_b,Caminho B - Floresta Aleatória,0.3701042873696408,0.9141160347190498,0.2636643279592308
path_b,Caminho B - Floresta Aleatória,0.3701042873696408,0.9143444495203289,0.26327848616813143
path_b,Caminho B - Floresta Aleatória,0.3707995365005794,0.9143444495203289,0.2628311467734219
path_b,Caminho B - Floresta Aleatória,0.3707995365005794,0.914572864321608,0.2628080373542325
path_b,Caminho B - Floresta Aleatória,0.3717265353418308,0.914572864321608,0.2624860552195652
path_b,Caminho B - Floresta Aleatória,0.37219003476245655,0.914572864321608,0.2621149482922163
path_b,Caminho B - Floresta Aleatória,0.37219003476245655,0.9150296939241663,0.26205326547153446
path_b,Caminho B - Floresta Aleatória,0.3749710312862109,0.9150296939241663,0.26072365676685044
path_b,Caminho B - Floresta Aleatória,0.3749710312862109,0.9154865235267245,0.26060909927790077
path_b,Caminho B - Floresta Aleatória,0.37520278099652377,0.9154865235267245,0.2604684836228032
path_b,Caminho B - Floresta Aleatória,0.37520278099652377,0.9157149383280037,0.2604059172347107
path_b,Caminho B - Floresta Aleatória,0.37543453070683663,0.9157149383280037,0.2600534951944671
path_b,Caminho B - Floresta Aleatória,0.37543453070683663,0.9161717679305619,0.2597136105297688
path_b,Caminho B - Floresta Aleatória,0.37636152954808805,0.9161717679305619,0.25824377854404784
path_b,Caminho B - Floresta Aleatória,0.37636152954808805,0.916400182731841,0.25820838367987814
path_b,Caminho B - Floresta Aleatória,0.3768250289687138,0.916400182731841,0.25778858183422876
path_b,Caminho B - Floresta Aleatória,0.3768250289687138,0.9166285975331201,0.25775364644445375
path_b,Caminho B - Floresta Aleatória,0.3775202780996524,0.9166285975331201,0.2575610295361336
path_b,Caminho B - Floresta Aleatória,0.3775202780996524,0.9168570123343993,0.25751873079003157
path_b,Caminho B - Floresta Aleatória,0.378215527230591,0.9168570123343993,0.2569362076641354
path_b,Caminho B - Floresta Aleatória,0.378215527230591,0.9173138419369575,0.256720205083411
path_b,Caminho B - Floresta Aleatória,0.3784472769409038,0.9173138419369575,0.25668698336524975
path_b,Caminho B - Floresta Aleatória,0.3784472769409038,0.9175422567382366,0.2562777885332817
path_b,Caminho B - Floresta Aleatória,0.3791425260718424,0.9175422567382366,0.2559001242666412
path_b,Caminho B - Floresta Aleatória,0.3791425260718424,0.9177706715395157,0.25586826596091466
path_b,Caminho B - Floresta Aleatória,0.37960602549246814,0.9177706715395157,0.25554048781766087
path_b,Caminho B - Floresta Aleatória,0.37960602549246814,0.9179990863407949,0.2555325917984916
path_b,Caminho B - Floresta Aleatória,0.3805330243337196,0.9179990863407949,0.25500154216265725
path_b,Caminho B - Floresta Aleatória,0.3805330243337196,0.9184559159433531,0.254610914210854
path_b,Caminho B - Floresta Aleatória,0.381460023174971,0.9184559159433531,0.2539735044146464
path_b,Caminho B - Floresta Aleatória,0.381460023174971,0.9186843307446323,0.2538499994829416
path_b,Caminho B - Floresta Aleatória,0.3816917728852839,0.9186843307446323,0.25383297242088887
path_b,Caminho B - Floresta Aleatória,0.3816917728852839,0.9191411603471905,0.2534921261165031
path_b,Caminho B - Floresta Aleatória,0.3840092699884125,0.9191411603471905,0.2523888968165627
path_b,Caminho B - Floresta Aleatória,0.3840092699884125,0.9193695751484696,0.2523781599788527
path_b,Caminho B - Floresta Aleatória,0.3847045191193511,0.9193695751484696,0.25216155244103033
path_b,Caminho B - Floresta Aleatória,0.3847045191193511,0.9195979899497487,0.25211950889048507
path_b,Caminho B - Floresta Aleatória,0.3856315179606026,0.9195979899497487,0.2515197734529093
path_b,Caminho B - Floresta Aleatória,0.3856315179606026,0.9198264047510278,0.25098951919883294
path_b,Caminho B - Floresta Aleatória,0.38609501738122826,0.9198264047510278,0.25078002267228694
path_b,Caminho B - Floresta Aleatória,0.386558516801854,0.9198264047510278,0.25076020999921983
path_b,Caminho B - Floresta Aleatória,0.3870220162224797,0.9198264047510278,0.2504401152526687
path_b,Caminho B - Floresta Aleatória,0.3870220162224797,0.920054819552307,0.25025241194480385
path_b,Caminho B - Floresta Aleatória,0.38748551564310546,0.920054819552307,0.25023557098430904
path_b,Caminho B - Floresta Aleatória,0.38748551564310546,0.9205116491548653,0.2500105818504003
path_b,Caminho B - Floresta Aleatória,0.388180764774044,0.9205116491548653,0.2487592500804818
path_b,Caminho B - Floresta Aleatória,0.38864426419466974,0.9205116491548653,0.2486702461727143
path_b,Caminho B - Floresta Aleatória,0.3888760139049826,0.9205116491548653,0.24865656361934582
path_b,Caminho B - Floresta Aleatória,0.3888760139049826,0.9209684787574235,0.24854407340497867
path_b,Caminho B - Floresta Aleatória,0.3891077636152955,0.9209684787574235,0.24845373143872398
path_b,Caminho B - Floresta Aleatória,0.3891077636152955,0.9211968935587026,0.24813940996460318
path_b,Caminho B - Floresta Aleatória,0.3898030127462341,0.9211968935587026,0.2477429004463577
path_b,Caminho B - Floresta Aleatória,0.3898030127462341,0.9214253083599817,0.24764166968734155
path_b,Caminho B - Floresta Aleatória,0.39258400926998843,0.9214253083599817,0.24626425853123293
path_b,Caminho B - Floresta Aleatória,0.39258400926998843,0.9216537231612608,0.24626285284934504
path_b,Caminho B - Floresta Aleatória,0.3953650057937428,0.9216537231612608,0.24483660682051517
path_b,Caminho B - Floresta Aleatória,0.3953650057937428,0.9218821379625399,0.2446583105006496
path_b,Caminho B - Floresta Aleatória,0.39582850521436846,0.9218821379625399,0.24460441368799543
path_b,Caminho B - Floresta Aleatória,0.39582850521436846,0.9221105527638191,0.24455397276850585
path_b,Caminho B - Floresta Aleatória,0.39606025492468133,0.9221105527638191,0.24415169368858708
path_b,Caminho B - Floresta Aleatória,0.39606025492468133,0.9225673823663774,0.24401688877278355
path_b,Caminho B - Floresta Aleatória,0.39652375434530707,0.9225673823663774,0.24377002820855417
path_b,Caminho B - Floresta Aleatória,0.39652375434530707,0.9227957971676565,0.24376780544714247
path_b,Caminho B - Floresta Aleatória,0.3979142526071842,0.9227957971676565,0.24303646796832046
path_b,Caminho B - Floresta Aleatória,0.3979142526071842,0.9232526267702147,0.2426553635292875
path_b,Caminho B - Floresta Aleatória,0.4,0.9232526267702147,0.24152318113580565
path_b,Caminho B - Floresta Aleatória,0.4,0.9234810415714938,0.24148097123822532
path_b,Caminho B - Floresta Aleatória,0.40162224797219004,0.9234810415714938,0.24105255887397659
path_b,Caminho B - Floresta Aleatória,0.40162224797219004,0.9237094563727729,0.24097180107102995
path_b,Caminho B - Floresta Aleatória,0.4034762456546929,0.9237094563727729,0.24009152978614512
path_b,Caminho B - Floresta Aleatória,0.4034762456546929,0.9239378711740521,0.23988680173372376
path_b,Caminho B - Floresta Aleatória,0.4037079953650058,0.9239378711740521,0.23980632209306274
path_b,Caminho B - Floresta Aleatória,0.4037079953650058,0.9241662859753312,0.23957194151661157
path_b,Caminho B - Floresta Aleatória,0.40463499420625726,0.9241662859753312,0.2390035146324145
path_b,Caminho B - Floresta Aleatória,0.40463499420625726,0.9243947007766103,0.23883327266391857
path_b,Caminho B - Floresta Aleatória,0.40880648899188876,0.9243947007766103,0.23671374342220622
path_b,Caminho B - Floresta Aleatória,0.40880648899188876,0.9246231155778895,0.2366378228307807
path_b,Caminho B - Floresta Aleatória,0.4099652375434531,0.9246231155778895,0.23590641849629182
path_b,Caminho B - Floresta Aleatória,0.4099652375434531,0.9248515303791686,0.23590208545051705
path_b,Caminho B - Floresta Aleatória,0.411819235225956,0.9248515303791686,0.23516289469296317
path_b,Caminho B - Floresta Aleatória,0.411819235225956,0.9250799451804477,0.23515132257624569
path_b,Caminho B - Floresta Aleatória,0.41205098493626885,0.9250799451804477,0.2350835406535111
path_b,Caminho B - Floresta Aleatória,0.41205098493626885,0.9255367747830059,0.23470562812075813
path_b,Caminho B - Floresta Aleatória,0.413441483198146,0.9255367747830059,0.23402702280562845
path_b,Caminho B - Floresta Aleatória,0.413441483198146,0.9257651895842851,0.234017998171598
path_b,Caminho B - Floresta Aleatória,0.4152954808806489,0.9257651895842851,0.2327035957286892
path_b,Caminho B - Floresta Aleatória,0.4152954808806489,0.9262220191868433,0.23224447572728782
path_b,Caminho B - Floresta Aleatória,0.41622247972190035,0.9262220191868433,0.23204312461064214
path_b,Caminho B - Floresta Aleatória,0.41622247972190035,0.9264504339881224,0.23179069110995756
path_b,Caminho B - Floresta Aleatória,0.41691772885283895,0.9264504339881224,0.23106066857258303
path_b,Caminho B - Floresta Aleatória,0.41691772885283895,0.9266788487894015,0.2309366795492935
path_b,Caminho B - Floresta Aleatória,0.41784472769409037,0.9266788487894015,0.23064084334259086
path_b,Caminho B - Floresta Aleatória,0.41784472769409037,0.9269072635906807,0.2306150127297224
path_b,Caminho B - Floresta Aleatória,0.4199304750869061,0.9269072635906807,0.22959191583937522
path_b,Caminho B - Floresta Aleatória,0.4199304750869061,0.9271356783919598,0.22934785035651858
path_b,Caminho B - Floresta Aleatória,0.42108922363847046,0.9271356783919598,0.22916236339589316
path_b,Caminho B - Floresta Aleatória,0.42108922363847046,0.9273640931932389,0.22892785084441492
path_b,Caminho B - Floresta Aleatória,0.4254924681344148,0.9273640931932389,0.2265622328009354
path_b,Caminho B - Floresta Aleatória,0.4257242178447277,0.9275925079945181,0.22633363040009044
path_b,Caminho B - Floresta Aleatória,0.4273464658169177,0.9275925079945181,0.22491511498397385
path_b,Caminho B - Floresta Aleatória,0.4273464658169177,0.9280493375970763,0.22475300559673245
path_b,Caminho B - Floresta Aleatória,0.4312862108922364,0.9280493375970763,0.22285694342970178
path_b,Caminho B - Floresta Aleatória,0.4312862108922364,0.9291914116034719,0.22174282884219748
path_b,Caminho B - Floresta Aleatória,0.43198146002317495,0.9291914116034719,0.22163302325742243
path_b,Caminho B - Floresta Aleatória,0.43198146002317495,0.9294198264047511,0.22126033601319658
path_b,Caminho B - Floresta Aleatória,0.4338354577056779,0.9294198264047511,0.22101725635923178
path_b,Caminho B - Floresta Aleatória,0.4338354577056779,0.9296482412060302,0.22092329289823961
path_b,Caminho B - Floresta Aleatória,0.43638470451911937,0.9296482412060302,0.21937130674840866
path_b,Caminho B - Floresta Aleatória,0.43638470451911937,0.9298766560073093,0.21931996026855383
path_b,Caminho B - Floresta Aleatória,0.4373117033603708,0.9298766560073093,0.21910170084875655
path_b,Caminho B - Floresta Aleatória,0.4373117033603708,0.9301050708085884,0.219073476030613
path_b,Caminho B - Floresta Aleatória,0.4391657010428737,0.9301050708085884,0.21849910366638128
path_b,Caminho B - Floresta Aleatória,0.4391657010428737,0.9303334856098675,0.21845162830728745
path_b,Caminho B - Floresta Aleatória,0.440324449594438,0.9303334856098675,0.21810173768223584
path_b,Caminho B - Floresta Aleatória,0.440324449594438,0.9305619004111466,0.2179676412578727
path_b,Caminho B - Floresta Aleatória,0.44148319814600234,0.9305619004111466,0.21763551701250403
path_b,Caminho B - Floresta Aleatória,0.44148319814600234,0.9310187300137049,0.21730169882168748
path_b,Caminho B - Floresta Aleatória,0.44310544611819236,0.9310187300137049,0.21658300501070432
path_b,Caminho B - Floresta Aleatória,0.44310544611819236,0.931247144814984,0.2165144617750634
path_b,Caminho B - Floresta Aleatória,0.44403244495944383,0.931247144814984,0.21634437715162738
path_b,Caminho B - Floresta Aleatória,0.44403244495944383,0.9314755596162632,0.2162663687635647
path_b,Caminho B - Floresta Aleatória,0.44565469293163384,0.9314755596162632,0.2157626274272532
path_b,Caminho B - Floresta Aleatória,0.44565469293163384,0.9319323892188214,0.21575539451827416
path_b,Caminho B - Floresta Aleatória,0.4461181923522596,0.9319323892188214,0.2157110085038458
path_b,Caminho B - Floresta Aleatória,0.4461181923522596,0.9321608040201005,0.21560592795985845
path_b,Caminho B - Floresta Aleatória,0.44658169177288526,0.9321608040201005,0.21502747013713452
path_b,Caminho B - Floresta Aleatória,0.44658169177288526,0.9323892188213796,0.2149533983619317
path_b,Caminho B - Floresta Aleatória,0.447045191193511,0.9323892188213796,0.2148427518765729
path_b,Caminho B - Floresta Aleatória,0.447045191193511,0.9326176336226587,0.2147175942346932
path_b,Caminho B - Floresta Aleatória,0.44750869061413673,0.9326176336226587,0.21463243527339945
path_b,Caminho B - Floresta Aleatória,0.44750869061413673,0.9328460484239379,0.21463004523831672
path_b,Caminho B - Floresta Aleatória,0.4495944380069525,0.9328460484239379,0.2134189169159192
path_b,Caminho B - Floresta Aleatória,0.44982618771726535,0.933074463225217,0.21340844889806498
path_b,Caminho B - Floresta Aleatória,0.4500579374275782,0.933074463225217,0.21326107566916563
path_b,Caminho B - Floresta Aleatória,0.4500579374275782,0.9333028780264961,0.21306738135577455
path_b,Caminho B - Floresta Aleatória,0.4507531865585168,0.9333028780264961,0.21286213426074152
path_b,Caminho B - Floresta Aleatória,0.4507531865585168,0.9335312928277752,0.21282436490289955
path_b,Caminho B - Floresta Aleatória,0.45144843568945536,0.9335312928277752,0.21227439078198027
path_b,Caminho B - Floresta Aleatória,0.45144843568945536,0.9337597076290544,0.21209243492183402
path_b,Caminho B - Floresta Aleatória,0.45214368482039397,0.9337597076290544,0.21148765043758555
path_b,Caminho B - Floresta Aleatória,0.45214368482039397,0.9339881224303335,0.21127515309319922
path_b,Caminho B - Floresta Aleatória,0.45376593279258404,0.9339881224303335,0.2106801768426767
path_b,Caminho B - Floresta Aleatória,0.45376593279258404,0.9344449520328917,0.21033209132707298
path_b,Caminho B - Floresta Aleatória,0.4558516801853998,0.9344449520328917,0.20956950108111927
path_b,Caminho B - Floresta Aleatória,0.4558516801853998,0.9346733668341709,0.20949157371595387
path_b,Caminho B - Floresta Aleatória,0.45608342989571266,0.9346733668341709,0.20945471821980113
path_b,Caminho B - Floresta Aleatória,0.45608342989571266,0.93490178163545,0.20942621845984047
path_b,Caminho B - Floresta Aleatória,0.45654692931633833,0.93490178163545,0.20936972033895845
path_b,Caminho B - Floresta Aleatória,0.45654692931633833,0.9351301964367291,0.20936655658127382
path_b,Caminho B - Floresta Aleatória,0.45724217844727694,0.9351301964367291,0.20875984577842407
path_b,Caminho B - Floresta Aleatória,0.45724217844727694,0.9353586112380082,0.20864715634734293
path_b,Caminho B - Floresta Aleatória,0.4584009269988413,0.9353586112380082,0.20813077784130563
path_b,Caminho B - Floresta Aleatória,0.4584009269988413,0.9355870260392873,0.20802639439734552
path_b,Caminho B - Floresta Aleatória,0.45886442641946695,0.9355870260392873,0.2079259428929902
path_b,Caminho B - Floresta Aleatória,0.45886442641946695,0.9358154408405664,0.20774710784698647
path_b,Caminho B - Floresta Aleatória,0.4593279258400927,0.9358154408405664,0.20741448730831707
path_b,Caminho B - Floresta Aleatória,0.4593279258400927,0.9360438556418456,0.2073181577802494
path_b,Caminho B - Floresta Aleatória,0.45955967555040556,0.9360438556418456,0.20727672079783588
path_b,Caminho B - Floresta Aleatória,0.45955967555040556,0.9362722704431247,0.20719950705914908
path_b,Caminho B - Floresta Aleatória,0.4600231749710313,0.9362722704431247,0.20710860332452313
path_b,Caminho B - Floresta Aleatória,0.4600231749710313,0.9365006852444039,0.2070970830371572
path_b,Caminho B - Floresta Aleatória,0.46095017381228276,0.9365006852444039,0.20640672369921592
path_b,Caminho B - Floresta Aleatória,0.46095017381228276,0.936729100045683,0.20638447432439413
path_b,Caminho B - Floresta Aleatória,0.46210892236384704,0.936729100045683,0.2058628353503167
path_b,Caminho B - Floresta Aleatória,0.46210892236384704,0.9369575148469621,0.20585520384648437
path_b,Caminho B - Floresta Aleatória,0.4623406720741599,0.9369575148469621,0.20582800372179313
path_b,Caminho B - Floresta Aleatória,0.4623406720741599,0.9374143444495203,0.20544360547278007
path_b,Caminho B - Floresta Aleatória,0.4632676709154114,0.9374143444495203,0.20529832386961253
path_b,Caminho B - Floresta Aleatória,0.4632676709154114,0.9376427592507994,0.2052729962601567
path_b,Caminho B - Floresta Aleatória,0.46373117033603706,0.9376427592507994,0.20512906726529948
path_b,Caminho B - Floresta Aleatória,0.46373117033603706,0.9378711740520785,0.20512767464082035
path_b,Caminho B - Floresta Aleatória,0.4639629200463499,0.9378711740520785,0.2049053097922133
path_b,Caminho B - Floresta Aleatória,0.4639629200463499,0.9380995888533576,0.2048694916881096
path_b,Caminho B - Floresta Aleatória,0.46442641946697566,0.9380995888533576,0.20473701569179265
path_b,Caminho B - Floresta Aleatória,0.46442641946697566,0.9383280036546369,0.20461912300385243
path_b,Caminho B - Floresta Aleatória,0.4665121668597914,0.9383280036546369,0.20354855645967518
path_b,Caminho B - Floresta Aleatória,0.4665121668597914,0.9387848332571951,0.2033795431859279
path_b,Caminho B - Floresta Aleatória,0.4674391657010429,0.9387848332571951,0.20316085514605522
path_b,Caminho B - Floresta Aleatória,0.4674391657010429,0.9390132480584742,0.20314943400496366
path_b,Caminho B - Floresta Aleatória,0.46767091541135575,0.9390132480584742,0.2030452881127934
path_b,Caminho B - Floresta Aleatória,0.46767091541135575,0.9392416628597533,0.20304232097077848
path_b,Caminho B - Floresta Aleatória,0.46929316338354576,0.9392416628597533,0.20230103174539377
path_b,Caminho B - Floresta Aleatória,0.46929316338354576,0.9394700776610324,0.2021633558008794
path_b,Caminho B - Floresta Aleatória,0.46998841251448437,0.9394700776610324,0.20171686829271793
path_b,Caminho B - Floresta Aleatória,0.46998841251448437,0.9396984924623115,0.20165738276087197
path_b,Caminho B - Floresta Aleatória,0.4716106604866744,0.9396984924623115,0.20099767450910194
path_b,Caminho B - Floresta Aleatória,0.4716106604866744,0.9399269072635906,0.20073509015441054
path_b,Caminho B - Floresta Aleatória,0.47439165701042874,0.9399269072635906,0.1995401530803424
path_b,Caminho B - Floresta Aleatória,0.47439165701042874,0.940383736866149,0.1994033500301575
path_b,Caminho B - Floresta Aleatória,0.47601390498261875,0.940383736866149,0.198380017433348
path_b,Caminho B - Floresta Aleatória,0.47601390498261875,0.9406121516674281,0.1982930424805684
path_b,Caminho B - Floresta Aleatória,0.4776361529548088,0.9406121516674281,0.19800118571952108
path_b,Caminho B - Floresta Aleatória,0.4776361529548088,0.9408405664687072,0.19796697475996375
path_b,Caminho B - Floresta Aleatória,0.47925840092699884,0.9408405664687072,0.1972513051524873
path_b,Caminho B - Floresta Aleatória,0.47925840092699884,0.9410689812699863,0.19724938681316445
path_b,Caminho B - Floresta Aleatória,0.4797219003476246,0.9410689812699863,0.19709917120176412
path_b,Caminho B - Floresta Aleatória,0.4797219003476246,0.9412973960712654,0.1969894625263164
path_b,Caminho B - Floresta Aleatória,0.4813441483198146,0.9412973960712654,0.19633695178474556
path_b,Caminho B - Floresta Aleatória,0.4813441483198146,0.9417542256738236,0.19623655062858525
path_b,Caminho B - Floresta Aleatória,0.48157589803012746,0.9417542256738236,0.1960786974224802
path_b,Caminho B - Floresta Aleatória,0.48157589803012746,0.9419826404751028,0.19581956082005267
path_b,Caminho B - Floresta Aleatória,0.48227114716106606,0.9419826404751028,0.1954107742098625
path_b,Caminho B - Floresta Aleatória,0.48227114716106606,0.942439470077661,0.19526796781590777
path_b,Caminho B - Floresta Aleatória,0.48342989571263034,0.942439470077661,0.1948310109096959
path_b,Caminho B - Floresta Aleatória,0.48342989571263034,0.9426678848789402,0.19463069746644893
path_b,Caminho B - Floresta Aleatória,0.4836616454229432,0.9426678848789402,0.1945951174487058
path_b,Caminho B - Floresta Aleatória,0.4836616454229432,0.9428962996802193,0.19449358127650085
path_b,Caminho B - Floresta Aleatória,0.4850521436848204,0.9428962996802193,0.19395829690580793
path_b,Caminho B - Floresta Aleatória,0.4850521436848204,0.9433531292827775,0.1938016485076409
path_b,Caminho B - Floresta Aleatória,0.4852838933951333,0.9433531292827775,0.193778853567712
path_b,Caminho B - Floresta Aleatória,0.4852838933951333,0.9435815440840567,0.19375908756764845
path_b,Caminho B - Floresta Aleatória,0.48574739281575896,0.9435815440840567,0.1936132203765618
path_b,Caminho B - Floresta Aleatória,0.48574739281575896,0.9440383736866149,0.19343486528008663
path_b,Caminho B - Floresta Aleatória,0.48597914252607183,0.9440383736866149,0.19341003982802618
path_b,Caminho B - Floresta Aleatória,0.48597914252607183,0.944266788487894,0.19324215735551573
path_b,Caminho B - Floresta Aleatória,0.4899188876013905,0.944266788487894,0.19168518885650057
path_b,Caminho B - Floresta Aleatória,0.4899188876013905,0.9444952032891731,0.1914605368298795
path_b,Caminho B - Floresta Aleatória,0.4901506373117034,0.9444952032891731,0.19141096265847116
path_b,Caminho B - Floresta Aleatória,0.4901506373117034,0.9447236180904522,0.19121048213091854
path_b,Caminho B - Floresta Aleatória,0.49084588644264193,0.9447236180904522,0.19076470350836006
path_b,Caminho B - Floresta Aleatória,0.49084588644264193,0.9449520328917314,0.19073703746889129
path_b,Caminho B - Floresta Aleatória,0.49200463499420627,0.9449520328917314,0.19034313713916737
path_b,Caminho B - Floresta Aleatória,0.49200463499420627,0.9451804476930105,0.19020312903218134
path_b,Caminho B - Floresta Aleatória,0.49223638470451914,0.9451804476930105,0.19019170446441486
path_b,Caminho B - Floresta Aleatória,0.49223638470451914,0.9454088624942897,0.19010936489541178
path_b,Caminho B - Floresta Aleatória,0.4933951332560834,0.9454088624942897,0.1897938221329543
path_b,Caminho B - Floresta Aleatória,0.4933951332560834,0.9456372772955688,0.18979260590289412
path_b,Caminho B - Floresta Aleatória,0.4947856315179606,0.9456372772955688,0.1892119890082528
path_b,Caminho B - Floresta Aleatória,0.4947856315179606,0.946094106898127,0.18901762669342043
path_b,Caminho B - Floresta Aleatória,0.4966396292004635,0.946094106898127,0.1878383778475499
path_b,Caminho B - Floresta Aleatória,0.4966396292004635,0.9463225216994061,0.18774862072842105
path_b,Caminho B - Floresta Aleatória,0.49710312862108924,0.9463225216994061,0.18761959623068153
path_b,Caminho B - Floresta Aleatória,0.49710312862108924,0.9465509365006852,0.18758242987245857
path_b,Caminho B - Floresta Aleatória,0.4998841251448436,0.9465509365006852,0.18591283806417633
path_b,Caminho B - Floresta Aleatória,0.4998841251448436,0.9467793513019643,0.18587220852996625
path_b,Caminho B - Floresta Aleatória,0.5015063731170336,0.9467793513019643,0.18526863347447622
path_b,Caminho B - Floresta Aleatória,0.5015063731170336,0.9470077661032434,0.18513061648055076
path_b,Caminho B - Floresta Aleatória,0.5079953650057938,0.9470077661032434,0.1834064817817261
path_b,Caminho B - Floresta Aleatória,0.5079953650057938,0.9472361809045227,0.18332283884804143
path_b,Caminho B - Floresta Aleatória,0.5082271147161066,0.9472361809045227,0.1832837580147204
path_b,Caminho B - Floresta Aleatória,0.5082271147161066,0.9474645957058018,0.1831990234376726
path_b,Caminho B - Floresta Aleatória,0.5107763615295481,0.9474645957058018,0.181739968608513
path_b,Caminho B - Floresta Aleatória,0.5107763615295481,0.9476930105070809,0.18164753767319317
path_b,Caminho B - Floresta Aleatória,0.5117033603707996,0.9476930105070809,0.18148654429763658
path_b,Caminho B - Floresta Aleatória,0.5117033603707996,0.94792142530836,0.18147296037119867
path_b,Caminho B - Floresta Aleatória,0.5147161066048668,0.94792142530836,0.18094903448108093
path_b,Caminho B - Floresta Aleatória,0.5147161066048668,0.9481498401096391,0.18081008992331307
path_b,Caminho B - Floresta Aleatória,0.5151796060254925,0.9481498401096391,0.18047997778436978
path_b,Caminho B - Floresta Aleatória,0.5151796060254925,0.9483782549109182,0.18046284351885972
path_b,Caminho B - Floresta Aleatória,0.5163383545770568,0.9483782549109182,0.18022360902170795
path_b,Caminho B - Floresta Aleatória,0.5163383545770568,0.9486066697121973,0.18017142049926052
path_b,Caminho B - Floresta Aleatória,0.519351100811124,0.9486066697121973,0.17927837673463484
path_b,Caminho B - Floresta Aleatória,0.519351100811124,0.9488350845134764,0.17919236669724778
path_b,Caminho B - Floresta Aleatória,0.5212050984936268,0.9488350845134764,0.17856135128060432
path_b,Caminho B - Floresta Aleatória,0.5212050984936268,0.9490634993147556,0.17856118656682382
path_b,Caminho B - Floresta Aleatória,0.5214368482039398,0.9490634993147556,0.17853550880694224
path_b,Caminho B - Floresta Aleatória,0.5214368482039398,0.9492919141160348,0.17844168909777988
path_b,Caminho B - Floresta Aleatória,0.5223638470451912,0.9492919141160348,0.17831645633438153
path_b,Caminho B - Floresta Aleatória,0.5223638470451912,0.9495203289173139,0.17810026506084536
path_b,Caminho B - Floresta Aleatória,0.5235225955967555,0.9495203289173139,0.17778160127777565
path_b,Caminho B - Floresta Aleatória,0.5235225955967555,0.949748743718593,0.1776665055181711
path_b,Caminho B - Floresta Aleatória,0.5237543453070683,0.949748743718593,0.17763279956064876
path_b,Caminho B - Floresta Aleatória,0.5237543453070683,0.9499771585198721,0.1774698541290363
path_b,Caminho B - Floresta Aleatória,0.5242178447276941,0.9499771585198721,0.1774435719300102
path_b,Caminho B - Floresta Aleatória,0.5242178447276941,0.9502055733211512,0.17733928738559002
path_b,Caminho B - Floresta Aleatória,0.5258400926998841,0.9502055733211512,0.17672417195965515
path_b,Caminho B - Floresta Aleatória,0.5258400926998841,0.9504339881224303,0.1767231303179807
path_b,Caminho B - Floresta Aleatória,0.5288528389339513,0.9504339881224303,0.17577024130406776
path_b,Caminho B - Floresta Aleatória,0.5288528389339513,0.9511192325262677,0.17555563992503467
path_b,Caminho B - Floresta Aleatória,0.5323290845886443,0.9511192325262677,0.17432953110390123
path_b,Caminho B - Floresta Aleatória,0.5323290845886443,0.9513476473275468,0.17419837853081055
path_b,Caminho B - Floresta Aleatória,0.53279258400927,0.9513476473275468,0.17408427683815914
path_b,Caminho B - Floresta Aleatória,0.53279258400927,0.951576062128826,0.17406538621950565
path_b,Caminho B - Floresta Aleatória,0.5353418308227115,0.951576062128826,0.17287436604680956
path_b,Caminho B - Floresta Aleatória,0.5353418308227115,0.9518044769301051,0.1728237735286728
path_b,Caminho B - Floresta Aleatória,0.5367323290845887,0.9518044769301051,0.17253840422415012
path_b,Caminho B - Floresta Aleatória,0.5367323290845887,0.9520328917313842,0.17236262219022933
path_b,Caminho B - Floresta Aleatória,0.5383545770567787,0.9520328917313842,0.17217966684342395
path_b,Caminho B - Floresta Aleatória,0.5383545770567787,0.9522613065326633,0.17215523680581354
path_b,Caminho B - Floresta Aleatória,0.5390498261877172,0.9522613065326633,0.17185560879240036
path_b,Caminho B - Floresta Aleatória,0.5390498261877172,0.9524897213339424,0.17178039459869876
path_b,Caminho B - Floresta Aleatória,0.5402085747392815,0.9524897213339424,0.171495847744666
path_b,Caminho B - Floresta Aleatória,0.5402085747392815,0.9527181361352216,0.17149020574541912
path_b,Caminho B - Floresta Aleatória,0.5413673232908459,0.9527181361352216,0.17121148577595788
path_b,Caminho B - Floresta Aleatória,0.5413673232908459,0.9529465509365007,0.17120011464180795
path_b,Caminho B - Floresta Aleatória,0.5429895712630359,0.9529465509365007,0.1706802306499631
path_b,Caminho B - Floresta Aleatória,0.5429895712630359,0.9531749657377798,0.17062025313636459
path_b,Caminho B - Floresta Aleatória,0.5432213209733487,0.9531749657377798,0.17061592119162572
path_b,Caminho B - Floresta Aleatória,0.5432213209733487,0.9534033805390589,0.17050156294083718
path_b,Caminho B - Floresta Aleatória,0.544611819235226,0.9534033805390589,0.1699089948091938
path_b,Caminho B - Floresta Aleatória,0.544611819235226,0.953631795340338,0.16988117454081017
path_b,Caminho B - Floresta Aleatória,0.5450753186558517,0.953631795340338,0.16972772178231296
path_b,Caminho B - Floresta Aleatória,0.5450753186558517,0.9538602101416171,0.16958244105547352
path_b,Caminho B - Floresta Aleatória,0.5473928157589804,0.9538602101416171,0.16920714195929087
path_b,Caminho B - Floresta Aleatória,0.5473928157589804,0.9540886249428963,0.16885483098268697
path_b,Caminho B - Floresta Aleatória,0.5494785631517961,0.9540886249428963,0.1681389687880057
path_b,Caminho B - Floresta Aleatória,0.5494785631517961,0.9543170397441755,0.16812996762492358
path_b,Caminho B - Floresta Aleatória,0.5511008111239861,0.9543170397441755,0.1676730327345038
path_b,Caminho B - Floresta Aleatória,0.5511008111239861,0.9545454545454546,0.16766747598074364
path_b,Caminho B - Floresta Aleatória,0.5531865585168019,0.9545454545454546,0.16699773756837877
path_b,Caminho B - Floresta Aleatória,0.5531865585168019,0.9547738693467337,0.16699298827996578
path_b,Caminho B - Floresta Aleatória,0.5559675550405562,0.9547738693467337,0.16584651957756968
path_b,Caminho B - Floresta Aleatória,0.5559675550405562,0.9550022841480128,0.16583934194190963
path_b,Caminho B - Floresta Aleatória,0.5587485515643106,0.9550022841480128,0.16468799624308708
path_b,Caminho B - Floresta Aleatória,0.5587485515643106,0.9552306989492919,0.16466903852689885
path_b,Caminho B - Floresta Aleatória,0.5594438006952491,0.9552306989492919,0.16458213055969667
path_b,Caminho B - Floresta Aleatória,0.5594438006952491,0.9556875285518501,0.16444517729507716
path_b,Caminho B - Floresta Aleatória,0.5606025492468134,0.9556875285518501,0.16429324280824553
path_b,Caminho B - Floresta Aleatória,0.5606025492468134,0.9559159433531292,0.16423685217145922
path_b,Caminho B - Floresta Aleatória,0.5612977983777521,0.9559159433531292,0.16388721144699603
path_b,Caminho B - Floresta Aleatória,0.5612977983777521,0.9561443581544085,0.16388303669988555
path_b,Caminho B - Floresta Aleatória,0.5629200463499421,0.9561443581544085,0.16348947485222784
path_b,Caminho B - Floresta Aleatória,0.5629200463499421,0.9563727729556876,0.16344049136090366
path_b,Caminho B - Floresta Aleatória,0.5659327925840093,0.9563727729556876,0.1623538214752229
path_b,Caminho B - Floresta Aleatória,0.5659327925840093,0.9568296025582458,0.16226782263489803
path_b,Caminho B - Floresta Aleatória,0.5668597914252608,0.9568296025582458,0.16192019873050403
path_b,Caminho B - Floresta Aleatória,0.5668597914252608,0.9570580173595249,0.16188703903320575
path_b,Caminho B - Floresta Aleatória,0.568018539976825,0.9570580173595249,0.1616141470399078
path_b,Caminho B - Floresta Aleatória,0.568018539976825,0.957286432160804,0.16157499068959105
path_b,Caminho B - Floresta Aleatória,0.5682502896871379,0.957286432160804,0.16139490308502552
path_b,Caminho B - Floresta Aleatória,0.5682502896871379,0.9575148469620831,0.1613781025401535
path_b,Caminho B - Floresta Aleatória,0.5687137891077636,0.9575148469620831,0.16123199514889955
path_b,Caminho B - Floresta Aleatória,0.5687137891077636,0.9577432617633622,0.16112044151306562
path_b,Caminho B - Floresta Aleatória,0.5689455388180765,0.9577432617633622,0.1610937000895143
path_b,Caminho B - Floresta Aleatória,0.5689455388180765,0.9579716765646414,0.16108920850475258
path_b,Caminho B - Floresta Aleatória,0.5705677867902665,0.9579716765646414,0.16079649542257657
path_b,Caminho B - Floresta Aleatória,0.5705677867902665,0.9582000913659205,0.16057008070901196
path_b,Caminho B - Floresta Aleatória,0.5710312862108923,0.9582000913659205,0.16008153813165388
path_b,Caminho B - Floresta Aleatória,0.5710312862108923,0.9584285061671997,0.1599449489221598
path_b,Caminho B - Floresta Aleatória,0.5726535341830823,0.9584285061671997,0.15904769579065492
path_b,Caminho B - Floresta Aleatória,0.5726535341830823,0.9586569209684788,0.15892791017633667
path_b,Caminho B - Floresta Aleatória,0.574739281575898,0.9586569209684788,0.15792791139390752
path_b,Caminho B - Floresta Aleatória,0.574739281575898,0.9588853357697579,0.15782405289187715
path_b,Caminho B - Floresta Aleatória,0.5761297798377752,0.9588853357697579,0.1576692674583279
path_b,Caminho B - Floresta Aleatória,0.5761297798377752,0.959113750571037,0.15751973243685896
path_b,Caminho B - Floresta Aleatória,0.5777520278099653,0.959113750571037,0.15693296557245714
path_b,Caminho B - Floresta Aleatória,0.5777520278099653,0.9593421653723161,0.15669769153936605
path_b,Caminho B - Floresta Aleatória,0.5816917728852838,0.9593421653723161,0.15573897297926215
path_b,Caminho B - Floresta Aleatória,0.5816917728852838,0.9597989949748744,0.15554723464168255
path_b,Caminho B - Floresta Aleatória,0.5819235225955968,0.9597989949748744,0.1555316229395551
path_b,Caminho B - Floresta Aleatória,0.5819235225955968,0.9600274097761535,0.15551605941436863
path_b,Caminho B - Floresta Aleatória,0.5826187717265353,0.9600274097761535,0.15521609364750794
path_b,Caminho B - Floresta Aleatória,0.5826187717265353,0.9602558245774326,0.15505637359325866
path_b,Caminho B - Floresta Aleatória,0.5842410196987253,0.9602558245774326,0.15481497946908238
path_b,Caminho B - Floresta Aleatória,0.5842410196987253,0.9604842393787117,0.154772660479066
path_b,Caminho B - Floresta Aleatória,0.5860950173812283,0.9604842393787117,0.15439266492800208
path_b,Caminho B - Floresta Aleatória,0.5860950173812283,0.9607126541799909,0.15419315690728597
path_b,Caminho B - Floresta Aleatória,0.5863267670915412,0.9607126541799909,0.15415998383533291
path_b,Caminho B - Floresta Aleatória,0.5863267670915412,0.96094106898127,0.1541483670930918
path_b,Caminho B - Floresta Aleatória,0.5877172653534183,0.96094106898127,0.15356210273388124
path_b,Caminho B - Floresta Aleatória,0.5877172653534183,0.9613978985838282,0.15334531192947942
path_b,Caminho B - Floresta Aleatória,0.5879490150637312,0.9613978985838282,0.15323652506923618
path_b,Caminho B - Floresta Aleatória,0.5879490150637312,0.9616263133851074,0.1532147917141755
path_b,Caminho B - Floresta Aleatória,0.589803012746234,0.9616263133851074,0.15291532763766072
path_b,Caminho B - Floresta Aleatória,0.589803012746234,0.9620831429876656,0.1527810524783868
path_b,Caminho B - Floresta Aleatória,0.5918887601390498,0.9620831429876656,0.15216246130369201
path_b,Caminho B - Floresta Aleatória,0.5918887601390498,0.9623115577889447,0.15215827235611876
path_b,Caminho B - Floresta Aleatória,0.5930475086906142,0.9623115577889447,0.15189269597485555
path_b,Caminho B - Floresta Aleatória,0.5930475086906142,0.9625399725902238,0.15175740228515852
path_b,Caminho B - Floresta Aleatória,0.5958285052143685,0.9625399725902238,0.1510637701026379
path_b,Caminho B - Floresta Aleatória,0.5958285052143685,0.9627683873915029,0.15105638161347165
path_b,Caminho B - Floresta Aleatória,0.5962920046349942,0.9627683873915029,0.15089449825602264
path_b,Caminho B - Floresta Aleatória,0.5962920046349942,0.962996802192782,0.15088859752471442
path_b,Caminho B - Floresta Aleatória,0.59675550405562,0.962996802192782,0.15059645902981791
path_b,Caminho B - Floresta Aleatória,0.59675550405562,0.9632252169940612,0.15057620153106355
path_b,Caminho B - Floresta Aleatória,0.5972190034762457,0.9632252169940612,0.15028664517457618
path_b,Caminho B - Floresta Aleatória,0.5972190034762457,0.9634536317953404,0.1500075224071574
path_b,Caminho B - Floresta Aleatória,0.5981460023174971,0.9634536317953404,0.14985642728226373
path_b,Caminho B - Floresta Aleatória,0.5981460023174971,0.9636820465966195,0.14984998004062092
path_b,Caminho B - Floresta Aleatória,0.5986095017381228,0.9636820465966195,0.14977595901410717
path_b,Caminho B - Floresta Aleatória,0.5986095017381228,0.9639104613978986,0.1497759169085024
path_b,Caminho B - Floresta Aleatória,0.6,0.9639104613978986,0.14912795943316226
path_b,Caminho B - Floresta Aleatória,0.6,0.9641388761991777,0.14912548425991387
path_b,Caminho B - Floresta Aleatória,0.6002317497103129,0.9641388761991777,0.14908520126905195
path_b,Caminho B - Floresta Aleatória,0.6002317497103129,0.964824120603015,0.14896738188575076
path_b,Caminho B - Floresta Aleatória,0.60162224797219,0.964824120603015,0.14853300303536643
path_b,Caminho B - Floresta Aleatória,0.60162224797219,0.9650525354042941,0.14825796745849137
path_b,Caminho B - Floresta Aleatória,0.6020857473928157,0.9650525354042941,0.14809152718806415
path_b,Caminho B - Floresta Aleatória,0.6020857473928157,0.9652809502055734,0.14808557533768732
path_b,Caminho B - Floresta Aleatória,0.6027809965237544,0.9652809502055734,0.14772800331130323
path_b,Caminho B - Floresta Aleatória,0.6027809965237544,0.9655093650068525,0.1477245787443575
path_b,Caminho B - Floresta Aleatória,0.6041714947856315,0.9655093650068525,0.14722409919913748
path_b,Caminho B - Floresta Aleatória,0.6041714947856315,0.9657377798081316,0.14721026903355952
path_b,Caminho B - Floresta Aleatória,0.6064889918887602,0.9657377798081316,0.14629990834281897
path_b,Caminho B - Floresta Aleatória,0.6064889918887602,0.9659661946094107,0.14628808563898668
path_b,Caminho B - Floresta Aleatória,0.606720741599073,0.9659661946094107,0.146224087269924
path_b,Caminho B - Floresta Aleatória,0.606720741599073,0.9661946094106898,0.14619842003734912
path_b,Caminho B - Floresta Aleatória,0.6085747392815759,0.9661946094106898,0.14571008476003963
path_b,Caminho B - Floresta Aleatória,0.6085747392815759,0.9664230242119689,0.14552763023653217
path_b,Caminho B - Floresta Aleatória,0.6111239860950174,0.9664230242119689,0.14507482857062837
path_b,Caminho B - Floresta Aleatória,0.6111239860950174,0.966651439013248,0.14507035720727515
path_b,Caminho B - Floresta Aleatória,0.6157589803012746,0.966651439013248,0.1434672124752926
path_b,Caminho B - Floresta Aleatória,0.6157589803012746,0.9668798538145272,0.14338244293751662
path_b,Caminho B - Floresta Aleatória,0.6213209733487833,0.9668798538145272,0.14209817618867782
path_b,Caminho B - Floresta Aleatória,0.6213209733487833,0.9671082686158063,0.14208882556319427
path_b,Caminho B - Floresta Aleatória,0.6227114716106605,0.9671082686158063,0.14164442726763557
path_b,Caminho B - Floresta Aleatória,0.6227114716106605,0.9677935130196437,0.14154480671418324
path_b,Caminho B - Floresta Aleatória,0.6271147161066049,0.9677935130196437,0.13946705128224
path_b,Caminho B - Floresta Aleatória,0.6271147161066049,0.9680219278209228,0.13940330369779386
path_b,Caminho B - Floresta Aleatória,0.6275782155272306,0.9680219278209228,0.13936241415768913
path_b,Caminho B - Floresta Aleatória,0.6275782155272306,0.968478757423481,0.1392772026465688
path_b,Caminho B - Floresta Aleatória,0.6280417149478563,0.968478757423481,0.13918059226781226
path_b,Caminho B - Floresta Aleatória,0.6280417149478563,0.9687071722247602,0.13917806367674254
path_b,Caminho B - Floresta Aleatória,0.6285052143684821,0.9687071722247602,0.13896602365386854
path_b,Caminho B - Floresta Aleatória,0.6285052143684821,0.9691640018273184,0.13879054457495815
path_b,Caminho B - Floresta Aleatória,0.6289687137891078,0.9691640018273184,0.13874093609032054
path_b,Caminho B - Floresta Aleatória,0.6289687137891078,0.9693924166285975,0.13871030398849385
path_b,Caminho B - Floresta Aleatória,0.631981460023175,0.9693924166285975,0.13738612882916734
path_b,Caminho B - Floresta Aleatória,0.631981460023175,0.9698492462311558,0.1371549179860336
path_b,Caminho B - Floresta Aleatória,0.6324449594438007,0.9698492462311558,0.1371264318582137
path_b,Caminho B - Floresta Aleatória,0.6324449594438007,0.9700776610324349,0.13711559803117568
path_b,Caminho B - Floresta Aleatória,0.6338354577056778,0.9700776610324349,0.13667776425449543
path_b,Caminho B - Floresta Aleatória,0.6338354577056778,0.970306075833714,0.1365606949080108
path_b,Caminho B - Floresta Aleatória,0.6347624565469293,0.970306075833714,0.1362818616041831
path_b,Caminho B - Floresta Aleatória,0.6347624565469293,0.9705344906349932,0.13625585139173715
path_b,Caminho B - Floresta Aleatória,0.6373117033603708,0.9705344906349932,0.13558300154476244
path_b,Caminho B - Floresta Aleatória,0.6373117033603708,0.9707629054362723,0.13554587567337165
path_b,Caminho B - Floresta Aleatória,0.6377752027809965,0.9707629054362723,0.13546505543099224
path_b,Caminho B - Floresta Aleatória,0.6377752027809965,0.9709913202375514,0.1354087086014376
path_b,Caminho B - Floresta Aleatória,0.6389339513325608,0.9709913202375514,0.13521307084279166
path_b,Caminho B - Floresta Aleatória,0.6389339513325608,0.9712197350388305,0.13519816427874026
path_b,Caminho B - Floresta Aleatória,0.6407879490150638,0.9712197350388305,0.1348081322411631
path_b,Caminho B - Floresta Aleatória,0.6407879490150638,0.9716765646413887,0.13468495608108033
path_b,Caminho B - Floresta Aleatória,0.6424101969872538,0.9716765646413887,0.1336553491656337
path_b,Caminho B - Floresta Aleatória,0.6424101969872538,0.9725902238465053,0.13339441276163863
path_b,Caminho B - Floresta Aleatória,0.6465816917728853,0.9725902238465053,0.13197383735266793
path_b,Caminho B - Floresta Aleatória,0.6465816917728853,0.9728186386477844,0.13195943685458733
path_b,Caminho B - Floresta Aleatória,0.6472769409038238,0.9728186386477844,0.13161617714506668
path_b,Caminho B - Floresta Aleatória,0.6472769409038238,0.9730470534490635,0.13160930253002887
path_b,Caminho B - Floresta Aleatória,0.6479721900347625,0.9730470534490635,0.13147787219044627
path_b,Caminho B - Floresta Aleatória,0.6479721900347625,0.9732754682503426,0.1314066570778466
path_b,Caminho B - Floresta Aleatória,0.6484356894553882,0.9732754682503426,0.1312540405092835
path_b,Caminho B - Floresta Aleatória,0.6484356894553882,0.9735038830516217,0.13120570652079758
path_b,Caminho B - Floresta Aleatória,0.6498261877172653,0.9735038830516217,0.13069648065804493
path_b,Caminho B - Floresta Aleatória,0.6498261877172653,0.9737322978529008,0.13067386488118662
path_b,Caminho B - Floresta Aleatória,0.6530706836616454,0.9737322978529008,0.12938498706957316
path_b,Caminho B - Floresta Aleatória,0.6530706836616454,0.9739607126541799,0.12930492939512314
path_b,Caminho B - Floresta Aleatória,0.6560834298957127,0.9739607126541799,0.12860451812461798
path_b,Caminho B - Floresta Aleatória,0.6560834298957127,0.9741891274554592,0.1285976993395398
path_b,Caminho B - Floresta Aleatória,0.6593279258400927,0.9741891274554592,0.12763297113973845
path_b,Caminho B - Floresta Aleatória,0.6593279258400927,0.9744175422567383,0.12760543920855708
path_b,Caminho B - Floresta Aleatória,0.6602549246813442,0.9744175422567383,0.12702593628538666
path_b,Caminho B - Floresta Aleatória,0.6602549246813442,0.9748743718592965,0.12686508436062147
path_b,Caminho B - Floresta Aleatória,0.660486674391657,0.9748743718592965,0.12683709104470428
path_b,Caminho B - Floresta Aleatória,0.660486674391657,0.9751027866605756,0.12670714688003298
path_b,Caminho B - Floresta Aleatória,0.6609501738122827,0.9751027866605756,0.12664468639795387
path_b,Caminho B - Floresta Aleatória,0.6609501738122827,0.9753312014618547,0.1265906699609254
path_b,Caminho B - Floresta Aleatória,0.6614136732329085,0.9753312014618547,0.12643564703370444
path_b,Caminho B - Floresta Aleatória,0.6614136732329085,0.9755596162631338,0.12642568828755674
path_b,Caminho B - Floresta Aleatória,0.6634994206257242,0.9755596162631338,0.12543336582549214
path_b,Caminho B - Floresta Aleatória,0.6634994206257242,0.9757880310644129,0.1254053320724102
path_b,Caminho B - Floresta Aleatória,0.6653534183082271,0.9757880310644129,0.12480471638489384
path_b,Caminho B - Floresta Aleatória,0.6653534183082271,0.9760164458656921,0.12477380942072616
path_b,Caminho B - Floresta Aleatória,0.6665121668597914,0.9760164458656921,0.12452964296518033
path_b,Caminho B - Floresta Aleatória,0.6665121668597914,0.9762448606669712,0.12452378016016825
path_b,Caminho B - Floresta Aleatória,0.6676709154113557,0.9762448606669712,0.1243087974493373
path_b,Caminho B - Floresta Aleatória,0.6676709154113557,0.9764732754682504,0.12425206912137872
path_b,Caminho B - Floresta Aleatória,0.6699884125144844,0.9764732754682504,0.12351131871704883
path_b,Caminho B - Floresta Aleatória,0.6699884125144844,0.9767016902695295,0.12343625599066703
path_b,Caminho B - Floresta Aleatória,0.6702201622247972,0.9767016902695295,0.12323477605035177
path_b,Caminho B - Floresta Aleatória,0.6702201622247972,0.9769301050708086,0.12321400027758263
path_b,Caminho B - Floresta Aleatória,0.6716106604866744,0.9769301050708086,0.12298533960206533
path_b,Caminho B - Floresta Aleatória,0.6716106604866744,0.9771585198720877,0.12291999244707802
path_b,Caminho B - Floresta Aleatória,0.6720741599073001,0.9771585198720877,0.12278716588085357
path_b,Caminho B - Floresta Aleatória,0.6720741599073001,0.9773869346733668,0.12277074155225207
path_b,Caminho B - Floresta Aleatória,0.6757821552723059,0.9773869346733668,0.12168189412390289
path_b,Caminho B - Floresta Aleatória,0.6757821552723059,0.977615349474646,0.1216022884037078
path_b,Caminho B - Floresta Aleatória,0.6771726535341831,0.977615349474646,0.12119512628011682
path_b,Caminho B - Floresta Aleatória,0.6771726535341831,0.9778437642759251,0.1210140386265441
path_b,Caminho B - Floresta Aleatória,0.6778679026651216,0.9778437642759251,0.12087446203416
path_b,Caminho B - Floresta Aleatória,0.6778679026651216,0.9783005938784833,0.12083075862992378
path_b,Caminho B - Floresta Aleatória,0.6794901506373117,0.9783005938784833,0.11974092452250401
path_b,Caminho B - Floresta Aleatória,0.6794901506373117,0.9785290086797624,0.11973106609106729
path_b,Caminho B - Floresta Aleatória,0.6801853997682503,0.9785290086797624,0.11954812384621032
path_b,Caminho B - Floresta Aleatória,0.6801853997682503,0.9787574234810416,0.11951911705478409
path_b,Caminho B - Floresta Aleatória,0.6820393974507531,0.9787574234810416,0.11900168594938557
path_b,Caminho B - Floresta Aleatória,0.6820393974507531,0.9789858382823207,0.11890953068456396
path_b,Caminho B - Floresta Aleatória,0.6855156431054461,0.9789858382823207,0.1179276958381262
path_b,Caminho B - Floresta Aleatória,0.6855156431054461,0.979442667884879,0.11776497527230714
path_b,Caminho B - Floresta Aleatória,0.6864426419466976,0.979442667884879,0.11758213244138337
path_b,Caminho B - Floresta Aleatória,0.6864426419466976,0.9796710826861581,0.11753304289360589
path_b,Caminho B - Floresta Aleatória,0.6882966396292005,0.9796710826861581,0.11702233768692664
path_b,Caminho B - Floresta Aleatória,0.6882966396292005,0.9798994974874372,0.11698120774731674
path_b,Caminho B - Floresta Aleatória,0.6936268829663963,0.9798994974874372,0.11479342293108298
path_b,Caminho B - Floresta Aleatória,0.6936268829663963,0.9803563270899954,0.11468738002330461
path_b,Caminho B - Floresta Aleatória,0.6966396292004635,0.9803563270899954,0.11408444978668032
path_b,Caminho B - Floresta Aleatória,0.6966396292004635,0.9805847418912745,0.11404435443839749
path_b,Caminho B - Floresta Aleatória,0.6971031286210893,0.9805847418912745,0.11400215630014754
path_b,Caminho B - Floresta Aleatória,0.6971031286210893,0.9810415714938328,0.11386811241068624
path_b,Caminho B - Floresta Aleatória,0.7015063731170336,0.9810415714938328,0.11241814551900661
path_b,Caminho B - Floresta Aleatória,0.7015063731170336,0.981269986295112,0.11238623774169489
path_b,Caminho B - Floresta Aleatória,0.7045191193511008,0.981269986295112,0.11127970407151751
path_b,Caminho B - Floresta Aleatória,0.7045191193511008,0.9814984010963911,0.11118697261909333
path_b,Caminho B - Floresta Aleatória,0.707531865585168,0.9814984010963911,0.1103311676704508
path_b,Caminho B - Floresta Aleatória,0.707531865585168,0.9817268158976702,0.11024948779752328
path_b,Caminho B - Floresta Aleatória,0.7079953650057937,0.9817268158976702,0.11002898279407052
path_b,Caminho B - Floresta Aleatória,0.7079953650057937,0.9819552306989493,0.11001829865338862
path_b,Caminho B - Floresta Aleatória,0.7135573580533024,0.9819552306989493,0.10832318687891462
path_b,Caminho B - Floresta Aleatória,0.7135573580533024,0.9821836455002284,0.1083144351752691
path_b,Caminho B - Floresta Aleatória,0.7151796060254925,0.9821836455002284,0.10797175281808463
path_b,Caminho B - Floresta Aleatória,0.7151796060254925,0.9824120603015075,0.10796701845280011
path_b,Caminho B - Floresta Aleatória,0.7172653534183082,0.9824120603015075,0.10711636752937943
path_b,Caminho B - Floresta Aleatória,0.7172653534183082,0.9826404751027866,0.10707672885470032
path_b,Caminho B - Floresta Aleatória,0.7184241019698725,0.9826404751027866,0.10674125244642625
path_b,Caminho B - Floresta Aleatória,0.7184241019698725,0.9828688899040657,0.10668871724321828
path_b,Caminho B - Floresta Aleatória,0.7228273464658169,0.9828688899040657,0.10557409643998181
path_b,Caminho B - Floresta Aleatória,0.7228273464658169,0.983097304705345,0.10553434609378674
path_b,Caminho B - Floresta Aleatória,0.7230590961761297,0.983097304705345,0.10525563856122629
path_b,Caminho B - Floresta Aleatória,0.7230590961761297,0.9833257195066241,0.1051786603797084
path_b,Caminho B - Floresta Aleatória,0.7251448435689455,0.9833257195066241,0.10467702242808861
path_b,Caminho B - Floresta Aleatória,0.7251448435689455,0.9835541343079032,0.10466803037378884
path_b,Caminho B - Floresta Aleatória,0.7311703360370799,0.9835541343079032,0.10337225484733378
path_b,Caminho B - Floresta Aleatória,0.7311703360370799,0.9837825491091823,0.10333250227681064
path_b,Caminho B - Floresta Aleatória,0.7323290845886443,0.9837825491091823,0.103161128382241
path_b,Caminho B - Floresta Aleatória,0.7323290845886443,0.9840109639104614,0.10313365191631998
path_b,Caminho B - Floresta Aleatória,0.7327925840092699,0.9840109639104614,0.10293725677562346
path_b,Caminho B - Floresta Aleatória,0.7327925840092699,0.9842393787117405,0.10289991863811035
path_b,Caminho B - Floresta Aleatória,0.7332560834298957,0.9842393787117405,0.10269322482907361
path_b,Caminho B - Floresta Aleatória,0.7332560834298957,0.9844677935130196,0.10267295460055875
path_b,Caminho B - Floresta Aleatória,0.7358053302433372,0.9844677935130196,0.10191090986825789
path_b,Caminho B - Floresta Aleatória,0.7358053302433372,0.9846962083142987,0.1018066862879197
path_b,Caminho B - Floresta Aleatória,0.7362688296639629,0.9846962083142987,0.1016829588331401
path_b,Caminho B - Floresta Aleatória,0.7362688296639629,0.9849246231155779,0.10141639072932167
path_b,Caminho B - Floresta Aleatória,0.7418308227114716,0.9849246231155779,0.09937166245964572
path_b,Caminho B - Floresta Aleatória,0.7418308227114716,0.985153037916857,0.09930230360830974
path_b,Caminho B - Floresta Aleatória,0.7448435689455388,0.985153037916857,0.09816489964774508
path_b,Caminho B - Floresta Aleatória,0.7448435689455388,0.9853814527181362,0.09804307709689114
path_b,Caminho B - Floresta Aleatória,0.746234067207416,0.9853814527181362,0.0972949045952586
path_b,Caminho B - Floresta Aleatória,0.746234067207416,0.9856098675194153,0.09728833340857707
path_b,Caminho B - Floresta Aleatória,0.7524913093858633,0.9856098675194153,0.09510674433644192
path_b,Caminho B - Floresta Aleatória,0.7524913093858633,0.9858382823206944,0.09495183964287467
path_b,Caminho B - Floresta Aleatória,0.7536500579374276,0.9858382823206944,0.0941968304749439
path_b,Caminho B - Floresta Aleatória,0.7536500579374276,0.9860666971219735,0.09413512039606482
path_b,Caminho B - Floresta Aleatória,0.7548088064889918,0.9860666971219735,0.0937443801375956
path_b,Caminho B - Floresta Aleatória,0.7548088064889918,0.9862951119232526,0.09371156038593774
path_b,Caminho B - Floresta Aleatória,0.7550405561993048,0.9862951119232526,0.09369774973825121
path_b,Caminho B - Floresta Aleatória,0.7550405561993048,0.9865235267245317,0.09366452821933588
path_b,Caminho B - Floresta Aleatória,0.7559675550405562,0.9865235267245317,0.09316123730224561
path_b,Caminho B - Floresta Aleatória,0.7559675550405562,0.9867519415258109,0.0930216501727051
path_b,Caminho B - Floresta Aleatória,0.7566628041714948,0.9867519415258109,0.09288096644634898
path_b,Caminho B - Floresta Aleatória,0.7566628041714948,0.9872087711283691,0.09283853712512823
path_b,Caminho B - Floresta Aleatória,0.7603707995365006,0.9872087711283691,0.09145828109855124
path_b,Caminho B - Floresta Aleatória,0.7603707995365006,0.9874371859296482,0.0914568738915146
path_b,Caminho B - Floresta Aleatória,0.764542294322132,0.9874371859296482,0.09053493687083372
path_b,Caminho B - Floresta Aleatória,0.764542294322132,0.9876656007309274,0.09048873721356504
path_b,Caminho B - Floresta Aleatória,0.7682502896871379,0.9876656007309274,0.0888072044858803
path_b,Caminho B - Floresta Aleatória,0.7682502896871379,0.9878940155322065,0.08877886260517613
path_b,Caminho B - Floresta Aleatória,0.769640787949015,0.9878940155322065,0.08850938425645011
path_b,Caminho B - Floresta Aleatória,0.769640787949015,0.9881224303334856,0.08844462469032267
path_b,Caminho B - Floresta Aleatória,0.773117033603708,0.9881224303334856,0.08710617292101616
path_b,Caminho B - Floresta Aleatória,0.773117033603708,0.9883508451347647,0.08703844663105517
path_b,Caminho B - Floresta Aleatória,0.7749710312862109,0.9883508451347647,0.08618964909904593
path_b,Caminho B - Floresta Aleatória,0.7749710312862109,0.9885792599360439,0.08611562685095156
path_b,Caminho B - Floresta Aleatória,0.776361529548088,0.9885792599360439,0.08575979039406734
path_b,Caminho B - Floresta Aleatória,0.776361529548088,0.988807674737323,0.08569320223549351
path_b,Caminho B - Floresta Aleatória,0.7765932792584009,0.988807674737323,0.08560354339161833
path_b,Caminho B - Floresta Aleatória,0.7765932792584009,0.9890360895386021,0.08550483115084878
path_b,Caminho B - Floresta Aleatória,0.7772885283893395,0.9890360895386021,0.0852512008411332
path_b,Caminho B - Floresta Aleatória,0.7772885283893395,0.9892645043398812,0.08524154987833092
path_b,Caminho B - Floresta Aleatória,0.7775202780996524,0.9892645043398812,0.08522086013350005
path_b,Caminho B - Floresta Aleatória,0.7775202780996524,0.9894929191411603,0.08513637248771573
path_b,Caminho B - Floresta Aleatória,0.7835457705677867,0.9894929191411603,0.08340660857328029
path_b,Caminho B - Floresta Aleatória,0.7835457705677867,0.9897213339424394,0.08336505594838174
path_b,Caminho B - Floresta Aleatória,0.7842410196987254,0.9897213339424394,0.08317935404362509
path_b,Caminho B - Floresta Aleatória,0.7842410196987254,0.9899497487437185,0.08302801440987874
path_b,Caminho B - Floresta Aleatória,0.7851680185399769,0.9899497487437185,0.0826183056153036
path_b,Caminho B - Floresta Aleatória,0.7851680185399769,0.9901781635449978,0.0826048508825996
path_b,Caminho B - Floresta Aleatória,0.7879490150637312,0.9901781635449978,0.08175093633387345
path_b,Caminho B - Floresta Aleatória,0.7879490150637312,0.9904065783462769,0.08157680833283301
path_b,Caminho B - Floresta Aleatória,0.793279258400927,0.9904065783462769,0.07934441259973947
path_b,Caminho B - Floresta Aleatória,0.793279258400927,0.990634993147556,0.07932305024155487
path_b,Caminho B - Floresta Aleatória,0.7937427578215527,0.990634993147556,0.07912095706804353
path_b,Caminho B - Floresta Aleatória,0.7937427578215527,0.9908634079488351,0.0791189121696785
path_b,Caminho B - Floresta Aleatória,0.7951332560834299,0.9908634079488351,0.07863827324833296
path_b,Caminho B - Floresta Aleatória,0.7951332560834299,0.9910918227501142,0.0785857270936267
path_b,Caminho B - Floresta Aleatória,0.7993047508690614,0.9910918227501142,0.0769632126391735
path_b,Caminho B - Floresta Aleatória,0.7993047508690614,0.9913202375513933,0.07693531440015539
path_b,Caminho B - Floresta Aleatória,0.8013904982618771,0.9913202375513933,0.0760309016338771
path_b,Caminho B - Floresta Aleatória,0.8013904982618771,0.9915486523526724,0.07576497539291457
path_b,Caminho B - Floresta Aleatória,0.8027809965237543,0.9915486523526724,0.07530769547237139
path_b,Caminho B - Floresta Aleatória,0.8027809965237543,0.9917770671539515,0.07528784315471455
path_b,Caminho B - Floresta Aleatória,0.8076477404403245,0.9917770671539515,0.07295988382512793
path_b,Caminho B - Floresta Aleatória,0.8076477404403245,0.9922338967565099,0.07277982410487087
path_b,Caminho B - Floresta Aleatória,0.8090382387022016,0.9922338967565099,0.07234998392317721
path_b,Caminho B - Floresta Aleatória,0.8090382387022016,0.9926907263590681,0.07229225624633782
path_b,Caminho B - Floresta Aleatória,0.8129779837775203,0.9926907263590681,0.07116200061653838
path_b,Caminho B - Floresta Aleatória,0.8129779837775203,0.9929191411603472,0.07108182424046834
path_b,Caminho B - Floresta Aleatória,0.8206257242178447,0.9929191411603472,0.0683979606027041
path_b,Caminho B - Floresta Aleatória,0.8206257242178447,0.9931475559616263,0.06836778135604532
path_b,Caminho B - Floresta Aleatória,0.822016222479722,0.9931475559616263,0.06777096947602336
path_b,Caminho B - Floresta Aleatória,0.822016222479722,0.9933759707629054,0.06774572966614957
path_b,Caminho B - Floresta Aleatória,0.8222479721900348,0.9933759707629054,0.06756055467262327
path_b,Caminho B - Floresta Aleatória,0.8222479721900348,0.9936043855641845,0.0675537540061227
path_b,Caminho B - Floresta Aleatória,0.823638470451912,0.9936043855641845,0.06652424013787374
path_b,Caminho B - Floresta Aleatória,0.823638470451912,0.9938328003654637,0.06648068163153902
path_b,Caminho B - Floresta Aleatória,0.8259559675550405,0.9938328003654637,0.0657579825278842
path_b,Caminho B - Floresta Aleatória,0.8259559675550405,0.9940612151667428,0.06573296453056082
path_b,Caminho B - Floresta Aleatória,0.8326767091541135,0.9940612151667428,0.06312634713097702
path_b,Caminho B - Floresta Aleatória,0.8326767091541135,0.994289629968022,0.06305761912918886
path_b,Caminho B - Floresta Aleatória,0.8368482039397451,0.994289629968022,0.061066704948652024
path_b,Caminho B - Floresta Aleatória,0.8368482039397451,0.9945180447693011,0.061003361295591904
path_b,Caminho B - Floresta Aleatória,0.8407879490150637,0.9945180447693011,0.059355332980570726
path_b,Caminho B - Floresta Aleatória,0.8407879490150637,0.9947464595705802,0.059347697297944986
path_b,Caminho B - Floresta Aleatória,0.8447276940903824,0.9947464595705802,0.05633315833260345
path_b,Caminho B - Floresta Aleatória,0.8447276940903824,0.9949748743718593,0.0562919774338591
path_b,Caminho B - Floresta Aleatória,0.8498261877172654,0.9949748743718593,0.054150577112941786
path_b,Caminho B - Floresta Aleatória,0.8498261877172654,0.9952032891731384,0.05406604828311983
path_b,Caminho B - Floresta Aleatória,0.8516801853997682,0.9952032891731384,0.05312919021258005
path_b,Caminho B - Floresta Aleatória,0.8516801853997682,0.9954317039744175,0.053095114018394965
path_b,Caminho B - Floresta Aleatória,0.8542294322132097,0.9954317039744175,0.05237187202977781
path_b,Caminho B - Floresta Aleatória,0.8542294322132097,0.9958885335769758,0.05231238898358018
path_b,Caminho B - Floresta Aleatória,0.8558516801853998,0.9958885335769758,0.05169642628672455
path_b,Caminho B - Floresta Aleatória,0.8558516801853998,0.9961169483782549,0.051635059981354835
path_b,Caminho B - Floresta Aleatória,0.8581691772885284,0.9961169483782549,0.05040701886544923
path_b,Caminho B - Floresta Aleatória,0.8581691772885284,0.996345363179534,0.050380106001186635
path_b,Caminho B - Floresta Aleatória,0.8593279258400927,0.996345363179534,0.050040095122495666
path_b,Caminho B - Floresta Aleatória,0.8593279258400927,0.9965737779808131,0.049962890440598304
path_b,Caminho B - Floresta Aleatória,0.8644264194669756,0.9965737779808131,0.0480474615771355
path_b,Caminho B - Floresta Aleatória,0.8644264194669756,0.9968021927820923,0.04804236299510017
path_b,Caminho B - Floresta Aleatória,0.8662804171494786,0.9968021927820923,0.047191185929718486
path_b,Caminho B - Floresta Aleatória,0.8662804171494786,0.9970306075833714,0.04716373576418711
path_b,Caminho B - Floresta Aleatória,0.8697566628041715,0.9970306075833714,0.045982126611517876
path_b,Caminho B - Floresta Aleatória,0.8697566628041715,0.9972590223846505,0.045893939351857815
path_b,Caminho B - Floresta Aleatória,0.8702201622247973,0.9972590223846505,0.04573858266917171
path_b,Caminho B - Floresta Aleatória,0.8702201622247973,0.9974874371859297,0.04547827281213128
path_b,Caminho B - Floresta Aleatória,0.8848203939745075,0.9974874371859297,0.039425664370852154
path_b,Caminho B - Floresta Aleatória,0.8848203939745075,0.9977158519872088,0.03921140909476997
path_b,Caminho B - Floresta Aleatória,0.892468134414832,0.9977158519872088,0.03699907490934059
path_b,Caminho B - Floresta Aleatória,0.892468134414832,0.9979442667884879,0.036681225474383454
path_b,Caminho B - Floresta Aleatória,0.9001158748551564,0.9979442667884879,0.03420928778049192
path_b,Caminho B - Floresta Aleatória,0.9001158748551564,0.998172681589767,0.034104049716855434
path_b,Caminho B - Floresta Aleatória,0.9089223638470452,0.998172681589767,0.03023255663745686
path_b,Caminho B - Floresta Aleatória,0.9089223638470452,0.9984010963910461,0.030162180890322493
path_b,Caminho B - Floresta Aleatória,0.9154113557358053,0.9984010963910461,0.02714179980259872
path_b,Caminho B - Floresta Aleatória,0.9154113557358053,0.9986295111923252,0.02704547229674794
path_b,Caminho B - Floresta Aleatória,0.9158748551564311,0.9986295111923252,0.026631475156960786
path_b,Caminho B - Floresta Aleatória,0.9158748551564311,0.9988579259936043,0.026576286233315087
path_b,Caminho B - Floresta Aleatória,0.9172653534183083,0.9988579259936043,0.02592704131745834
path_b,Caminho B - Floresta Aleatória,0.9172653534183083,0.9990863407948835,0.025400679327186086
path_b,Caminho B - Floresta Aleatória,0.936268829663963,0.9990863407948835,0.017666715970996845
path_b,Caminho B - Floresta Aleatória,0.936268829663963,0.9993147555961627,0.017657273837961302
path_b,Caminho B - Floresta Aleatória,0.9483198146002317,0.9993147555961627,0.013207468993426718
path_b,Caminho B - Floresta Aleatória,0.9483198146002317,0.9995431703974418,0.01315195256105877
path_b,Caminho B - Floresta Aleatória,0.9555040556199305,0.9995431703974418,0.01087648028308503
path_b,Caminho B - Floresta Aleatória,0.9555040556199305,0.9997715851987209,0.010855254774028423
path_b,Caminho B - Floresta Aleatória,0.9733487833140209,0.9997715851987209,0.005876417010701278
path_b,Caminho B - Floresta Aleatória,0.9733487833140209,1.0,0.0058032688527321725
path_b,Caminho B - Floresta Aleatória,0.9993047508690615,1.0,0.00013227513227513228
path_b,Caminho B - Floresta Aleatória,1.0,1.0,0.0
